{
    "parent": "item/handheld",
    "textures": {
        "layer0": "item/golden_shovel"
    },
	"overrides": [
		{
		   "predicate": {
		      "damaged": 1,
		      "damage": 0.00
		   },
		   "model": "item/golden_shovel_org"
		},
		{
		   "predicate": {
		      "damaged": 0,
		      "damage": 0.03
		   },
		   "model": "rf:rfblock/bookshelf"
		},
		{
		   "predicate": {
		      "damaged": 0,
		      "damage": 0.06
		   },
		   "model": "rf:rfblock/farm_machine_off"
		},
		{
		   "predicate": {
		      "damaged": 0,
		      "damage": 0.09
		   },
		   "model": "rf:rfblock/farm_machine_on"
		},
		{
		   "predicate": {
		      "damaged": 0,
		      "damage": 0.969696
		   },
		   "model": "item/golden_shovel_org"
		}
	]
}