{
    "parent": "item/handheld",
    "textures": {
        "layer0": "item/golden_axe"
    },
	"overrides": [
		{
		   "predicate": {
		      "damaged": 1,
		      "damage": 0.00
		   },
		   "model": "item/golden_axe_org"
		},
		{
		   "predicate": {
		      "damaged": 0,
		      "damage": 0.03
		   },
		   "model": "rf:rfblock_desk/bottom_oak"
		},
		{
		   "predicate": {
		      "damaged": 0,
		      "damage": 0.06
		   },
		   "model": "rf:rfblock_desk/bottom_spruce"
		},
		{
		   "predicate": {
		      "damaged": 0,
		      "damage": 0.09
		   },
		   "model": "rf:rfblock_desk/bottom_birch"
		},
		{
		   "predicate": {
		      "damaged": 0,
		      "damage": 0.12
		   },
		   "model": "rf:rfblock_desk/bottom_jungle"
		},
		{
		   "predicate": {
		      "damaged": 0,
		      "damage": 0.15
		   },
		   "model": "rf:rfblock_desk/bottom_acacia"
		},
		{
		   "predicate": {
		      "damaged": 0,
		      "damage": 0.18
		   },
		   "model": "rf:rfblock_desk/bottom_dark_oak"
		},
		{
		   "predicate": {
		      "damaged": 0,
		      "damage": 0.21
		   },
		   "model": "rf:rfblock_desk/bottom_oakp"
		},
		{
		   "predicate": {
		      "damaged": 0,
		      "damage": 0.24
		   },
		   "model": "rf:rfblock_desk/bottom_sprucep"
		},
		{
		   "predicate": {
		      "damaged": 0,
		      "damage": 0.27
		   },
		   "model": "rf:rfblock_desk/bottom_birchp"
		},
		{
		   "predicate": {
		      "damaged": 0,
		      "damage": 0.30
		   },
		   "model": "rf:rfblock_desk/bottom_junglep"
		},
		{
		   "predicate": {
		      "damaged": 0,
		      "damage": 0.33
		   },
		   "model": "rf:rfblock_desk/bottom_acaciap"
		},
		{
		   "predicate": {
		      "damaged": 0,
		      "damage": 0.36
		   },
		   "model": "rf:rfblock_desk/bottom_dark_oakp"
		},
		{
		   "predicate": {
		      "damaged": 0,
		      "damage": 0.39
		   },
		   "model": "rf:rfblock_desk/top_oak"
		},
		{
		   "predicate": {
		      "damaged": 0,
		      "damage": 0.42
		   },
		   "model": "rf:rfblock_desk/top_spruce"
		},
		{
		   "predicate": {
		      "damaged": 0,
		      "damage": 0.45
		   },
		   "model": "rf:rfblock_desk/top_birch"
		},
		{
		   "predicate": {
		      "damaged": 0,
		      "damage": 0.48
		   },
		   "model": "rf:rfblock_desk/top_jungle"
		},
		{
		   "predicate": {
		      "damaged": 0,
		      "damage": 0.51
		   },
		   "model": "rf:rfblock_desk/top_acacia"
		},
		{
		   "predicate": {
		      "damaged": 0,
		      "damage": 0.54
		   },
		   "model": "rf:rfblock_desk/top_dark_oak"
		},
		{
		   "predicate": {
		      "damaged": 0,
		      "damage": 0.575757
		   },
		   "model": "rf:rfblock_desk/top_stone"
		},
		{
		   "predicate": {
		      "damaged": 0,
		      "damage": 0.606060
		   },
		   "model": "rf:rfblock_desk/top_cobblestone"
		},
		{
		   "predicate": {
		      "damaged": 0,
		      "damage": 0.636363
		   },
		   "model": "rf:rfblock_desk/top_diorite"
		},
		{
		   "predicate": {
		      "damaged": 0,
		      "damage": 0.666666
		   },
		   "model": "rf:rfblock_desk/top_andesite"
		},
        {
		   "predicate": {
		      "damaged": 0,
		      "damage": 0.696969
		   },
		   "model": "rf:rfblock_desk/top_granite"
		},
		{
		   "predicate": {
		      "damaged": 0,
		      "damage": 0.727272
		   },
		   "model": "rf:rfblock_desk/top_sandstone"
		},
		{
		   "predicate": {
		      "damaged": 0,
		      "damage": 0.757575
		   },
		   "model": "rf:rfblock_desk/bottom_glass"
		},
		{
		   "predicate": {
		      "damaged": 0,
		      "damage": 0.787878
		   },
		   "model": "rf:rfblock_desk/top_glass"
		},
		{
		   "predicate": {
		      "damaged": 0,
		      "damage": 0.818181
		   },
		   "model": "rf:rfblock_desk/top_glass_1"
		},
		{
		   "predicate": {
		      "damaged": 0,
		      "damage": 0.848484
		   },
		   "model": "rf:rfblock/desk_glass"
		},
		{
		   "predicate": {
		      "damaged": 0,
		      "damage": 0.96
		   },
		   "model": "item/golden_hoe_org"
		}
	]
}