{
    "parent": "item/handheld",
    "textures": {
        "layer0": "item/golden_hoe"
    },
	"overrides": [
		{
		   "predicate": {
		      "damaged": 1,
		      "damage": 0.00
		   },
		   "model": "item/golden_hoe_org"
		},
		{
		   "predicate": {
		      "damaged": 0,
		      "damage": 0.03
		   },
		   "model": "rf:block/rfcrafting_table"
		},
		{
		   "predicate": {
		      "damaged": 0,
		      "damage": 0.06
		   },
		   "model": "rf:rfblock/desk_wooden"
		},
		{
		   "predicate": {
		      "damaged": 0,
		      "damage": 0.09
		   },
		   "model": "rf:rfblock/desk_stone"
		},
		{
		   "predicate": {
		      "damaged": 0,
		      "damage": 0.12
		   },
		   "model": "rf:rfblock/chair_oak"
		},
		{
		   "predicate": {
		      "damaged": 0,
		      "damage": 0.15
		   },
		   "model": "rf:rfblock/stall"
		},
		{
		   "predicate": {
		      "damaged": 0,
		      "damage": 0.18
		   },
		   "model": "rf:rfblock/stall_side"
		},
		{
		   "predicate": {
		      "damaged": 0,
		      "damage": 0.21
		   },
		   "model": "rf:rfblock/trash"
		},
		{
		   "predicate": {
		      "damaged": 0,
		      "damage": 0.24
		   },
		   "model": "rf:rfblock/trash_top"
		},
		{
		   "predicate": {
		      "damaged": 0,
		      "damage": 0.27
		   },
		   "model": "rf:rfblock/microwave_oven"
		},
		{
		   "predicate": {
		      "damaged": 0,
		      "damage": 0.30
		   },
		   "model": "rf:rfblock/street_light_bottom"
		},
		{
		   "predicate": {
		      "damaged": 0,
		      "damage": 0.33
		   },
		   "model": "rf:rfblock/street_light_middle"
		},
		{
		   "predicate": {
		      "damaged": 0,
		      "damage": 0.36
		   },
		   "model": "rf:rfblock/street_light_top"
		},
		{
		   "predicate": {
		      "damaged": 0,
		      "damage": 0.39
		   },
		   "model": "rf:rfblock/refrigerator_bottom_left"
		},
		{
		   "predicate": {
		      "damaged": 0,
		      "damage": 0.42
		   },
		   "model": "rf:rfblock/tv"
		},
		{
		   "predicate": {
		      "damaged": 0,
		      "damage": 0.45
		   },
		   "model": "rf:rfblock/tv_1"
		},
		{
		   "predicate": {
		      "damaged": 0,
		      "damage": 0.48
		   },
		   "model": "rf:rfblock/tv_2"
		},
		{
		   "predicate": {
		      "damaged": 0,
		      "damage": 0.51
		   },
		   "model": "rf:rfblock/tv_3"
		},
		{
		   "predicate": {
		      "damaged": 0,
		      "damage": 0.54
		   },
		   "model": "rf:rfblock/tv_4"
		},
		{
		   "predicate": {
		      "damaged": 0,
		      "damage": 0.57
		   },
		   "model": "rf:rfblock/tv_5"
		},
		{
		   "predicate": {
		      "damaged": 0,
		      "damage": 0.60
		   },
		   "model": "rf:rfblock/swivel_chair_bottom"
		},
		{
		   "predicate": {
		      "damaged": 0,
		      "damage": 0.63
		   },
		   "model": "rf:rfblock/swivel_chair_top"
		},
		{
		   "predicate": {
		      "damaged": 0,
		      "damage": 0.666666
		   },
		   "model": "rf:rfblock/refrigerator_top_left"
		},
        {
		   "predicate": {
		      "damaged": 0,
		      "damage": 0.696969
		   },
		   "model": "rf:rfblock/refrigerator_bottom_right"
		},
		{
		   "predicate": {
		      "damaged": 0,
		      "damage": 0.727272
		   },
		   "model": "rf:rfblock/refrigerator_top_right"
		},
		{
		   "predicate": {
		      "damaged": 0,
		      "damage": 0.757575
		   },
		   "model": "rf:rfblock/basin"
		},
		{
		   "predicate": {
		      "damaged": 0,
		      "damage": 0.787878
		   },
		   "model": "rf:rfblock/mine_machine_off"
		},
		{
		   "predicate": {
		      "damaged": 0,
		      "damage": 0.818181
		   },
		   "model": "rf:rfblock/mine_machine_on"
		},
		{
		   "predicate": {
		      "damaged": 0,
		      "damage": 0.848484
		   },
		   "model": "rf:rfblock/chair_spruce"
		},
		{
		   "predicate": {
		      "damaged": 0,
		      "damage": 0.878787
		   },
		   "model": "rf:rfblock/chair_birch"
		},
		{
		   "predicate": {
		      "damaged": 0,
		      "damage": 0.909090
		   },
		   "model": "rf:rfblock/chair_jungle"
		},
		{
		   "predicate": {
		      "damaged": 0,
		      "damage": 0.939393
		   },
		   "model": "rf:rfblock/chair_acacia"
		},
		{
		   "predicate": {
		      "damaged": 0,
		      "damage": 0.969696
		   },
		   "model": "rf:rfblock/chair_dark_oak"
		}
	]
}