{
	"credit": "Made with Blockbench",
	"parent": "cfm:block/ceiling_light",
	"textures": {
		"1": "block/obsidian",
		"2": "block/stone",
		"3": "block/white_stained_glass",
		"particle": "block/stone",
		"5_3": "block/yellow_stained_glass"
	},
	"elements": [
		{
			"from": [6.4, 15, 6.4],
			"to": [9.6, 16, 9.6],
			"faces": {
				"north": {"uv": [6.4, 15, 9.6, 16], "texture": "#1"},
				"east": {"uv": [6.4, 15, 9.6, 16], "texture": "#1"},
				"south": {"uv": [6.4, 15, 9.6, 16], "texture": "#1"},
				"west": {"uv": [6.4, 15, 9.6, 16], "texture": "#1"},
				"up": {"uv": [6.4, 6.4, 9.6, 9.6], "texture": "#1"},
				"down": {"uv": [6.4, 6.4, 9.6, 9.6], "texture": "#1"}
			}
		},
		{
			"from": [7.2, 12, 7.2],
			"to": [8.8, 15, 8.8],
			"faces": {
				"north": {"uv": [7.2, 12, 8.8, 15], "texture": "#2"},
				"east": {"uv": [7.2, 12, 8.8, 15], "texture": "#2"},
				"south": {"uv": [7.2, 12, 8.8, 15], "texture": "#2"},
				"west": {"uv": [7.2, 12, 8.8, 15], "texture": "#2"},
				"up": {"uv": [7.2, 7.2, 8.8, 8.8], "texture": "#2"},
				"down": {"uv": [7.2, 7.2, 8.8, 8.8], "texture": "#2"}
			}
		},
		{
			"from": [6.4, 12, 6.4],
			"to": [9.6, 13, 9.6],
			"faces": {
				"north": {"uv": [6.4, 12, 9.6, 13], "texture": "#2"},
				"east": {"uv": [6.4, 12, 9.6, 13], "texture": "#2"},
				"south": {"uv": [6.4, 12, 9.6, 13], "texture": "#2"},
				"west": {"uv": [6.4, 12, 9.6, 13], "texture": "#2"},
				"up": {"uv": [6.4, 6.4, 9.6, 9.6], "texture": "#2"},
				"down": {"uv": [6.4, 6.4, 9.6, 9.6], "texture": "#2"}
			}
		},
		{
			"from": [5.6, 6.7, 5.6],
			"to": [10.4, 12.3, 10.4],
			"faces": {
				"north": {"uv": [5.6, 7.2, 10.4, 12.8], "texture": "#3"},
				"east": {"uv": [5.6, 7.2, 10.4, 12.8], "texture": "#3"},
				"south": {"uv": [5.6, 7.2, 10.4, 12.8], "texture": "#3"},
				"west": {"uv": [5, 7, 9.8, 12.6], "texture": "#3"},
				"up": {"uv": [5.6, 5.6, 10.4, 10.4], "texture": "#3"},
				"down": {"uv": [5.6, 5.6, 10.4, 10.4], "texture": "#3"}
			}
		},
		{
			"from": [6.4, 8, 6.4],
			"to": [9.6, 12, 9.6],
			"faces": {
				"north": {"uv": [6.4, 8, 9.6, 12], "texture": "#5_3"},
				"east": {"uv": [6.4, 8, 9.6, 12], "texture": "#5_3"},
				"south": {"uv": [6.4, 8, 9.6, 12], "texture": "#5_3"},
				"west": {"uv": [6.4, 8, 9.6, 12], "texture": "#5_3"},
				"up": {"uv": [6.4, 6.4, 9.6, 9.6], "texture": "#5_3"},
				"down": {"uv": [6.4, 6.4, 9.6, 9.6], "texture": "#5_3"}
			}
		},
		{
			"from": [6.4, 8, 6.4],
			"to": [9.6, 12, 9.6],
			"faces": {
				"north": {"uv": [6.4, 8, 9.6, 12], "texture": "#3"},
				"east": {"uv": [6.4, 8, 9.6, 12], "texture": "#3"},
				"south": {"uv": [6.4, 8, 9.6, 12], "texture": "#3"},
				"west": {"uv": [6.4, 8, 9.6, 12], "texture": "#3"},
				"up": {"uv": [6.4, 6.4, 9.6, 9.6], "texture": "#3"},
				"down": {"uv": [6.4, 6.4, 9.6, 9.6], "texture": "#3"}
			}
		}
	],
	"display": {
		"gui": {
			"rotation": [30, 225, 0],
			"translation": [0, -4, 0],
			"scale": [1.2, 1.2, 1.2]
		},
		"ground": {
			"rotation": [0, 0, 0],
			"translation": [0, 0, 0],
			"scale": [0.5, 0.5, 0.5]
		},
		"fixed": {
			"rotation": [0, 0, 0],
			"translation": [0, 0, 0],
			"scale": [0.5, 0.5, 0.5]
		},
		"thirdperson_righthand": {
			"rotation": [75, 45, 0],
			"translation": [0, 2, 0],
			"scale": [0.625, 0.625, 0.625]
		},
		"firstperson_righthand": {
			"rotation": [0, 45, 0],
			"translation": [0, 0, 0],
			"scale": [0.6, 0.6, 0.6]
		},
		"firstperson_lefthand": {
			"rotation": [0, 225, 0],
			"translation": [0, 0, 0],
			"scale": [0.6, 0.6, 0.6]
		},
		"head": {
			"scale": [2.285, 2.285, 2.285],
			"translation": [0, -14.7, 0]
		}
	},
	"groups": [
		{
			"name": "ceiling_light",
			"isOpen": false,
			"shade": true,
			"display": {
				"visibility": true,
				"autouv": true
			},
			"children": [0, 1, 2, 3, 4, 5]
		}
	]
}