{
	"credit": "Made with Blockbench",
	"textures": {
		"0": "rf:line/line_point",
		"2": "rf:line/line_t",
		"particle": "rf:line/line_point"
	},
	"elements": [
		{
			"from": [4, 0, 4],
			"to": [12, 8, 12],
			"faces": {
				"north": {"uv": [4, 4, 12, 12], "texture": "#0"},
				"east": {"uv": [4, 4, 12, 12], "texture": "#0"},
				"south": {"uv": [0, 0, 8, 8], "texture": "#missing"},
				"west": {"uv": [4, 4, 12, 12], "texture": "#0"},
				"up": {"uv": [4, 4, 12, 12], "texture": "#2"},
				"down": {"uv": [4, 12, 12, 4], "texture": "#2"}
			}
		},
		{
			"from": [4, 0, 12],
			"to": [12, 8, 16],
			"faces": {
				"north": {"uv": [0, 0, 8, 8], "texture": "#missing"},
				"east": {"uv": [16, 4, 12, 12], "texture": "#2"},
				"south": {"uv": [4, 4, 12, 12], "texture": "#0"},
				"west": {"uv": [12, 4, 16, 12], "texture": "#2"},
				"up": {"uv": [4, 12, 12, 16], "texture": "#2"},
				"down": {"uv": [4, 16, 12, 12], "texture": "#2"}
			}
		},
		{
			"from": [12, 0, 4],
			"to": [16, 8, 12],
			"rotation": {"angle": 0, "axis": "y", "origin": [14, 4, 8]},
			"faces": {
				"north": {"uv": [16, 4, 12, 12], "texture": "#2"},
				"east": {"uv": [4, 4, 12, 12], "texture": "#0"},
				"south": {"uv": [12, 4, 16, 12], "texture": "#2"},
				"west": {"uv": [0, 0, 8, 8], "texture": "#missing"},
				"up": {"uv": [4, 12, 12, 16], "texture": "#2", "rotation": 270},
				"down": {"uv": [4, 16, 12, 12], "texture": "#2", "rotation": 90}
			}
		},
		{
			"from": [0, 0, 4],
			"to": [4, 8, 12],
			"rotation": {"angle": 0, "axis": "y", "origin": [2, 4, 8]},
			"faces": {
				"north": {"uv": [12, 4, 16, 12], "texture": "#2"},
				"east": {"uv": [0, 0, 8, 8], "texture": "#missing"},
				"south": {"uv": [16, 4, 12, 12], "texture": "#2"},
				"west": {"uv": [4, 4, 12, 12], "texture": "#0"},
				"up": {"uv": [12, 16, 4, 12], "texture": "#2", "rotation": 270},
				"down": {"uv": [12, 12, 4, 16], "texture": "#2", "rotation": 90}
			}
		}
	],
	"display": {
		"thirdperson_righthand": {
			"scale": [0.5, 0.5, 0.5]
		},
		"thirdperson_lefthand": {
			"scale": [0.5, 0.5, 0.5]
		},
		"head": {
			"scale": [2.385, 2.385, 2.385],
			"translation": [0, -14.6, 0]
		}
	},
	"groups": [
		{
			"name": "line_cornet",
			"isOpen": true,
			"shade": true,
			"display": {
				"visibility": true,
				"autouv": true
			},
			"children": [0, 1, 2, 3]
		}
	]
}