{
	"credit": "Made with Blockbench",
	"textures": {
		"0": "block/stone_slab_top",
		"1": "block/stone_slab_top"
	},
	"elements": [
		{
			"from": [0, 0, 0],
			"to": [1.5, 15, 1.5],
			"faces": {
				"north": {"uv": [0, 1, 1.5, 16], "texture": "#0"},
				"east": {"uv": [0, 1, 1.5, 16], "texture": "#0"},
				"south": {"uv": [0, 1, 1.5, 16], "texture": "#0"},
				"west": {"uv": [0, 1, 1.5, 16], "texture": "#0"},
				"up": {"uv": [0, 0, 1.5, 1.5], "texture": "#0"},
				"down": {"uv": [0, 0, 1.5, 1.5], "texture": "#0"}
			}
		},
		{
			"from": [-1, 15, -1],
			"to": [0, 16, 0],
			"rotation": {"angle": 0, "axis": "y", "origin": [7.5, 15.5, -0.5]},
			"faces": {
				"north": {"uv": [0, 0, 1, 1], "texture": "#1"},
				"east": {"uv": [0, 0, 1, 1], "texture": "#1"},
				"south": {"uv": [0, 0, 1, 1], "texture": "#1"},
				"west": {"uv": [0, 0, 1, 1], "texture": "#1"},
				"up": {"uv": [0, 0, 1, 1], "texture": "#1", "rotation": 180},
				"down": {"uv": [0, 0, 1, 1], "texture": "#1", "rotation": 180}
			}
		}
	],
	"display": {
		"thirdperson_righthand": {
			"scale": [0.5, 0.5, 0.5],
			"translation": [4, 3, 4]
		},
		"thirdperson_lefthand": {
			"scale": [0.5, 0.5, 0.5],
			"translation": [-4, 3, 4]
		},
		"firstperson_righthand": {
			"translation": [17, -0.5, 0]
		},
		"firstperson_lefthand": {
			"translation": [2, -0.5, 0]
		},
		"head": {
			"scale": [2.285, 2.285, 2.285],
			"translation": [0, -14.7, 0]
		},
		"ground": {
			"translation": [10, 0, 10]
		},
		"fixed": {
			"translation": [7, 0, 7]
		},
		"gui": {
			"rotation": [30, 45, 0],
			"translation": [10.5, 0, 0]
		}
	},
	"groups": [0,
		{
			"name": "top_glass",
			"isOpen": true,
			"shade": true,
			"display": {
				"visibility": true,
				"autouv": true
			},
			"children": [1]
		}
	]
}