﻿{
	"credit": "Made with Blockbench, a free, modern block model editor by JannisX11",
	"textures": {
		"0": "block/spruce_log",
		"particle": "block/spruce_log"
	},
	"elements": [
		{
			"from": [6, 0, 6],
			"to": [10, 15, 10],
			"faces": {
				"north": {"uv": [0, 0, 13, 4], "texture": "#0", "rotation": 90},
				"east": {"uv": [0, 12, 13, 16], "texture": "#0", "rotation": 90},
				"south": {"uv": [0, 4, 13, 8], "texture": "#0", "rotation": 90},
				"west": {"uv": [0, 8, 13, 12], "texture": "#0", "rotation": 90},
				"up": {"uv": [0, 0, 4, 4], "texture": "#0", "rotation": 90},
				"down": {"uv": [0, 0, 4, 4], "texture": "#0", "rotation": 90}
			}
		}
	],
	"display": {
		"thirdperson_righthand": {
			"scale": [0.5, 0.5, 0.5],
			"rotation": [0, 45, 0]
		},
		"thirdperson_lefthand": {
			"scale": [0.5, 0.5, 0.5],
			"rotation": [0, 45, 0],
			"translation": [0, 0, 0]
		},
		"firstperson_righthand": {
			"rotation": [-15, 30, 0],
			"translation": [0, -2, 0]
		},
		"firstperson_lefthand": {
			"translation": [0, -2, 0],
			"rotation": [-15, 30, 0]
		},
		"head": {
			"scale": [2.285,2.285,2.285],
			"translation": [0, -14.7, 0]
		},
		"fixed": {
			"scale": [0.5, 0.5, 0.5]
		},
		"gui": {
			"scale": [0.5, 0.5, 0.5],
			"rotation": [30, 45, 0],
			"translation": [0, 0, 0]
		}
	}
}