{
	"display": {
		"icon": {
			"item": "minecraft:white_dye",
			"nbt": "{id:\"minecraft:white_dye\",CustomModelData:15471505}"
		},
		"title":{
			"translate": "advancements.rfcraft.b_m.title"
		},
		"description": {
			"translate": "advancements.rfcraft.b_m.description"
		},
		"frame": "task",
        "show_toast": true,
        "announce_to_chat": true,
        "hidden": false
	},
	"parent": "rf:redstone/battery_low",
	"criteria": {
		"battery_middle": {
			"trigger": "minecraft:inventory_changed",
			"conditions": {
				"items": [
					{
						"item" :"minecraft:white_dye",
						"nbt" :"{RImax:64000}"
					}
				]
			}
		}
	}
}