{
	"display": {
		"icon": {
			"item": "minecraft:carrot_on_a_stick",
			"nbt": "{id:\"minecraft:carrot_on_a_stick\",CustomModelData:15471702}"
		},
		"title":{
			"translate": "advancements.rfcraft.em.title"
		},
		"description": {
			"translate": "advancements.rfcraft.em.description"
		},
		"frame": "task",
        "show_toast": true,
        "announce_to_chat": true,
        "hidden": false
	},
	"parent": "rf:redstone/root",
	"criteria": {
		"e_meter": {
			"trigger": "minecraft:inventory_changed",
			"conditions": {
				"items": [
					{
						"item" :"minecraft:carrot_on_a_stick",
						"nbt" :"{id:\"rf:e_meter\"}"
					}
				]
			}
		}
	}
}