{
	"display": {
		"icon": {
			"item": "minecraft:golden_shovel",
			"nbt": "{id:\"minecraft:golden_shovel\",Damage:3}"
		},
		"title":{
			"translate": "advancements.rfcraft.b_l.title"
		},
		"description": {
			"translate": "advancements.rfcraft.b_l.description"
		},
		"frame": "task",
        "show_toast": true,
        "announce_to_chat": true,
        "hidden": false
	},
	"parent": "rf:redstone/root",
	"criteria": {
		"battery_low": {
			"trigger": "minecraft:inventory_changed",
			"conditions": {
				"items": [
					{
						"item" :"minecraft:golden_shovel",
						"nbt" :"{RImax:64000}"
					}
				]
			}
		}
	}
}