{
	"display": {
		"icon": {
			"item": "minecraft:white_dye",
			"nbt": "{id:\"minecraft:white_dye\",CustomModelData:15471502}"
		},
		"title":{
			"translate": "advancements.rfcraft.mc.title"
		},
		"description": {
			"translate": "advancements.rfcraft.mc.description"
		},
		"frame": "task",
        "show_toast": true,
        "announce_to_chat": true,
        "hidden": false
	},
	"parent": "rf:redstone/root",
	"criteria": {
		"machine_core": {
			"trigger": "minecraft:inventory_changed",
			"conditions": {
				"items": [
					{
						"item" :"minecraft:white_dye",
						"nbt" :"{id:\"rf:machine_core\"}"
					}
				]
			}
		}
	}
}