﻿{
	"credit": "Made with Blockbench, a free, modern block model editor by JannisX11",
	"textures": {
		"0": "block/cyan_terracotta",
		"1": "block/sea_lantern",
		"2": "block/anvil",
		"particle": "block/cyan_terracotta"
	},
	"elements": [
		{
			"from": [5, 0, 5],
			"to": [11, 8, 11],
			"faces": {
				"north": {"uv": [5, 4, 11, 12], "texture": "#2"},
				"east": {"uv": [5, 4, 11, 12], "texture": "#2"},
				"south": {"uv": [5, 4, 11, 12], "texture": "#2"},
				"west": {"uv": [5, 4, 11, 12], "texture": "#2"},
				"up": {"uv": [5, 5, 11, 11], "texture": "#2"},
				"down": {"uv": [5, 5, 11, 11], "texture": "#2"}
			}
		},
		{
			"from": [6, 8, 6],
			"to": [10, 16, 10],
			"faces": {
				"north": {"uv": [0, 0, 4, 8], "texture": "#2"},
				"east": {"uv": [0, 0, 4, 8], "texture": "#2"},
				"south": {"uv": [0, 0, 4, 8], "texture": "#2"},
				"west": {"uv": [0, 0, 4, 8], "texture": "#2"},
				"up": {"uv": [0, 0, 4, 4], "texture": "#2"},
				"down": {"uv": [0, 0, 4, 4], "texture": "#2"}
			}
		}
	],
	"display": {
		"thirdperson_righthand": {
			"scale": [0.5, 0.5, 0.5],
			"rotation": [0, 45, 0]
		},
		"gui": {
			"scale": [0.625, 0.625, 0.625],
			"rotation": [30, -45, 0]
		},
		"fixed": {
			"scale": [0.4, 0.4, 0.4],
			"translation": [0, 0.5, 0]
		},
		"firstperson_lefthand": {
			"scale": [0.8, 0.8, 0.8],
			"rotation": [-15, 22.5, 0]
		},
		"firstperson_righthand": {
			"scale": [0.8, 0.8, 0.8],
			"rotation": [-15, 22.5, 0],
			"translation": [0, 0, 0]
		},
		"thirdperson_lefthand": {
			"scale": [0.5, 0.5, 0.5],
			"rotation": [0, 45, 0],
			"translation": [0, 0, 0]
		},
		"head": {
			"scale": [2.4, 2.4, 2.4],
			"translation": [0, -14, 0]
		}
	},
	"groups": [
		{
			"name": "button",
			"isOpen": false,
			"shade": true,
			"display": {
				"visibility": true,
				"autouv": true
			},
			"children": [0, 1]
		}
	]
}