{
	"credit": "Made with Blockbench",
	"textures": {
		"0": "block/observer_top",
		"1": "block/dropper_front_vertical",
		"2": "block/anvil",
		"3": "block/piston_side",
		"4": "block/piston_top",
		"5": "block/furnace_top",
		"6": "block/dispenser_front_vertical",
		"16": "block/furnace_side",
		"2_3": "block/black_concrete",
		"particle": "block/dispenser_front_vertical"
	},
	"elements": [
		{
			"from": [0, 0, 0],
			"to": [16, 16, 16],
			"faces": {
				"north": {"uv": [0, 0, 16, 16], "texture": "#1"},
				"east": {"uv": [0, 0, 16, 16], "texture": "#16"},
				"south": {"uv": [0, 16, 16, 0], "texture": "#0"},
				"west": {"uv": [0, 0, 16, 16], "texture": "#16"},
				"up": {"uv": [0, 0, 16, 16], "texture": "#6"},
				"down": {"uv": [0, 0, 16, 16], "texture": "#5"}
			}
		},
		{
			"from": [5, 9, 16.1],
			"to": [11, 15, 16.2],
			"rotation": {"angle": 0, "axis": "z", "origin": [8, 12, 16.15]},
			"faces": {
				"south": {"uv": [0, 0, 16, 16], "texture": "#3", "rotation": 180}
			}
		},
		{
			"from": [5, 1, 16.1],
			"to": [11, 7, 16.2],
			"rotation": {"angle": 0, "axis": "z", "origin": [8, 4, 16.15]},
			"faces": {
				"south": {"uv": [0, 0, 16, 16], "texture": "#3"}
			}
		},
		{
			"from": [16.1, 9, 5],
			"to": [16.2, 15, 11],
			"rotation": {"angle": 0, "axis": "y", "origin": [8, 8, 8]},
			"faces": {
				"east": {"uv": [0, 0, 16, 16], "texture": "#3", "rotation": 180}
			}
		},
		{
			"from": [16.1, 1, 5],
			"to": [16.2, 7, 11],
			"rotation": {"angle": 0, "axis": "y", "origin": [8, 8, 8]},
			"faces": {
				"east": {"uv": [0, 0, 16, 16], "texture": "#3"}
			}
		},
		{
			"from": [-0.2, 9, 5],
			"to": [-0.1, 15, 11],
			"rotation": {"angle": 0, "axis": "y", "origin": [8, 8, 8]},
			"faces": {
				"west": {"uv": [0, 0, 16, 16], "texture": "#3", "rotation": 180}
			}
		},
		{
			"from": [-0.2, 1, 5],
			"to": [-0.1, 7, 11],
			"rotation": {"angle": 0, "axis": "y", "origin": [8, 8, 8]},
			"faces": {
				"west": {"uv": [0, 0, 16, 16], "texture": "#3"}
			}
		},
		{
			"from": [16.05, 1, 1],
			"to": [16.1, 15, 15],
			"faces": {
				"north": {"uv": [0, 0, 0.05, 14], "texture": "#2"},
				"east": {"uv": [1, 1, 15, 15], "texture": "#2"},
				"south": {"uv": [0, 0, 0.05, 14], "texture": "#2"},
				"west": {"uv": [1, 1, 15, 15], "texture": "#2"},
				"up": {"uv": [0, 0, 0.05, 14], "texture": "#2"},
				"down": {"uv": [0, 0, 0.05, 14], "texture": "#2"}
			}
		},
		{
			"from": [-0.05, 1, 1],
			"to": [0, 15, 15],
			"faces": {
				"north": {"uv": [0, 0, 0.05, 14], "texture": "#2"},
				"east": {"uv": [1, 1, 15, 15], "texture": "#2"},
				"south": {"uv": [0, 0, 0.05, 14], "texture": "#2"},
				"west": {"uv": [1, 1, 15, 15], "texture": "#2"},
				"up": {"uv": [0, 0, 0.05, 14], "texture": "#2"},
				"down": {"uv": [0, 0, 0.05, 14], "texture": "#2"}
			}
		},
		{
			"from": [4, 16, 7],
			"to": [6, 18, 9],
			"rotation": {"angle": 0, "axis": "y", "origin": [5, 17, 8]},
			"faces": {
				"north": {"uv": [0, 0, 16, 16], "texture": "#3", "rotation": 270},
				"east": {"uv": [0, 0, 16, 16], "texture": "#4"},
				"south": {"uv": [0, 0, 16, 16], "texture": "#3", "rotation": 90},
				"west": {"uv": [0, 0, 16, 16], "texture": "#5", "rotation": 180},
				"up": {"uv": [0, 0, 16, 16], "texture": "#3", "rotation": 90},
				"down": {"uv": [0, 0, 16, 16], "texture": "#3", "rotation": 90}
			}
		},
		{
			"from": [10, 16, 7],
			"to": [12, 18, 9],
			"rotation": {"angle": 0, "axis": "y", "origin": [11, 17, 8]},
			"faces": {
				"north": {"uv": [0, 16, 16, 0], "texture": "#3", "rotation": 270},
				"east": {"uv": [16, 0, 0, 16], "texture": "#5"},
				"south": {"uv": [0, 16, 16, 0], "texture": "#3", "rotation": 90},
				"west": {"uv": [16, 0, 0, 16], "texture": "#4", "rotation": 180},
				"up": {"uv": [16, 0, 0, 16], "texture": "#3", "rotation": 270},
				"down": {"uv": [16, 0, 0, 16], "texture": "#3", "rotation": 270}
			}
		},
		{
			"from": [4, 16, 5],
			"to": [6, 18, 7],
			"rotation": {"angle": 0, "axis": "y", "origin": [5, 17, 6]},
			"faces": {
				"north": {"uv": [0, 0, 16, 16], "texture": "#3", "rotation": 270},
				"east": {"uv": [0, 0, 16, 16], "texture": "#4"},
				"south": {"uv": [0, 0, 16, 16], "texture": "#3", "rotation": 90},
				"west": {"uv": [0, 0, 16, 16], "texture": "#5", "rotation": 180},
				"up": {"uv": [0, 0, 16, 16], "texture": "#3", "rotation": 90},
				"down": {"uv": [0, 0, 16, 16], "texture": "#3", "rotation": 90}
			}
		},
		{
			"from": [4, 16, 9],
			"to": [6, 18, 11],
			"rotation": {"angle": 0, "axis": "y", "origin": [5, 17, 10]},
			"faces": {
				"north": {"uv": [0, 0, 16, 16], "texture": "#3", "rotation": 270},
				"east": {"uv": [0, 0, 16, 16], "texture": "#4"},
				"south": {"uv": [0, 0, 16, 16], "texture": "#3", "rotation": 90},
				"west": {"uv": [0, 0, 16, 16], "texture": "#5", "rotation": 180},
				"up": {"uv": [0, 0, 16, 16], "texture": "#3", "rotation": 90},
				"down": {"uv": [0, 0, 16, 16], "texture": "#3", "rotation": 90}
			}
		},
		{
			"from": [10, 16, 5],
			"to": [12, 18, 7],
			"rotation": {"angle": 0, "axis": "y", "origin": [11, 17, 6]},
			"faces": {
				"north": {"uv": [0, 16, 16, 0], "texture": "#3", "rotation": 270},
				"east": {"uv": [16, 0, 0, 16], "texture": "#5"},
				"south": {"uv": [0, 16, 16, 0], "texture": "#3", "rotation": 90},
				"west": {"uv": [16, 0, 0, 16], "texture": "#4", "rotation": 180},
				"up": {"uv": [16, 0, 0, 16], "texture": "#3", "rotation": 270},
				"down": {"uv": [16, 0, 0, 16], "texture": "#3", "rotation": 270}
			}
		},
		{
			"from": [10, 16, 9],
			"to": [12, 18, 11],
			"rotation": {"angle": 0, "axis": "y", "origin": [11, 17, 10]},
			"faces": {
				"north": {"uv": [0, 16, 16, 0], "texture": "#3", "rotation": 270},
				"east": {"uv": [16, 0, 0, 16], "texture": "#5"},
				"south": {"uv": [0, 16, 16, 0], "texture": "#3", "rotation": 90},
				"west": {"uv": [16, 0, 0, 16], "texture": "#4", "rotation": 180},
				"up": {"uv": [16, 0, 0, 16], "texture": "#3", "rotation": 270},
				"down": {"uv": [16, 0, 0, 16], "texture": "#3", "rotation": 270}
			}
		},
		{
			"from": [6, 16, 5],
			"to": [6.1, 18, 11],
			"faces": {
				"north": {"uv": [0, 0, 16, 16], "texture": "#2"},
				"east": {"uv": [0, 0, 16, 16], "texture": "#2"},
				"south": {"uv": [0, 0, 16, 16], "texture": "#2"},
				"west": {"uv": [0, 0, 16, 16], "texture": "#2"},
				"up": {"uv": [0, 0, 16, 16], "texture": "#2"},
				"down": {"uv": [0, 0, 16, 16], "texture": "#2"}
			}
		},
		{
			"from": [9.9, 16, 5],
			"to": [10, 18, 11],
			"faces": {
				"north": {"uv": [0, 0, 16, 16], "texture": "#2"},
				"east": {"uv": [0, 0, 16, 16], "texture": "#2"},
				"south": {"uv": [0, 0, 16, 16], "texture": "#2"},
				"west": {"uv": [0, 0, 16, 16], "texture": "#2"},
				"up": {"uv": [0, 0, 16, 16], "texture": "#2"},
				"down": {"uv": [0, 0, 16, 16], "texture": "#2"}
			}
		},
		{
			"from": [1.5, 16, 12],
			"to": [2.5, 17, 13],
			"rotation": {"angle": 0, "axis": "y", "origin": [2, 16.5, 12.5]},
			"faces": {
				"north": {"uv": [0, 0, 1, 1], "texture": "#2"},
				"east": {"uv": [0, 0, 1, 1], "texture": "#2"},
				"south": {"uv": [0, 0, 1, 1], "texture": "#2"},
				"west": {"uv": [0, 0, 1, 1], "texture": "#2"},
				"up": {"uv": [0, 0, 1, 1], "texture": "#2", "rotation": 270},
				"down": {"uv": [0, 0, 1, 1], "texture": "#2", "rotation": 90}
			}
		},
		{
			"from": [1.75, 16, 4],
			"to": [2.25, 16.5, 12],
			"rotation": {"angle": 0, "axis": "y", "origin": [2, 16.25, 7.75]},
			"faces": {
				"north": {"uv": [0, 0, 0.5, 0.5], "texture": "#2_3"},
				"east": {"uv": [0, 0, 5.5, 0.5], "texture": "#2_3"},
				"south": {"uv": [0, 0, 0.5, 0.5], "texture": "#2_3"},
				"west": {"uv": [0, 0, 5.5, 0.5], "texture": "#2_3"},
				"up": {"uv": [0, 0, 5.5, 0.5], "texture": "#2_3", "rotation": 270},
				"down": {"uv": [0, 0, 5.5, 0.5], "texture": "#2_3", "rotation": 90}
			}
		},
		{
			"from": [1.5, 16, 3],
			"to": [2.5, 17, 4],
			"rotation": {"angle": 0, "axis": "y", "origin": [2, 16.5, 3.5]},
			"faces": {
				"north": {"uv": [0, 0, 1, 1], "texture": "#2"},
				"east": {"uv": [0, 0, 1, 1], "texture": "#2"},
				"south": {"uv": [0, 0, 1, 1], "texture": "#2"},
				"west": {"uv": [0, 0, 1, 1], "texture": "#2"},
				"up": {"uv": [0, 0, 1, 1], "texture": "#2", "rotation": 270},
				"down": {"uv": [0, 0, 1, 1], "texture": "#2", "rotation": 90}
			}
		},
		{
			"from": [13.5, 16, 12],
			"to": [14.5, 17, 13],
			"rotation": {"angle": 0, "axis": "y", "origin": [14, 16.5, 12.5]},
			"faces": {
				"north": {"uv": [0, 0, 1, 1], "texture": "#2"},
				"east": {"uv": [0, 0, 1, 1], "texture": "#2"},
				"south": {"uv": [0, 0, 1, 1], "texture": "#2"},
				"west": {"uv": [0, 0, 1, 1], "texture": "#2"},
				"up": {"uv": [0, 0, 1, 1], "texture": "#2", "rotation": 270},
				"down": {"uv": [0, 0, 1, 1], "texture": "#2", "rotation": 90}
			}
		},
		{
			"from": [13.75, 16, 4],
			"to": [14.25, 16.5, 12],
			"rotation": {"angle": 0, "axis": "y", "origin": [14, 16.25, 7.75]},
			"faces": {
				"north": {"uv": [0, 0, 0.5, 0.5], "texture": "#2_3"},
				"east": {"uv": [0, 0, 5.5, 0.5], "texture": "#2_3"},
				"south": {"uv": [0, 0, 0.5, 0.5], "texture": "#2_3"},
				"west": {"uv": [0, 0, 5.5, 0.5], "texture": "#2_3"},
				"up": {"uv": [0, 0, 5.5, 0.5], "texture": "#2_3", "rotation": 270},
				"down": {"uv": [0, 0, 5.5, 0.5], "texture": "#2_3", "rotation": 90}
			}
		},
		{
			"from": [13.5, 16, 3],
			"to": [14.5, 17, 4],
			"rotation": {"angle": 0, "axis": "y", "origin": [14, 16.5, 3.5]},
			"faces": {
				"north": {"uv": [0, 0, 1, 1], "texture": "#2"},
				"east": {"uv": [0, 0, 1, 1], "texture": "#2"},
				"south": {"uv": [0, 0, 1, 1], "texture": "#2"},
				"west": {"uv": [0, 0, 1, 1], "texture": "#2"},
				"up": {"uv": [0, 0, 1, 1], "texture": "#2", "rotation": 270},
				"down": {"uv": [0, 0, 1, 1], "texture": "#2", "rotation": 90}
			}
		},
		{
			"from": [11.75, 16, 9.5],
			"to": [13.75, 16.5, 10],
			"rotation": {"angle": 0, "axis": "y", "origin": [13, 16.25, 9.75]},
			"faces": {
				"north": {"uv": [0, 0, 0.5, 0.5], "texture": "#2_3"},
				"east": {"uv": [0, 0, 5.5, 0.5], "texture": "#2_3"},
				"south": {"uv": [0, 0, 0.5, 0.5], "texture": "#2_3"},
				"west": {"uv": [0, 0, 5.5, 0.5], "texture": "#2_3"},
				"up": {"uv": [0, 0, 5.5, 0.5], "texture": "#2_3", "rotation": 270},
				"down": {"uv": [0, 0, 5.5, 0.5], "texture": "#2_3", "rotation": 90}
			}
		},
		{
			"from": [11.75, 16, 6],
			"to": [13.75, 16.5, 6.5],
			"rotation": {"angle": 0, "axis": "y", "origin": [13, 16.25, 6.25]},
			"faces": {
				"north": {"uv": [0, 0, 0.5, 0.5], "texture": "#2_3"},
				"east": {"uv": [0, 0, 5.5, 0.5], "texture": "#2_3"},
				"south": {"uv": [0, 0, 0.5, 0.5], "texture": "#2_3"},
				"west": {"uv": [0, 0, 5.5, 0.5], "texture": "#2_3"},
				"up": {"uv": [0, 0, 5.5, 0.5], "texture": "#2_3", "rotation": 270},
				"down": {"uv": [0, 0, 5.5, 0.5], "texture": "#2_3", "rotation": 90}
			}
		},
		{
			"from": [2.25, 16, 9.5],
			"to": [4.25, 16.5, 10],
			"rotation": {"angle": 0, "axis": "y", "origin": [3.5, 16.25, 9.75]},
			"faces": {
				"north": {"uv": [0, 0, 0.5, 0.5], "texture": "#2_3"},
				"east": {"uv": [0, 0, 5.5, 0.5], "texture": "#2_3"},
				"south": {"uv": [0, 0, 0.5, 0.5], "texture": "#2_3"},
				"west": {"uv": [0, 0, 5.5, 0.5], "texture": "#2_3"},
				"up": {"uv": [0, 0, 5.5, 0.5], "texture": "#2_3", "rotation": 270},
				"down": {"uv": [0, 0, 5.5, 0.5], "texture": "#2_3", "rotation": 90}
			}
		},
		{
			"from": [2.25, 16, 6],
			"to": [4.25, 16.5, 6.5],
			"rotation": {"angle": 0, "axis": "y", "origin": [3.5, 16.25, 6.25]},
			"faces": {
				"north": {"uv": [0, 0, 0.5, 0.5], "texture": "#2_3"},
				"east": {"uv": [0, 0, 5.5, 0.5], "texture": "#2_3"},
				"south": {"uv": [0, 0, 0.5, 0.5], "texture": "#2_3"},
				"west": {"uv": [0, 0, 5.5, 0.5], "texture": "#2_3"},
				"up": {"uv": [0, 0, 5.5, 0.5], "texture": "#2_3", "rotation": 270},
				"down": {"uv": [0, 0, 5.5, 0.5], "texture": "#2_3", "rotation": 90}
			}
		}
	],
	"display": {
		"head": {
			"scale": [2.287, 2.287, 2.287],
			"translation": [0, -51.2, 0]
		},
		"thirdperson_righthand": {
			"scale": [0.3, 0.3, 0.3],
			"rotation": [30, 45, 0]
		},
		"thirdperson_lefthand": {
			"scale": [0.3, 0.3, 0.3],
			"rotation": [30, 45, 0]
		},
		"firstperson_righthand": {
			"scale": [0.5, 0.5, 0.5],
			"rotation": [0, 90, 0]
		},
		"firstperson_lefthand": {
			"scale": [0.5, 0.5, 0.5],
			"rotation": [0, 90, 0]
		},
		"ground": {
			"scale": [0.4, 0.4, 0.4],
			"translation": [0, -1, 0]
		},
		"fixed": {
			"scale": [0.625, 0.625, 0.625],
			"rotation": [0, 0, 0],
			"translation": [0, -2, 0]
		},
		"gui": {
			"scale": [0.625, 0.625, 0.625],
			"rotation": [30, 135, 0],
			"translation": [0, 0, 0]
		}
	}
}