{
	"credit": "Made with Blockbench",
	"textures": {
		"0": "block/observer_top",
		"1": "item/lava_bucket",
		"3": "block/black_concrete",
		"4": "block/furnace_top",
		"5": "block/observer_back",
		"6": "block/observer_side",
		"7": "block/obsidian",
		"2_4": "block/anvil"
	},
	"elements": [
		{
			"from": [6, 0, 6],
			"to": [10, 2, 10],
			"faces": {
				"north": {"uv": [0, 0, 4, 2], "texture": "#5"},
				"east": {"uv": [0, 0, 4, 2], "texture": "#5"},
				"south": {"uv": [0, 0, 4, 2], "texture": "#5"},
				"west": {"uv": [0, 0, 4, 2], "texture": "#5"},
				"up": {"uv": [0, 0, 4, 4], "texture": "#5"},
				"down": {"uv": [6, 6, 10, 10], "texture": "#5"}
			}
		},
		{
			"from": [0, 0, 0],
			"to": [6, 2, 16],
			"faces": {
				"north": {"uv": [10, 14, 16, 16], "texture": "#7"},
				"east": {"uv": [0, 0, 16, 2], "texture": "#7"},
				"south": {"uv": [0, 14, 6, 16], "texture": "#7"},
				"west": {"uv": [0, 14, 16, 16], "texture": "#7"},
				"up": {"uv": [0, 0, 6, 16], "texture": "#7"},
				"down": {"uv": [0, 0, 6, 16], "texture": "#7"}
			}
		},
		{
			"from": [10, 0, 0],
			"to": [16, 2, 16],
			"faces": {
				"north": {"uv": [0, 14, 6, 16], "texture": "#7"},
				"east": {"uv": [0, 14, 16, 16], "texture": "#7"},
				"south": {"uv": [10, 14, 16, 16], "texture": "#7"},
				"west": {"uv": [0, 0, 16, 2], "texture": "#7"},
				"up": {"uv": [10, 0, 16, 16], "texture": "#7"},
				"down": {"uv": [10, 0, 16, 16], "texture": "#7"}
			}
		},
		{
			"from": [6, 0, 10],
			"to": [10, 2, 16],
			"faces": {
				"north": {"uv": [0, 0, 4, 2], "texture": "#7"},
				"east": {"uv": [0, 0, 6, 2], "texture": "#7"},
				"south": {"uv": [6, 14, 10, 16], "texture": "#7"},
				"west": {"uv": [0, 0, 6, 2], "texture": "#7"},
				"up": {"uv": [6, 10, 10, 16], "texture": "#7"},
				"down": {"uv": [6, 0, 10, 6], "texture": "#7"}
			}
		},
		{
			"from": [6, 0, 0],
			"to": [10, 2, 6],
			"faces": {
				"north": {"uv": [6, 14, 10, 16], "texture": "#7"},
				"east": {"uv": [0, 0, 6, 2], "texture": "#7"},
				"south": {"uv": [0, 0, 4, 2], "texture": "#7"},
				"west": {"uv": [0, 0, 6, 2], "texture": "#7"},
				"up": {"uv": [6, 0, 10, 6], "texture": "#7"},
				"down": {"uv": [6, 10, 10, 16], "texture": "#7"}
			}
		},
		{
			"from": [0, 2, 0],
			"to": [16, 16, 16],
			"faces": {
				"north": {"uv": [0, 0, 16, 14], "texture": "#6"},
				"east": {"uv": [0, 0, 16, 14], "texture": "#0"},
				"south": {"uv": [0, 0, 16, 14], "texture": "#6"},
				"west": {"uv": [0, 0, 16, 14], "texture": "#0"},
				"up": {"uv": [0, 0, 16, 16], "texture": "#4"},
				"down": {"uv": [0, 0, 16, 16], "texture": "#5"}
			}
		},
		{
			"from": [-0.1, 1, 0],
			"to": [0, 17, 16],
			"faces": {
				"west": {"uv": [0, 0, 16, 16], "texture": "#1"}
			}
		},
		{
			"from": [16, 1, 0],
			"to": [16.1, 17, 16],
			"faces": {
				"east": {"uv": [0, 0, 16, 16], "texture": "#1"}
			}
		},
		{
			"from": [4, 16, 11.75],
			"to": [12, 16.5, 12.25],
			"faces": {
				"north": {"uv": [0, 0, 5.5, 0.5], "texture": "#3"},
				"east": {"uv": [0, 0, 0.5, 0.5], "texture": "#3"},
				"south": {"uv": [0, 0, 5.5, 0.5], "texture": "#3"},
				"west": {"uv": [0, 0, 0.5, 0.5], "texture": "#3"},
				"up": {"uv": [0, 0, 5.5, 0.5], "texture": "#3"},
				"down": {"uv": [0, 0, 5.5, 0.5], "texture": "#3"}
			}
		},
		{
			"from": [3, 16, 11.5],
			"to": [4, 17, 12.5],
			"faces": {
				"north": {"uv": [0, 0, 1, 1], "texture": "#2_4"},
				"east": {"uv": [0, 0, 1, 1], "texture": "#2_4"},
				"south": {"uv": [0, 0, 1, 1], "texture": "#2_4"},
				"west": {"uv": [0, 0, 1, 1], "texture": "#2_4"},
				"up": {"uv": [0, 0, 1, 1], "texture": "#2_4"},
				"down": {"uv": [0, 0, 1, 1], "texture": "#2_4"}
			}
		},
		{
			"from": [12, 16, 11.5],
			"to": [13, 17, 12.5],
			"faces": {
				"north": {"uv": [0, 0, 1, 1], "texture": "#2_4"},
				"east": {"uv": [0, 0, 1, 1], "texture": "#2_4"},
				"south": {"uv": [0, 0, 1, 1], "texture": "#2_4"},
				"west": {"uv": [0, 0, 1, 1], "texture": "#2_4"},
				"up": {"uv": [0, 0, 1, 1], "texture": "#2_4"},
				"down": {"uv": [0, 0, 1, 1], "texture": "#2_4"}
			}
		},
		{
			"from": [4, 16, 3.75],
			"to": [12, 16.5, 4.25],
			"faces": {
				"north": {"uv": [0, 0, 5.5, 0.5], "texture": "#3"},
				"east": {"uv": [0, 0, 0.5, 0.5], "texture": "#3"},
				"south": {"uv": [0, 0, 5.5, 0.5], "texture": "#3"},
				"west": {"uv": [0, 0, 0.5, 0.5], "texture": "#3"},
				"up": {"uv": [0, 0, 5.5, 0.5], "texture": "#3"},
				"down": {"uv": [0, 0, 5.5, 0.5], "texture": "#3"}
			}
		},
		{
			"from": [3, 16, 3.5],
			"to": [4, 17, 4.5],
			"faces": {
				"north": {"uv": [0, 0, 1, 1], "texture": "#2_4"},
				"east": {"uv": [0, 0, 1, 1], "texture": "#2_4"},
				"south": {"uv": [0, 0, 1, 1], "texture": "#2_4"},
				"west": {"uv": [0, 0, 1, 1], "texture": "#2_4"},
				"up": {"uv": [0, 0, 1, 1], "texture": "#2_4"},
				"down": {"uv": [0, 0, 1, 1], "texture": "#2_4"}
			}
		},
		{
			"from": [12, 16, 3.5],
			"to": [13, 17, 4.5],
			"faces": {
				"north": {"uv": [0, 0, 1, 1], "texture": "#2_4"},
				"east": {"uv": [0, 0, 1, 1], "texture": "#2_4"},
				"south": {"uv": [0, 0, 1, 1], "texture": "#2_4"},
				"west": {"uv": [0, 0, 1, 1], "texture": "#2_4"},
				"up": {"uv": [0, 0, 1, 1], "texture": "#2_4"},
				"down": {"uv": [0, 0, 1, 1], "texture": "#2_4"}
			}
		}
	],
	"display": {
		"head": {
			"scale": [2.285, 2.285, 2.285],
			"translation": [0, -14.7, 0]
		},
		"thirdperson_righthand": {
			"scale": [0.3, 0.3, 0.3],
			"rotation": [30, 45, 0]
		},
		"thirdperson_lefthand": {
			"scale": [0.3, 0.3, 0.3],
			"rotation": [30, 45, 0]
		},
		"firstperson_righthand": {
			"scale": [0.5, 0.5, 0.5],
			"rotation": [0, 30, 0],
			"translation": [0, 1, 0]
		},
		"firstperson_lefthand": {
			"scale": [0.5, 0.5, 0.5],
			"rotation": [0, 30, 0],
			"translation": [0, 1, 0]
		},
		"ground": {
			"scale": [0.4, 0.4, 0.4],
			"translation": [0, -1, 0]
		},
		"fixed": {
			"scale": [0.625, 0.625, 0.625],
			"rotation": [0, 90, 0],
			"translation": [0, -2, 0]
		},
		"gui": {
			"scale": [0.625, 0.625, 0.625],
			"rotation": [30, 45, 0],
			"translation": [0, 0, 0]
		}
	}
}