{
	"credit": "Made with Blockbench",
	"textures": {
		"0": "block/anvil",
		"2": "block/furnace_top",
		"3": "item/redstone",
		"13": "block/observer_top",
		"16": "block/furnace_side",
		"2_3": "block/black_concrete"
	},
	"elements": [
		{
			"from": [1, 1, 0],
			"to": [15, 15, 16],
			"faces": {
				"north": {"uv": [1, 1, 15, 15], "texture": "#16"},
				"east": {"uv": [0, 0, 16, 14], "texture": "#16"},
				"south": {"uv": [1, 1, 15, 15], "texture": "#13"},
				"west": {"uv": [0, 0, 16, 14], "texture": "#16"},
				"up": {"uv": [0, 0, 14, 16], "texture": "#2"},
				"down": {"uv": [0, 0, 14, 16], "texture": "#2"}
			}
		},
		{
			"from": [0, 0, 0],
			"to": [1, 16, 16],
			"faces": {
				"north": {"uv": [15, 0, 16, 16], "texture": "#0"},
				"east": {"uv": [0, 0, 16, 16], "texture": "#0"},
				"south": {"uv": [0, 0, 1, 16], "texture": "#0"},
				"west": {"uv": [0, 0, 16, 16], "texture": "#0"},
				"up": {"uv": [15, 0, 16, 16], "texture": "#2"},
				"down": {"uv": [15, 0, 16, 16], "texture": "#0"}
			}
		},
		{
			"from": [15, 0, 0],
			"to": [16, 16, 16],
			"faces": {
				"north": {"uv": [0, 0, 1, 16], "texture": "#0"},
				"east": {"uv": [0, 0, 16, 16], "texture": "#0"},
				"south": {"uv": [15, 0, 16, 16], "texture": "#0"},
				"west": {"uv": [0, 0, 16, 16], "texture": "#0"},
				"up": {"uv": [0, 0, 1, 16], "texture": "#2"},
				"down": {"uv": [0, 0, 1, 16], "texture": "#0"}
			}
		},
		{
			"from": [1, 15, 0],
			"to": [15, 16, 16],
			"faces": {
				"north": {"uv": [1, 0, 15, 1], "texture": "#0"},
				"east": {"uv": [0, 0, 16, 1], "texture": "#missing"},
				"south": {"uv": [1, 0, 15, 1], "texture": "#0"},
				"west": {"uv": [0, 0, 16, 1], "texture": "#missing"},
				"up": {"uv": [1, 0, 15, 16], "texture": "#2"},
				"down": {"uv": [1, 0, 15, 16], "texture": "#2"}
			}
		},
		{
			"from": [1, 0, 0],
			"to": [15, 1, 16],
			"faces": {
				"north": {"uv": [1, 15, 15, 16], "texture": "#0"},
				"east": {"uv": [0, 0, 16, 1], "texture": "#missing"},
				"south": {"uv": [1, 15, 15, 16], "texture": "#0"},
				"west": {"uv": [0, 0, 16, 1], "texture": "#missing"},
				"up": {"uv": [1, 0, 15, 16], "texture": "#0"},
				"down": {"uv": [1, 0, 15, 16], "texture": "#0"}
			}
		},
		{
			"from": [0, 0, -0.1],
			"to": [16, 16, 0],
			"faces": {
				"north": {"uv": [0, 0, 16, 16], "texture": "#3"}
			}
		},
		{
			"from": [3, 16, 2],
			"to": [4, 17, 3],
			"faces": {
				"north": {"uv": [0, 0, 1, 1], "texture": "#0"},
				"east": {"uv": [0, 0, 1, 1], "texture": "#0"},
				"south": {"uv": [0, 0, 1, 1], "texture": "#0"},
				"west": {"uv": [0, 0, 1, 1], "texture": "#0"},
				"up": {"uv": [0, 0, 1, 1], "texture": "#0"},
				"down": {"uv": [0, 0, 1, 1], "texture": "#0"}
			}
		},
		{
			"from": [12.25, 16, 3],
			"to": [12.75, 16.5, 13],
			"rotation": {"angle": 0, "axis": "y", "origin": [12.5, 16.25, 8]},
			"faces": {
				"north": {"uv": [0, 0, 0.5, 0.5], "texture": "#2_3"},
				"east": {"uv": [0, 0, 5.5, 0.5], "texture": "#2_3"},
				"south": {"uv": [0, 0, 0.5, 0.5], "texture": "#2_3"},
				"west": {"uv": [0, 0, 5.5, 0.5], "texture": "#2_3"},
				"up": {"uv": [0, 0, 5.5, 0.5], "texture": "#2_3", "rotation": 90},
				"down": {"uv": [0, 0, 5.5, 0.5], "texture": "#2_3", "rotation": 270}
			}
		},
		{
			"from": [12, 16, 2],
			"to": [13, 17, 3],
			"faces": {
				"north": {"uv": [0, 0, 1, 1], "texture": "#0"},
				"east": {"uv": [0, 0, 1, 1], "texture": "#0"},
				"south": {"uv": [0, 0, 1, 1], "texture": "#0"},
				"west": {"uv": [0, 0, 1, 1], "texture": "#0"},
				"up": {"uv": [0, 0, 1, 1], "texture": "#0"},
				"down": {"uv": [0, 0, 1, 1], "texture": "#0"}
			}
		},
		{
			"from": [3, 16, 13],
			"to": [4, 17, 14],
			"faces": {
				"north": {"uv": [0, 0, 1, 1], "texture": "#0"},
				"east": {"uv": [0, 0, 1, 1], "texture": "#0"},
				"south": {"uv": [0, 0, 1, 1], "texture": "#0"},
				"west": {"uv": [0, 0, 1, 1], "texture": "#0"},
				"up": {"uv": [0, 0, 1, 1], "texture": "#0"},
				"down": {"uv": [0, 0, 1, 1], "texture": "#0"}
			}
		},
		{
			"from": [3.25, 16, 3],
			"to": [3.75, 16.5, 13],
			"rotation": {"angle": 0, "axis": "y", "origin": [3.5, 16.25, 8]},
			"faces": {
				"north": {"uv": [0, 0, 0.5, 0.5], "texture": "#2_3"},
				"east": {"uv": [0, 0, 5.5, 0.5], "texture": "#2_3"},
				"south": {"uv": [0, 0, 0.5, 0.5], "texture": "#2_3"},
				"west": {"uv": [0, 0, 5.5, 0.5], "texture": "#2_3"},
				"up": {"uv": [0, 0, 5.5, 0.5], "texture": "#2_3", "rotation": 90},
				"down": {"uv": [0, 0, 5.5, 0.5], "texture": "#2_3", "rotation": 270}
			}
		},
		{
			"from": [12, 16, 13],
			"to": [13, 17, 14],
			"faces": {
				"north": {"uv": [0, 0, 1, 1], "texture": "#0"},
				"east": {"uv": [0, 0, 1, 1], "texture": "#0"},
				"south": {"uv": [0, 0, 1, 1], "texture": "#0"},
				"west": {"uv": [0, 0, 1, 1], "texture": "#0"},
				"up": {"uv": [0, 0, 1, 1], "texture": "#0"},
				"down": {"uv": [0, 0, 1, 1], "texture": "#0"}
			}
		},
		{
			"from": [-1, 2, 7.5],
			"to": [0, 3, 8.5],
			"rotation": {"angle": 0, "axis": "z", "origin": [-0.5, 2.5, 8]},
			"faces": {
				"north": {"uv": [0, 0, 1, 1], "texture": "#0", "rotation": 90},
				"east": {"uv": [0, 0, 1, 1], "texture": "#0", "rotation": 270},
				"south": {"uv": [0, 0, 1, 1], "texture": "#0", "rotation": 270},
				"west": {"uv": [0, 0, 1, 1], "texture": "#0", "rotation": 270},
				"up": {"uv": [0, 0, 1, 1], "texture": "#0", "rotation": 270},
				"down": {"uv": [0, 0, 1, 1], "texture": "#0", "rotation": 270}
			}
		},
		{
			"from": [-0.5, 3, 7.75],
			"to": [0, 13, 8.25],
			"rotation": {"angle": 0, "axis": "z", "origin": [-0.25, 8, 8]},
			"faces": {
				"north": {"uv": [0, 0, 5.5, 0.5], "texture": "#2_3", "rotation": 90},
				"east": {"uv": [0, 0, 5.5, 0.5], "texture": "#2_3", "rotation": 270},
				"south": {"uv": [0, 0, 5.5, 0.5], "texture": "#2_3", "rotation": 270},
				"west": {"uv": [0, 0, 5.5, 0.5], "texture": "#2_3", "rotation": 270},
				"up": {"uv": [0, 0, 0.5, 0.5], "texture": "#2_3", "rotation": 270},
				"down": {"uv": [0, 0, 0.5, 0.5], "texture": "#2_3", "rotation": 270}
			}
		},
		{
			"from": [-1, 13, 7.5],
			"to": [0, 14, 8.5],
			"rotation": {"angle": 0, "axis": "z", "origin": [-0.5, 13.5, 8]},
			"faces": {
				"north": {"uv": [0, 0, 1, 1], "texture": "#0", "rotation": 90},
				"east": {"uv": [0, 0, 1, 1], "texture": "#0", "rotation": 270},
				"south": {"uv": [0, 0, 1, 1], "texture": "#0", "rotation": 270},
				"west": {"uv": [0, 0, 1, 1], "texture": "#0", "rotation": 270},
				"up": {"uv": [0, 0, 1, 1], "texture": "#0", "rotation": 270},
				"down": {"uv": [0, 0, 1, 1], "texture": "#0", "rotation": 270}
			}
		},
		{
			"from": [16, 2, 7.5],
			"to": [17, 3, 8.5],
			"rotation": {"angle": 0, "axis": "z", "origin": [16.5, 2.5, 8]},
			"faces": {
				"north": {"uv": [0, 0, 1, 1], "texture": "#0", "rotation": 90},
				"east": {"uv": [0, 0, 1, 1], "texture": "#0", "rotation": 270},
				"south": {"uv": [0, 0, 1, 1], "texture": "#0", "rotation": 270},
				"west": {"uv": [0, 0, 1, 1], "texture": "#0", "rotation": 270},
				"up": {"uv": [0, 0, 1, 1], "texture": "#0", "rotation": 270},
				"down": {"uv": [0, 0, 1, 1], "texture": "#0", "rotation": 270}
			}
		},
		{
			"from": [16, 3, 7.75],
			"to": [16.5, 13, 8.25],
			"rotation": {"angle": 0, "axis": "z", "origin": [16.25, 8, 8]},
			"faces": {
				"north": {"uv": [0, 0, 5.5, 0.5], "texture": "#2_3", "rotation": 90},
				"east": {"uv": [0, 0, 5.5, 0.5], "texture": "#2_3", "rotation": 270},
				"south": {"uv": [0, 0, 5.5, 0.5], "texture": "#2_3", "rotation": 270},
				"west": {"uv": [0, 0, 5.5, 0.5], "texture": "#2_3", "rotation": 270},
				"up": {"uv": [0, 0, 0.5, 0.5], "texture": "#2_3", "rotation": 270},
				"down": {"uv": [0, 0, 0.5, 0.5], "texture": "#2_3", "rotation": 270}
			}
		},
		{
			"from": [16, 13, 7.5],
			"to": [17, 14, 8.5],
			"rotation": {"angle": 0, "axis": "z", "origin": [16.5, 13.5, 8]},
			"faces": {
				"north": {"uv": [0, 0, 1, 1], "texture": "#0", "rotation": 90},
				"east": {"uv": [0, 0, 1, 1], "texture": "#0", "rotation": 270},
				"south": {"uv": [0, 0, 1, 1], "texture": "#0", "rotation": 270},
				"west": {"uv": [0, 0, 1, 1], "texture": "#0", "rotation": 270},
				"up": {"uv": [0, 0, 1, 1], "texture": "#0", "rotation": 270},
				"down": {"uv": [0, 0, 1, 1], "texture": "#0", "rotation": 270}
			}
		}
	],
	"display": {
		"head": {
			"scale": [2.287, 2.287, 2.287],
			"translation": [0, -51.2, 0]
		},
		"thirdperson_righthand": {
			"scale": [0.3, 0.3, 0.3],
			"rotation": [30, 45, 0]
		},
		"thirdperson_lefthand": {
			"scale": [0.3, 0.3, 0.3],
			"rotation": [30, 45, 0]
		},
		"firstperson_righthand": {
			"scale": [0.5, 0.5, 0.5],
			"rotation": [-3, -75, 0],
			"translation": [0, 1, 0]
		},
		"firstperson_lefthand": {
			"scale": [0.5, 0.5, 0.5],
			"rotation": [-3, -60, 0],
			"translation": [0, 1.5, 0]
		},
		"ground": {
			"scale": [0.4, 0.4, 0.4],
			"translation": [0, -1, 0]
		},
		"fixed": {
			"scale": [0.625, 0.625, 0.625],
			"rotation": [0, 0, 0],
			"translation": [0, -2, 0]
		},
		"gui": {
			"scale": [0.625, 0.625, 0.625],
			"rotation": [30, 135, 0],
			"translation": [0, 0, 0]
		}
	}
}