{
	"credit": "Made with Blockbench",
	"textures": {
		"0": "block/polished_diorite",
		"1": "block/black_stained_glass",
		"2": "block/black_concrete",
		"3": "block/stone",
		"4": "block/red_concrete",
		"6": "block/anvil",
		"particle": "block/polished_diorite"
	},
	"elements": [
		{
			"name": "burner_1",
			"from": [9, 15.5, 3],
			"to": [13, 16.5, 7],
			"faces": {
				"north": {"uv": [0, 0, 4, 1], "texture": "#6"},
				"east": {"uv": [0, 0, 4, 1], "texture": "#6"},
				"south": {"uv": [0, 0, 4, 1], "texture": "#6"},
				"west": {"uv": [0, 0, 4, 1], "texture": "#6"},
				"up": {"uv": [0, 2, 4, 6], "texture": "#6", "rotation": 90}
			}
		},
		{
			"name": "backing_top",
			"from": [0.1, 16, 15],
			"to": [16.1, 17, 16],
			"faces": {
				"north": {"uv": [0, 0, 16, 1], "texture": "#3"},
				"east": {"uv": [0, 0, 1, 1], "texture": "#3"},
				"south": {"uv": [0, 13, 16, 14], "texture": "#3"},
				"west": {"uv": [0, 0, 1, 1], "texture": "#3"},
				"up": {"uv": [0, 0, 1, 16], "texture": "#3", "rotation": 90},
				"down": {"uv": [0, 0, 1, 16], "texture": "#3", "rotation": 270}
			}
		},
		{
			"from": [0, 0, 0],
			"to": [16, 16, 16],
			"faces": {
				"north": {"uv": [0, 0, 16, 16], "texture": "#0"},
				"east": {"uv": [0, 0, 16, 16], "texture": "#0"},
				"south": {"uv": [0, 0, 16, 16], "texture": "#0"},
				"west": {"uv": [0, 0, 16, 16], "texture": "#0"},
				"up": {"uv": [0, 0, 16, 16], "texture": "#0", "rotation": 90},
				"down": {"uv": [0, 0, 16, 16], "texture": "#0", "rotation": 270}
			}
		},
		{
			"from": [2, 0.5, -0.5],
			"to": [14, 12.5, 0.1],
			"faces": {
				"north": {"uv": [0, 0, 16, 16], "texture": "#1"},
				"east": {"uv": [0, 0, 0.6, 12], "texture": "#1"},
				"south": {"uv": [0, 0, 16, 16], "texture": "#1"},
				"west": {"uv": [0, 0, 0.6, 12], "texture": "#1"},
				"up": {"uv": [0, 0, 0.6, 12], "texture": "#1", "rotation": 90},
				"down": {"uv": [0, 0, 0.6, 12], "texture": "#1", "rotation": 270}
			}
		},
		{
			"from": [2.5, 12.5, -1],
			"to": [13.5, 13.5, 0],
			"faces": {
				"north": {"uv": [0, 0, 11, 1], "texture": "#3"},
				"east": {"uv": [0, 0, 1, 1], "texture": "#3"},
				"south": {"uv": [0, 0, 11, 1], "texture": "#3"},
				"west": {"uv": [0, 0, 1, 1], "texture": "#3"},
				"up": {"uv": [0, 0, 1, 11], "texture": "#3", "rotation": 90},
				"down": {"uv": [0, 0, 1, 11], "texture": "#3", "rotation": 270}
			}
		},
		{
			"name": "burner_2",
			"from": [3, 15.5, 3],
			"to": [7, 16.5, 7],
			"faces": {
				"north": {"uv": [0, 0, 4, 1], "texture": "#6"},
				"east": {"uv": [0, 0, 4, 1], "texture": "#6"},
				"south": {"uv": [0, 0, 4, 1], "texture": "#6"},
				"west": {"uv": [0, 0, 4, 1], "texture": "#6"},
				"up": {"uv": [0, 2, 4, 6], "texture": "#6", "rotation": 90}
			}
		},
		{
			"name": "burner_3",
			"from": [3, 15.5, 9],
			"to": [7, 16.5, 13],
			"faces": {
				"north": {"uv": [0, 0, 4, 1], "texture": "#6"},
				"east": {"uv": [0, 0, 4, 1], "texture": "#6"},
				"south": {"uv": [0, 0, 4, 1], "texture": "#6"},
				"west": {"uv": [0, 0, 4, 1], "texture": "#6"},
				"up": {"uv": [0, 2, 4, 6], "texture": "#6", "rotation": 90}
			}
		},
		{
			"name": "burner_2",
			"from": [9, 15.5, 9],
			"to": [13, 16.5, 13],
			"faces": {
				"north": {"uv": [0, 0, 4, 1], "texture": "#6"},
				"east": {"uv": [0, 0, 4, 1], "texture": "#6"},
				"south": {"uv": [0, 0, 4, 1], "texture": "#6"},
				"west": {"uv": [0, 0, 4, 1], "texture": "#6"},
				"up": {"uv": [0, 2, 4, 6], "texture": "#6", "rotation": 90}
			}
		},
		{
			"from": [14, 14, -0.5],
			"to": [15, 15, 0.5],
			"faces": {
				"north": {"uv": [0, 0, 1, 1], "texture": "#4"},
				"east": {"uv": [0, 0, 1, 1], "texture": "#4"},
				"south": {"uv": [0, 0, 1, 1], "texture": "#4"},
				"west": {"uv": [0, 0, 1, 1], "texture": "#4"},
				"up": {"uv": [0, 0, 1, 1], "texture": "#4", "rotation": 90},
				"down": {"uv": [0, 0, 1, 1], "texture": "#4", "rotation": 270}
			}
		},
		{
			"from": [1, 14, -0.5],
			"to": [2, 15, 0.5],
			"faces": {
				"north": {"uv": [0, 0, 1, 1], "texture": "#2"},
				"east": {"uv": [0, 0, 1, 1], "texture": "#2"},
				"south": {"uv": [0, 0, 1, 1], "texture": "#2"},
				"west": {"uv": [0, 0, 1, 1], "texture": "#2"},
				"up": {"uv": [0, 0, 1, 1], "texture": "#2", "rotation": 90},
				"down": {"uv": [0, 0, 1, 1], "texture": "#2", "rotation": 270}
			}
		},
		{
			"from": [3, 14, -0.5],
			"to": [4, 15, 0.5],
			"faces": {
				"north": {"uv": [0, 0, 1, 1], "texture": "#2"},
				"east": {"uv": [0, 0, 1, 1], "texture": "#2"},
				"south": {"uv": [0, 0, 1, 1], "texture": "#2"},
				"west": {"uv": [0, 0, 1, 1], "texture": "#2"},
				"up": {"uv": [0, 0, 1, 1], "texture": "#2", "rotation": 90},
				"down": {"uv": [0, 0, 1, 1], "texture": "#2", "rotation": 270}
			}
		},
		{
			"from": [5, 14, -0.5],
			"to": [6, 15, 0.5],
			"faces": {
				"north": {"uv": [0, 0, 1, 1], "texture": "#2"},
				"east": {"uv": [0, 0, 1, 1], "texture": "#2"},
				"south": {"uv": [0, 0, 1, 1], "texture": "#2"},
				"west": {"uv": [0, 0, 1, 1], "texture": "#2"},
				"up": {"uv": [0, 0, 1, 1], "texture": "#2", "rotation": 90},
				"down": {"uv": [0, 0, 1, 1], "texture": "#2", "rotation": 270}
			}
		},
		{
			"from": [7, 14, -0.5],
			"to": [8, 15, 0.5],
			"faces": {
				"north": {"uv": [0, 0, 1, 1], "texture": "#2"},
				"east": {"uv": [0, 0, 1, 1], "texture": "#2"},
				"south": {"uv": [0, 0, 1, 1], "texture": "#2"},
				"west": {"uv": [0, 0, 1, 1], "texture": "#2"},
				"up": {"uv": [0, 0, 1, 1], "texture": "#2", "rotation": 90},
				"down": {"uv": [0, 0, 1, 1], "texture": "#2", "rotation": 270}
			}
		}
	],
	"display": {
		"gui": {
			"rotation": [30, 135, 0],
			"translation": [0, 0, 0],
			"scale": [0.6, 0.6, 0.6]
		},
		"ground": {
			"rotation": [0, 0, 0],
			"scale": [0.25, 0.25, 0.25]
		},
		"fixed": {
			"rotation": [0, 0, 0],
			"translation": [0, 0, 0],
			"scale": [0.5, 0.5, 0.5]
		},
		"thirdperson_righthand": {
			"rotation": [75, 135, 0],
			"translation": [0, 2.5, 0],
			"scale": [0.3, 0.3, 0.3]
		},
		"thirdperson_lefthand": {
			"rotation": [75, 135, 0],
			"translation": [0, 2.5, 0],
			"scale": [0.3, 0.3, 0.3]
		},
		"firstperson_righthand": {
			"rotation": [0, 45, 0],
			"translation": [0, 0, 0],
			"scale": [0.4, 0.4, 0.4]
		},
		"firstperson_lefthand": {
			"rotation": [0, 225, 0],
			"translation": [0, 0, 0],
			"scale": [0.4, 0.4, 0.4]
		},
		"head": {
			"scale": [2.287, 2.287, 2.287],
			"translation": [0, -51.2, 0]
		}
	},
	"groups": [
		{
			"name": "oven",
			"isOpen": false,
			"shade": true,
			"display": {
				"visibility": true,
				"autouv": true
			},
			"children": [0, 1, 2, 3, 4, 5, 6, 7]
		}, 8, 9, 10, 11, 12]
}