{
	"display": {
		"icon": {
			"item": "minecraft:melon_slice",
			"nbt": "{CustomModelData:15471655}"
		},
		"title":{
			"translate": "advancements.rfcraft.zmn.title"
		},
		"description": {
			"translate": "advancements.rfcraft.zmn.description"
		},
		"frame": "task",
        "show_toast": true,
        "announce_to_chat": true,
        "hidden": false
	},
	  "rewards": {
    "experience": 10
  },
	"parent": "rf:redstone/refrigerator",
	"criteria": {
		"freeze_melon_slice": {
			"trigger": "minecraft:consume_item",
			"conditions": {
            "item": {
            "item": "minecraft:melon_slice",
            "nbt" :"{id:\"rf:freeze_melon_slice\"}"
        }
      }
    }
  },
  "requirements": [
    [
      "freeze_melon_slice"
    ]
  ] 
}