{
	"display": {
		"icon": {
			"item": "minecraft:bat_spawn_egg",
			"nbt":"{id:\"minecraft:bat_spawn_egg\",CustomModelData:15470105}"
		},
		"title":{
			"translate": "advancements.rfcraft.dw.title"
		},
		"description": {
			"translate": "advancements.rfcraft.dw.description"
		}
	},
	"parent": "rf:wood",
	"criteria": {
		"wooden_desk": {
			"trigger": "minecraft:inventory_changed",
			"conditions": {
				"items": [
					{
						"item" :"minecraft:bat_spawn_egg",
						"nbt" :"{id:\"rf:desk_wooden\"}"
					}
				]
			}
		}
	}
}