{
	"pools": [
		{
			"rolls": 1,
			"entries": [
				{
					"type": "item",
					"name": "minecraft:squid_spawn_egg",
					"functions": [
						{
							"function": "set_nbt",
							"tag": "{id:\"rf:street_light\",CustomModelData:15471001,EntityTag:{CustomName:\"{\\\"text\\\":\\\"Street_light\\\"}\",NoAI:1b,Silent:1b,DeathLootTable:empty,Tags:[\"Street_light\"],ActiveEffects:[{Id:14,Amplifier:1,Duration:199999980,ShowParticles:0b}]},display:{Name:\"{\\\"translate\\\":\\\"item.rfcraft.street_light\\\"}\"}}"
						}
					]
				}
			]
		}
	]
}