{
	"pools": [
		{
			"rolls": 1,
			"entries": [
				{
					"type": "item",
					"name": "minecraft:bat_spawn_egg",
					"functions": [
						{
							"function": "set_nbt",
							"tag": "{id:\"rf:swiver_chair\",CustomModelData:15470026,EntityTag:{CustomName:\"{\\\"text\\\":\\\"Swivel_chair\\\"}\",Silent:1b,DeathLootTable:empty,Tags:[\"Swivel_chair\"],ActiveEffects:[{Id:14,Amplifier:1,Duration:199999980,ShowParticles:0b}]},display:{Name:\"{\\\"translate\\\":\\\"item.rfcraft.swiver_chair\\\"}\"}}"
						}
					]
				}
			]
		}
	]
}