{
	"credit": "Made with Blockbench",
	"textures": {
		"0": "block/anvil",
		"1": "block/iron_block",
		"2": "block/light_gray_concrete",
		"3": "block/white_stained_glass",
		"4": "block/sandstone_top"
	},
	"elements": [
		{
			"from": [7.25, -1, 6.5],
			"to": [8.75, -0.5, 7.25],
			"faces": {
				"north": {"uv": [0, 0, 1.5, 0.5], "texture": "#0"},
				"east": {"uv": [0, 0, 0.75, 0.5], "texture": "#0"},
				"south": {"uv": [0, 0, 1.5, 0.5], "texture": "#0"},
				"west": {"uv": [0, 0, 0.75, 0.5], "texture": "#0"},
				"up": {"uv": [0, 0, 1.5, 0.75], "texture": "#0"},
				"down": {"uv": [0, 0, 1.5, 0.75], "texture": "#0"}
			}
		},
		{
			"from": [7.25, -1, 8.75],
			"to": [8.75, -0.5, 9.5],
			"faces": {
				"north": {"uv": [0, 0, 1.5, 0.5], "texture": "#0"},
				"east": {"uv": [0, 0, 0.75, 0.5], "texture": "#0"},
				"south": {"uv": [0, 0, 1.5, 0.5], "texture": "#0"},
				"west": {"uv": [0, 0, 0.75, 0.5], "texture": "#0"},
				"up": {"uv": [0, 0, 1.5, 0.75], "texture": "#0"},
				"down": {"uv": [0, 0, 1.5, 0.75], "texture": "#0"}
			}
		},
		{
			"from": [8.75, -1, 7.25],
			"to": [9.5, -0.5, 8.75],
			"faces": {
				"north": {"uv": [0, 0, 0.75, 0.5], "texture": "#0"},
				"east": {"uv": [0, 0, 1.5, 0.5], "texture": "#0"},
				"south": {"uv": [0, 0, 0.75, 0.5], "texture": "#0"},
				"west": {"uv": [0, 0, 1.5, 0.5], "texture": "#0"},
				"up": {"uv": [0, 0, 1.5, 0.75], "rotation": 270, "texture": "#0"},
				"down": {"uv": [0, 0, 1.5, 0.75], "rotation": 90, "texture": "#0"}
			}
		},
		{
			"from": [6.5, -1, 7.25],
			"to": [7.25, -0.5, 8.75],
			"faces": {
				"north": {"uv": [0, 0, 0.75, 0.5], "texture": "#0"},
				"east": {"uv": [0, 0, 1.5, 0.5], "texture": "#0"},
				"south": {"uv": [0, 0, 0.75, 0.5], "texture": "#0"},
				"west": {"uv": [0, 0, 1.5, 0.5], "texture": "#0"},
				"up": {"uv": [0, 0, 1.5, 0.75], "rotation": 270, "texture": "#0"},
				"down": {"uv": [0, 0, 1.5, 0.75], "rotation": 90, "texture": "#0"}
			}
		},
		{
			"from": [6.75, -1, 8.75],
			"to": [7.25, -0.5, 9.25],
			"faces": {
				"north": {"uv": [0, 0, 0.5, 0.5], "texture": "#2"},
				"east": {"uv": [0, 0, 0.5, 0.5], "texture": "#2"},
				"south": {"uv": [0, 0, 0.5, 0.5], "texture": "#2"},
				"west": {"uv": [0, 0, 0.5, 0.5], "texture": "#2"},
				"up": {"uv": [0, 0, 0.5, 0.5], "texture": "#2"},
				"down": {"uv": [0, 0, 0.5, 0.5], "texture": "#2"}
			}
		},
		{
			"from": [8.75, -1, 8.75],
			"to": [9.25, -0.5, 9.25],
			"faces": {
				"north": {"uv": [0, 0, 0.5, 0.5], "texture": "#2"},
				"east": {"uv": [0, 0, 0.5, 0.5], "texture": "#2"},
				"south": {"uv": [0, 0, 0.5, 0.5], "texture": "#2"},
				"west": {"uv": [0, 0, 0.5, 0.5], "texture": "#2"},
				"up": {"uv": [0, 0, 0.5, 0.5], "texture": "#2"},
				"down": {"uv": [0, 0, 0.5, 0.5], "texture": "#2"}
			}
		},
		{
			"from": [8.75, -1, 6.75],
			"to": [9.25, -0.5, 7.25],
			"faces": {
				"north": {"uv": [0, 0, 0.5, 0.5], "texture": "#2"},
				"east": {"uv": [0, 0, 0.5, 0.5], "texture": "#2"},
				"south": {"uv": [0, 0, 0.5, 0.5], "texture": "#2"},
				"west": {"uv": [0, 0, 0.5, 0.5], "texture": "#2"},
				"up": {"uv": [0, 0, 0.5, 0.5], "texture": "#2"},
				"down": {"uv": [0, 0, 0.5, 0.5], "texture": "#2"}
			}
		},
		{
			"from": [6.75, -1, 6.75],
			"to": [7.25, -0.5, 7.25],
			"faces": {
				"north": {"uv": [0, 0, 0.5, 0.5], "texture": "#2"},
				"east": {"uv": [0, 0, 0.5, 0.5], "texture": "#2"},
				"south": {"uv": [0, 0, 0.5, 0.5], "texture": "#2"},
				"west": {"uv": [0, 0, 0.5, 0.5], "texture": "#2"},
				"up": {"uv": [0, 0, 0.5, 0.5], "texture": "#2"},
				"down": {"uv": [0, 0, 0.5, 0.5], "texture": "#2"}
			}
		},
		{
			"from": [7, -1.1, 7],
			"to": [9, -1, 9],
			"faces": {
				"north": {"uv": [0, 0, 2, 0.1], "texture": "#0"},
				"east": {"uv": [0, 0, 2, 0.1], "texture": "#0"},
				"south": {"uv": [0, 0, 2, 0.1], "texture": "#0"},
				"west": {"uv": [0, 0, 2, 0.1], "texture": "#0"},
				"up": {"uv": [0, 0, 2, 2], "texture": "#0"},
				"down": {"uv": [0, 0, 2, 2], "texture": "#0"}
			}
		},
		{
			"from": [7.5, 8, 6.75],
			"to": [8.5, 12, 7.5],
			"faces": {
				"north": {"uv": [1, 2, 2, 6], "texture": "#1"},
				"east": {"uv": [1, 2, 1.75, 6], "texture": "#1"},
				"south": {"uv": [1, 2, 2, 6], "texture": "#1"},
				"west": {"uv": [1, 2, 1.75, 6], "texture": "#1"},
				"up": {"uv": [1, 1, 2, 1.75], "texture": "#1"},
				"down": {"uv": [1, 1, 2, 1.75], "texture": "#1"}
			}
		},
		{
			"from": [7.5, 8, 8.5],
			"to": [8.5, 12, 9.25],
			"faces": {
				"north": {"uv": [1, 2, 2, 6], "texture": "#1"},
				"east": {"uv": [1, 2, 1.75, 6], "texture": "#1"},
				"south": {"uv": [1, 2, 2, 6], "texture": "#1"},
				"west": {"uv": [1, 2, 1.75, 6], "texture": "#1"},
				"up": {"uv": [1, 1, 2, 1.75], "texture": "#1"},
				"down": {"uv": [1, 1, 2, 1.75], "texture": "#1"}
			}
		},
		{
			"from": [8.5, 8, 7.5],
			"to": [9.25, 12, 8.5],
			"faces": {
				"north": {"uv": [1, 2, 2, 6], "texture": "#1"},
				"east": {"uv": [1, 2, 1.75, 6], "texture": "#1"},
				"south": {"uv": [1, 2, 2, 6], "texture": "#1"},
				"west": {"uv": [1, 2, 1.75, 6], "texture": "#1"},
				"up": {"uv": [1, 1, 2, 1.75], "rotation": 270, "texture": "#1"},
				"down": {"uv": [1, 1, 2, 1.75], "rotation": 90, "texture": "#1"}
			}
		},
		{
			"from": [6.75, 8, 7.5],
			"to": [7.5, 12, 8.5],
			"faces": {
				"north": {"uv": [1, 2, 2, 6], "texture": "#1"},
				"east": {"uv": [1, 2, 1.75, 6], "texture": "#1"},
				"south": {"uv": [1, 2, 2, 6], "texture": "#1"},
				"west": {"uv": [1, 2, 1.75, 6], "texture": "#1"},
				"up": {"uv": [1, 1, 2, 1.75], "rotation": 270, "texture": "#1"},
				"down": {"uv": [1, 1, 2, 1.75], "rotation": 90, "texture": "#1"}
			}
		},
		{
			"from": [7, 8, 8.5],
			"to": [7.5, 12, 9],
			"faces": {
				"north": {"uv": [1, 2, 2, 6], "texture": "#1"},
				"east": {"uv": [1, 2, 1.75, 6], "texture": "#1"},
				"south": {"uv": [1, 2, 2, 6], "texture": "#1"},
				"west": {"uv": [1, 2, 1.75, 6], "texture": "#1"},
				"up": {"uv": [1, 1, 2, 1.75], "texture": "#1"},
				"down": {"uv": [1, 1, 2, 1.75], "texture": "#1"}
			}
		},
		{
			"from": [8.5, 8, 8.5],
			"to": [9, 12, 9],
			"faces": {
				"north": {"uv": [1, 2, 2, 6], "texture": "#1"},
				"east": {"uv": [1, 2, 1.75, 6], "texture": "#1"},
				"south": {"uv": [1, 2, 2, 6], "texture": "#1"},
				"west": {"uv": [1, 2, 1.75, 6], "texture": "#1"},
				"up": {"uv": [1, 1, 2, 1.75], "texture": "#1"},
				"down": {"uv": [1, 1, 2, 1.75], "texture": "#1"}
			}
		},
		{
			"from": [8.5, 8, 7],
			"to": [9, 12, 7.5],
			"faces": {
				"north": {"uv": [1, 2, 2, 6], "texture": "#1"},
				"east": {"uv": [1, 2, 1.75, 6], "texture": "#1"},
				"south": {"uv": [1, 2, 2, 6], "texture": "#1"},
				"west": {"uv": [1, 2, 1.75, 6], "texture": "#1"},
				"up": {"uv": [1, 1, 2, 1.75], "texture": "#1"},
				"down": {"uv": [1, 1, 2, 1.75], "texture": "#1"}
			}
		},
		{
			"from": [7, 8, 7],
			"to": [7.5, 12, 7.5],
			"faces": {
				"north": {"uv": [1, 2, 2, 6], "texture": "#1"},
				"east": {"uv": [1, 2, 1.75, 6], "texture": "#1"},
				"south": {"uv": [1, 2, 2, 6], "texture": "#1"},
				"west": {"uv": [1, 2, 1.75, 6], "texture": "#1"},
				"up": {"uv": [1, 1, 2, 1.75], "texture": "#1"},
				"down": {"uv": [1, 1, 2, 1.75], "texture": "#1"}
			}
		},
		{
			"from": [7.25, 6, 6.5],
			"to": [8.75, 8, 7.25],
			"faces": {
				"north": {"uv": [0, 0, 1.5, 2], "texture": "#0"},
				"east": {"uv": [0, 0, 0.75, 2], "texture": "#0"},
				"south": {"uv": [0, 0, 1.5, 2], "texture": "#0"},
				"west": {"uv": [0, 0, 0.75, 2], "texture": "#0"},
				"up": {"uv": [0, 0, 1.5, 0.75], "texture": "#0"},
				"down": {"uv": [0, 0, 1.5, 0.75], "texture": "#0"}
			}
		},
		{
			"from": [7.25, 6, 8.75],
			"to": [8.75, 8, 9.5],
			"faces": {
				"north": {"uv": [0, 0, 1.5, 2], "texture": "#0"},
				"east": {"uv": [0, 0, 0.75, 2], "texture": "#0"},
				"south": {"uv": [0, 0, 1.5, 2], "texture": "#0"},
				"west": {"uv": [0, 0, 0.75, 2], "texture": "#0"},
				"up": {"uv": [0, 0, 1.5, 0.75], "texture": "#0"},
				"down": {"uv": [0, 0, 1.5, 0.75], "texture": "#0"}
			}
		},
		{
			"from": [8.75, 6, 7.25],
			"to": [9.5, 8, 8.75],
			"faces": {
				"north": {"uv": [0, 0, 0.75, 2], "texture": "#0"},
				"east": {"uv": [0, 0, 1.5, 2], "texture": "#0"},
				"south": {"uv": [0, 0, 0.75, 2], "texture": "#0"},
				"west": {"uv": [0, 0, 1.5, 2], "texture": "#0"},
				"up": {"uv": [0, 0, 1.5, 0.75], "rotation": 270, "texture": "#0"},
				"down": {"uv": [0, 0, 1.5, 0.75], "rotation": 90, "texture": "#0"}
			}
		},
		{
			"from": [6.5, 6, 7.25],
			"to": [7.25, 8, 8.75],
			"faces": {
				"north": {"uv": [0, 0, 0.75, 2], "texture": "#0"},
				"east": {"uv": [0, 0, 1.5, 2], "texture": "#0"},
				"south": {"uv": [0, 0, 0.75, 2], "texture": "#0"},
				"west": {"uv": [0, 0, 1.5, 2], "texture": "#0"},
				"up": {"uv": [0, 0, 1.5, 0.75], "rotation": 270, "texture": "#0"},
				"down": {"uv": [0, 0, 1.5, 0.75], "rotation": 90, "texture": "#0"}
			}
		},
		{
			"from": [6.75, 6, 8.75],
			"to": [7.25, 8, 9.25],
			"faces": {
				"north": {"uv": [0, 0, 0.5, 2], "texture": "#0"},
				"east": {"uv": [0, 0, 0.5, 2], "texture": "#0"},
				"south": {"uv": [0, 0, 0.5, 2], "texture": "#0"},
				"west": {"uv": [0, 0, 0.5, 2], "texture": "#0"},
				"up": {"uv": [0, 0, 0.5, 0.5], "texture": "#0"},
				"down": {"uv": [0, 0, 0.5, 0.5], "texture": "#0"}
			}
		},
		{
			"from": [8.75, 6, 8.75],
			"to": [9.25, 8, 9.25],
			"faces": {
				"north": {"uv": [0, 0, 0.5, 2], "texture": "#0"},
				"east": {"uv": [0, 0, 0.5, 2], "texture": "#0"},
				"south": {"uv": [0, 0, 0.5, 2], "texture": "#0"},
				"west": {"uv": [0, 0, 0.5, 2], "texture": "#0"},
				"up": {"uv": [0, 0, 0.5, 0.5], "texture": "#0"},
				"down": {"uv": [0, 0, 0.5, 0.5], "texture": "#0"}
			}
		},
		{
			"from": [8.75, 6, 6.75],
			"to": [9.25, 8, 7.25],
			"faces": {
				"north": {"uv": [0, 0, 0.5, 2], "texture": "#0"},
				"east": {"uv": [0, 0, 0.5, 2], "texture": "#0"},
				"south": {"uv": [0, 0, 0.5, 2], "texture": "#0"},
				"west": {"uv": [0, 0, 0.5, 2], "texture": "#0"},
				"up": {"uv": [0, 0, 0.5, 0.5], "texture": "#0"},
				"down": {"uv": [0, 0, 0.5, 0.5], "texture": "#0"}
			}
		},
		{
			"from": [6.75, 6, 6.75],
			"to": [7.25, 8, 7.25],
			"faces": {
				"north": {"uv": [0, 0, 0.5, 2], "texture": "#0"},
				"east": {"uv": [0, 0, 0.5, 2], "texture": "#0"},
				"south": {"uv": [0, 0, 0.5, 2], "texture": "#0"},
				"west": {"uv": [0, 0, 0.5, 2], "texture": "#0"},
				"up": {"uv": [0, 0, 0.5, 0.5], "texture": "#0"},
				"down": {"uv": [0, 0, 0.5, 0.5], "texture": "#0"}
			}
		},
		{
			"from": [7.5, 6, 6],
			"to": [8.5, 8, 6.5],
			"faces": {
				"north": {"uv": [0, 0, 1, 2], "texture": "#0"},
				"east": {"uv": [0, 0, 0.5, 2], "texture": "#0"},
				"south": {"uv": [0, 0, 1, 2], "texture": "#0"},
				"west": {"uv": [0, 0, 0.5, 2], "texture": "#0"},
				"up": {"uv": [0, 0, 1, 0.5], "texture": "#0"},
				"down": {"uv": [0, 0, 1, 0.5], "texture": "#0"}
			}
		},
		{
			"from": [7.5, 4, 6.75],
			"to": [8.5, 6, 7.5],
			"faces": {
				"north": {"uv": [1, 1, 2, 3], "texture": "#1"},
				"east": {"uv": [1, 1, 1.75, 3], "texture": "#1"},
				"south": {"uv": [1, 1, 2, 3], "texture": "#1"},
				"west": {"uv": [1, 1, 1.75, 3], "texture": "#1"},
				"up": {"uv": [2, 1, 3, 2], "texture": "#1"},
				"down": {"uv": [2, 1, 3, 1.75], "texture": "#1"}
			}
		},
		{
			"from": [7.5, 4, 8.5],
			"to": [8.5, 6, 9.25],
			"faces": {
				"north": {"uv": [1, 1, 2, 3], "texture": "#1"},
				"east": {"uv": [1, 1, 1.75, 3], "texture": "#1"},
				"south": {"uv": [1, 1, 2, 3], "texture": "#1"},
				"west": {"uv": [1, 1, 1.75, 3], "texture": "#1"},
				"up": {"uv": [2, 1, 3, 2], "texture": "#1"},
				"down": {"uv": [2, 1, 3, 1.75], "texture": "#1"}
			}
		},
		{
			"from": [8.5, 4, 7.5],
			"to": [9.25, 6, 8.5],
			"faces": {
				"north": {"uv": [1, 1, 2, 3], "texture": "#1"},
				"east": {"uv": [1, 1, 1.75, 3], "texture": "#1"},
				"south": {"uv": [1, 1, 2, 3], "texture": "#1"},
				"west": {"uv": [1, 1, 1.75, 3], "texture": "#1"},
				"up": {"uv": [2, 1, 3, 2], "rotation": 270, "texture": "#1"},
				"down": {"uv": [2, 1, 3, 1.75], "rotation": 90, "texture": "#1"}
			}
		},
		{
			"from": [6.75, 4, 7.5],
			"to": [7.5, 6, 8.5],
			"faces": {
				"north": {"uv": [1, 1, 2, 3], "texture": "#1"},
				"east": {"uv": [1, 1, 1.75, 3], "texture": "#1"},
				"south": {"uv": [1, 1, 2, 3], "texture": "#1"},
				"west": {"uv": [1, 1, 1.75, 3], "texture": "#1"},
				"up": {"uv": [2, 1, 3, 2], "rotation": 270, "texture": "#1"},
				"down": {"uv": [2, 1, 3, 1.75], "rotation": 90, "texture": "#1"}
			}
		},
		{
			"from": [7, 4, 8.5],
			"to": [7.5, 6, 9],
			"faces": {
				"north": {"uv": [1, 1, 2, 3], "texture": "#1"},
				"east": {"uv": [1, 1, 1.75, 3], "texture": "#1"},
				"south": {"uv": [1, 1, 2, 3], "texture": "#1"},
				"west": {"uv": [1, 1, 1.75, 3], "texture": "#1"},
				"up": {"uv": [2, 1, 3, 2], "texture": "#1"},
				"down": {"uv": [2, 1, 3, 1.75], "texture": "#1"}
			}
		},
		{
			"from": [8.5, 4, 8.5],
			"to": [9, 6, 9],
			"faces": {
				"north": {"uv": [1, 1, 2, 3], "texture": "#1"},
				"east": {"uv": [1, 1, 1.75, 3], "texture": "#1"},
				"south": {"uv": [1, 1, 2, 3], "texture": "#1"},
				"west": {"uv": [1, 1, 1.75, 3], "texture": "#1"},
				"up": {"uv": [2, 1, 3, 2], "texture": "#1"},
				"down": {"uv": [2, 1, 3, 1.75], "texture": "#1"}
			}
		},
		{
			"from": [8.5, 4, 7],
			"to": [9, 6, 7.5],
			"faces": {
				"north": {"uv": [1, 1, 2, 3], "texture": "#1"},
				"east": {"uv": [1, 1, 1.75, 3], "texture": "#1"},
				"south": {"uv": [1, 1, 2, 3], "texture": "#1"},
				"west": {"uv": [1, 1, 1.75, 3], "texture": "#1"},
				"up": {"uv": [2, 1, 3, 2], "texture": "#1"},
				"down": {"uv": [2, 1, 3, 1.75], "texture": "#1"}
			}
		},
		{
			"from": [7, 4, 7],
			"to": [7.5, 6, 7.5],
			"faces": {
				"north": {"uv": [1, 1, 2, 3], "texture": "#1"},
				"east": {"uv": [1, 1, 1.75, 3], "texture": "#1"},
				"south": {"uv": [1, 1, 2, 3], "texture": "#1"},
				"west": {"uv": [1, 1, 1.75, 3], "texture": "#1"},
				"up": {"uv": [2, 1, 3, 2], "texture": "#1"},
				"down": {"uv": [2, 1, 3, 1.75], "texture": "#1"}
			}
		},
		{
			"from": [7.25, 12, 6.5],
			"to": [8.75, 14, 7.25],
			"faces": {
				"north": {"uv": [0, 0, 1.5, 2], "texture": "#0"},
				"east": {"uv": [0, 0, 0.75, 2], "texture": "#0"},
				"south": {"uv": [0, 0, 1.5, 2], "texture": "#0"},
				"west": {"uv": [0, 0, 0.75, 2], "texture": "#0"},
				"up": {"uv": [0, 0, 1.5, 0.75], "texture": "#0"},
				"down": {"uv": [0, 0, 1.5, 0.75], "texture": "#0"}
			}
		},
		{
			"from": [7.25, 11.5, 8.75],
			"to": [8.75, 14.5, 9.75],
			"faces": {
				"north": {"uv": [0, 0, 1.5, 3], "texture": "#0"},
				"east": {"uv": [0, 0, 1, 3], "texture": "#0"},
				"south": {"uv": [0, 0, 1.5, 3], "texture": "#0"},
				"west": {"uv": [0, 0, 1, 3], "texture": "#0"},
				"up": {"uv": [0, 0, 1.5, 1], "texture": "#0"},
				"down": {"uv": [0, 0, 1.5, 1], "texture": "#0"}
			}
		},
		{
			"from": [8.75, 12, 7.25],
			"to": [9.5, 15, 8.75],
			"faces": {
				"north": {"uv": [0, 0, 0.75, 3], "texture": "#0"},
				"east": {"uv": [0, 0, 1.5, 3], "texture": "#0"},
				"south": {"uv": [0, 0, 0.75, 3], "texture": "#0"},
				"west": {"uv": [0, 0, 1.5, 3], "texture": "#0"},
				"up": {"uv": [0, 0, 1.5, 0.75], "rotation": 270, "texture": "#0"},
				"down": {"uv": [0, 0, 1.5, 0.75], "rotation": 90, "texture": "#0"}
			}
		},
		{
			"from": [6.5, 12, 7.25],
			"to": [7.25, 15, 8.75],
			"faces": {
				"north": {"uv": [0, 0, 0.75, 3], "texture": "#0"},
				"east": {"uv": [0, 0, 1.5, 3], "texture": "#0"},
				"south": {"uv": [0, 0, 0.75, 3], "texture": "#0"},
				"west": {"uv": [0, 0, 1.5, 3], "texture": "#0"},
				"up": {"uv": [0, 0, 1.5, 0.75], "rotation": 270, "texture": "#0"},
				"down": {"uv": [0, 0, 1.5, 0.75], "rotation": 90, "texture": "#0"}
			}
		},
		{
			"from": [6.75, 11.5, 8.75],
			"to": [7.25, 14.5, 9.5],
			"faces": {
				"north": {"uv": [0, 0, 0.5, 3], "texture": "#0"},
				"east": {"uv": [0, 0, 0.75, 3], "texture": "#0"},
				"south": {"uv": [0, 0, 0.5, 3], "texture": "#0"},
				"west": {"uv": [0, 0, 0.75, 3], "texture": "#0"},
				"up": {"uv": [0, 0, 0.5, 0.75], "texture": "#0"},
				"down": {"uv": [0, 0, 0.5, 0.75], "texture": "#0"}
			}
		},
		{
			"from": [8.75, 11.5, 8.75],
			"to": [9.25, 14.5, 9.5],
			"faces": {
				"north": {"uv": [0, 0, 0.5, 3], "texture": "#0"},
				"east": {"uv": [0, 0, 0.75, 3], "texture": "#0"},
				"south": {"uv": [0, 0, 0.5, 3], "texture": "#0"},
				"west": {"uv": [0, 0, 0.75, 3], "texture": "#0"},
				"up": {"uv": [0, 0, 0.5, 0.75], "texture": "#0"},
				"down": {"uv": [0, 0, 0.5, 0.75], "texture": "#0"}
			}
		},
		{
			"from": [8.75, 12, 6.75],
			"to": [9.25, 14.5, 7.25],
			"faces": {
				"north": {"uv": [0, 0, 0.5, 2.5], "texture": "#0"},
				"east": {"uv": [0, 0, 0.5, 2.5], "texture": "#0"},
				"south": {"uv": [0, 0, 0.5, 2.5], "texture": "#0"},
				"west": {"uv": [0, 0, 0.5, 2.5], "texture": "#0"},
				"up": {"uv": [0, 0, 0.5, 0.5], "texture": "#0"},
				"down": {"uv": [0, 0, 0.5, 0.5], "texture": "#0"}
			}
		},
		{
			"from": [6.75, 12, 6.75],
			"to": [7.25, 14.5, 7.25],
			"faces": {
				"north": {"uv": [0, 0, 0.5, 2.5], "texture": "#0"},
				"east": {"uv": [0, 0, 0.5, 2.5], "texture": "#0"},
				"south": {"uv": [0, 0, 0.5, 2.5], "texture": "#0"},
				"west": {"uv": [0, 0, 0.5, 2.5], "texture": "#0"},
				"up": {"uv": [0, 0, 0.5, 0.5], "texture": "#0"},
				"down": {"uv": [0, 0, 0.5, 0.5], "texture": "#0"}
			}
		},
		{
			"from": [6.5, 15, 8],
			"to": [7.25, 15.75, 8.75],
			"faces": {
				"north": {"uv": [0, 0, 0.75, 0.75], "texture": "#0"},
				"east": {"uv": [0, 0, 0.75, 0.75], "texture": "#0"},
				"south": {"uv": [0, 0, 0.75, 0.75], "texture": "#0"},
				"west": {"uv": [0, 0, 0.75, 0.75], "texture": "#0"},
				"up": {"uv": [0, 0, 0.75, 0.75], "rotation": 270, "texture": "#0"},
				"down": {"uv": [0, 0, 0.75, 0.75], "rotation": 90, "texture": "#0"}
			}
		},
		{
			"from": [8.75, 15, 8],
			"to": [9.5, 15.75, 8.75],
			"faces": {
				"north": {"uv": [0, 0, 0.75, 0.75], "texture": "#0"},
				"east": {"uv": [0, 0, 0.75, 0.75], "texture": "#0"},
				"south": {"uv": [0, 0, 0.75, 0.75], "texture": "#0"},
				"west": {"uv": [0, 0, 0.75, 0.75], "texture": "#0"},
				"up": {"uv": [0, 0, 0.75, 0.75], "rotation": 270, "texture": "#0"},
				"down": {"uv": [0, 0, 0.75, 0.75], "rotation": 90, "texture": "#0"}
			}
		},
		{
			"from": [8.75, 14.5, 8.75],
			"to": [9.25, 16.75, 9.25],
			"faces": {
				"north": {"uv": [0, 0, 0.5, 2.25], "texture": "#0"},
				"east": {"uv": [0, 0, 0.5, 2.25], "texture": "#0"},
				"south": {"uv": [0, 0, 0.5, 2.25], "texture": "#0"},
				"west": {"uv": [0, 0, 0.5, 2.25], "texture": "#0"},
				"up": {"uv": [0, 0, 0.5, 0.5], "texture": "#0"},
				"down": {"uv": [0, 0, 0.5, 0.5], "texture": "#0"}
			}
		},
		{
			"from": [7.25, 14.5, 8.75],
			"to": [8.75, 17.5, 9.5],
			"faces": {
				"north": {"uv": [0, 0, 1.5, 3], "texture": "#0"},
				"east": {"uv": [0, 0, 0.75, 3], "texture": "#0"},
				"south": {"uv": [0, 0, 1.5, 3], "texture": "#0"},
				"west": {"uv": [0, 0, 0.75, 3], "texture": "#0"},
				"up": {"uv": [0, 0, 1.5, 0.75], "texture": "#0"},
				"down": {"uv": [0, 0, 1.5, 0.75], "texture": "#0"}
			}
		},
		{
			"from": [6.75, 14.5, 8.75],
			"to": [7.25, 16.75, 9.25],
			"faces": {
				"north": {"uv": [0, 0, 0.5, 2.25], "texture": "#0"},
				"east": {"uv": [0, 0, 0.5, 2.25], "texture": "#0"},
				"south": {"uv": [0, 0, 0.5, 2.25], "texture": "#0"},
				"west": {"uv": [0, 0, 0.5, 2.25], "texture": "#0"},
				"up": {"uv": [0, 0, 0.5, 0.5], "texture": "#0"},
				"down": {"uv": [0, 0, 0.5, 0.5], "texture": "#0"}
			}
		},
		{
			"from": [7, -0.5, 6.25],
			"to": [9, 4, 7.25],
			"faces": {
				"north": {"uv": [0, 0, 2, 4.5], "texture": "#0"},
				"east": {"uv": [0, 0, 1, 4.5], "texture": "#0"},
				"south": {"uv": [0, 0, 2, 4.5], "texture": "#0"},
				"west": {"uv": [0, 0, 1, 4.5], "texture": "#0"},
				"up": {"uv": [0, 0, 2, 1], "texture": "#0"},
				"down": {"uv": [0, 0, 2, 1], "texture": "#0"}
			}
		},
		{
			"from": [7, -0.5, 8.75],
			"to": [9, 4, 9.75],
			"faces": {
				"north": {"uv": [0, 0, 2, 4.5], "texture": "#0"},
				"east": {"uv": [0, 0, 1, 4.5], "texture": "#0"},
				"south": {"uv": [0, 0, 2, 4.5], "texture": "#0"},
				"west": {"uv": [0, 0, 1, 4.5], "texture": "#0"},
				"up": {"uv": [0, 0, 2, 1], "texture": "#0"},
				"down": {"uv": [0, 0, 2, 1], "texture": "#0"}
			}
		},
		{
			"from": [8.75, -0.5, 7],
			"to": [9.75, 4, 9],
			"faces": {
				"north": {"uv": [0, 0, 1, 4.5], "texture": "#0"},
				"east": {"uv": [0, 0, 2, 4.5], "texture": "#0"},
				"south": {"uv": [0, 0, 1, 4.5], "texture": "#0"},
				"west": {"uv": [0, 0, 2, 4.5], "texture": "#0"},
				"up": {"uv": [0, 0, 2, 1], "rotation": 270, "texture": "#0"},
				"down": {"uv": [0, 0, 2, 1], "rotation": 90, "texture": "#0"}
			}
		},
		{
			"from": [6.25, -0.5, 7],
			"to": [7.25, 4, 9],
			"faces": {
				"north": {"uv": [0, 0, 1, 4.5], "texture": "#0"},
				"east": {"uv": [0, 0, 2, 4.5], "texture": "#0"},
				"south": {"uv": [0, 0, 1, 4.5], "texture": "#0"},
				"west": {"uv": [0, 0, 2, 4.5], "texture": "#0"},
				"up": {"uv": [0, 0, 2, 1], "rotation": 270, "texture": "#0"},
				"down": {"uv": [0, 0, 2, 1], "rotation": 90, "texture": "#0"}
			}
		},
		{
			"from": [6.75, -0.5, 9],
			"to": [7, 4, 9.25],
			"faces": {
				"north": {"uv": [0, 0, 0.25, 4.5], "texture": "#2"},
				"east": {"uv": [0, 0, 0.25, 4.5], "texture": "#2"},
				"south": {"uv": [0, 0, 0.25, 4.5], "texture": "#2"},
				"west": {"uv": [0, 0, 0.25, 4.5], "texture": "#2"},
				"up": {"uv": [0, 0, 0.25, 0.25], "texture": "#2"},
				"down": {"uv": [0, 0, 0.25, 0.25], "texture": "#2"}
			}
		},
		{
			"from": [9, -0.5, 9],
			"to": [9.25, 4, 9.25],
			"faces": {
				"north": {"uv": [0, 0, 0.25, 4.5], "texture": "#2"},
				"east": {"uv": [0, 0, 0.25, 4.5], "texture": "#2"},
				"south": {"uv": [0, 0, 0.25, 4.5], "texture": "#2"},
				"west": {"uv": [0, 0, 0.25, 4.5], "texture": "#2"},
				"up": {"uv": [0, 0, 0.25, 0.25], "texture": "#2"},
				"down": {"uv": [0, 0, 0.25, 0.25], "texture": "#2"}
			}
		},
		{
			"from": [9, -0.5, 6.75],
			"to": [9.25, 4, 7],
			"faces": {
				"north": {"uv": [0, 0, 0.25, 4.5], "texture": "#2"},
				"east": {"uv": [0, 0, 0.25, 4.5], "texture": "#2"},
				"south": {"uv": [0, 0, 0.25, 4.5], "texture": "#2"},
				"west": {"uv": [0, 0, 0.25, 4.5], "texture": "#2"},
				"up": {"uv": [0, 0, 0.25, 0.25], "texture": "#2"},
				"down": {"uv": [0, 0, 0.25, 0.25], "texture": "#2"}
			}
		},
		{
			"from": [6.75, -0.5, 6.75],
			"to": [7, 4, 7],
			"faces": {
				"north": {"uv": [0, 0, 0.25, 4.5], "texture": "#2"},
				"east": {"uv": [0, 0, 0.25, 4.5], "texture": "#2"},
				"south": {"uv": [0, 0, 0.25, 4.5], "texture": "#2"},
				"west": {"uv": [0, 0, 0.25, 4.5], "texture": "#2"},
				"up": {"uv": [0, 0, 0.25, 0.25], "texture": "#2"},
				"down": {"uv": [0, 0, 0.25, 0.25], "texture": "#2"}
			}
		},
		{
			"from": [7.5, 8.75, 7.5],
			"to": [8.5, 12.75, 8.5],
			"faces": {
				"north": {"uv": [1, 1, 2, 5], "texture": "#3"},
				"east": {"uv": [1, 1, 2, 5], "texture": "#3"},
				"south": {"uv": [1, 1, 2, 5], "texture": "#3"},
				"west": {"uv": [1, 1, 2, 5], "texture": "#3"},
				"up": {"uv": [0, 0, 1, 1], "texture": "#3"},
				"down": {"uv": [0, 0, 1, 1], "texture": "#3"}
			}
		},
		{
			"from": [7.75, 6.5, 5.9],
			"to": [8.25, 7.5, 6],
			"faces": {
				"north": {"uv": [0, 0, 0.5, 1], "texture": "#4"},
				"east": {"uv": [0, 0, 0.1, 1], "texture": "#4"},
				"south": {"uv": [0, 0, 0.5, 1], "texture": "#4"},
				"west": {"uv": [0, 0, 0.1, 1], "texture": "#4"},
				"up": {"uv": [0, 0, 0.5, 0.1], "texture": "#4"},
				"down": {"uv": [0, 0, 0.5, 0.1], "texture": "#4"}
			}
		}
	],
	"display": {
		"thirdperson_righthand": {
			"rotation": [0, 135, 0],
			"translation": [0, 1.25, 0],
			"scale": [0.7, 0.7, 0.7]
		},
		"thirdperson_lefthand": {
			"rotation": [0, 135, 0],
			"translation": [0, 1.25, 0],
			"scale": [0.7, 0.7, 0.7]
		},
		"firstperson_righthand": {
			"rotation": [-20, 107, 0],
			"translation": [2.75, 1.5, 0],
			"scale": [0.8, 0.8, 0.8]
		},
		"firstperson_lefthand": {
			"rotation": [-20, 107, 0],
			"translation": [2.75, 1.5, 0],
			"scale": [0.8, 0.8, 0.8]
		},
		"ground": {
			"rotation": [90, 0, 0],
			"translation": [0, -1.75, 0]
		},
		"gui": {
			"rotation": [0, 90, 0],
			"scale": [0.8, 0.8, 0.8]
		},
		"head": {
			"rotation": [-45, 0, 0],
			"translation": [0, 6, -7.5]
		},
		"fixed": {
			"rotation": [0, -30, 0],
			"scale": [0.8, 0.8, 0.8]
		}
	},
	"groups": [
		{
			"name": "group",
			"children": [0, 1, 2, 3, 4, 5, 6, 7, 8]
		},
		{
			"name": "group2",
			"children": [9, 10, 11, 12, 13, 14, 15, 16]
		},
		{
			"name": "group3",
			"children": [17, 18, 19, 20, 21, 22, 23, 24, 25]
		},
		{
			"name": "group4",
			"children": [26, 27, 28, 29, 30, 31, 32, 33]
		},
		{
			"name": "group5",
			"children": [34, 35, 36, 37, 38, 39, 40, 41, 42, 43, 44, 45, 46]
		},
		{
			"name": "group7",
			"children": [47, 48, 49, 50, 51, 52, 53, 54]
		}, 55, 56]
}