{
	"credit": "Made with Blockbench",
	"textures": {
		"3": "rf:saber/red_saber",
		"4": "block/sandstone_top",
		"6": "rf:saber/white_saber",
		"1_0": "block/anvil",
		"1_1": "block/iron_block",
		"1_2": "block/light_gray_concrete",
		"1_3": "block/red_stained_glass",
		"particle": "rf:saber/white_saber"
	},
	"elements": [
		{
			"from": [7, -14.5, 6.25],
			"to": [9, -10, 7.25],
			"faces": {
				"north": {"uv": [0, 0, 2, 4.5], "texture": "#1_0"},
				"east": {"uv": [0, 0, 1, 4.5], "texture": "#1_0"},
				"south": {"uv": [0, 0, 2, 4.5], "texture": "#1_0"},
				"west": {"uv": [0, 0, 1, 4.5], "texture": "#1_0"},
				"up": {"uv": [0, 0, 2, 1], "texture": "#1_0"},
				"down": {"uv": [0, 0, 2, 1], "texture": "#1_0"}
			}
		},
		{
			"from": [7, -14.5, 8.75],
			"to": [9, -10, 9.75],
			"faces": {
				"north": {"uv": [0, 0, 2, 4.5], "texture": "#1_0"},
				"east": {"uv": [0, 0, 1, 4.5], "texture": "#1_0"},
				"south": {"uv": [0, 0, 2, 4.5], "texture": "#1_0"},
				"west": {"uv": [0, 0, 1, 4.5], "texture": "#1_0"},
				"up": {"uv": [0, 0, 2, 1], "texture": "#1_0"},
				"down": {"uv": [0, 0, 2, 1], "texture": "#1_0"}
			}
		},
		{
			"from": [8.75, -14.5, 7],
			"to": [9.75, -10, 9],
			"faces": {
				"north": {"uv": [0, 0, 1, 4.5], "texture": "#1_0"},
				"east": {"uv": [0, 0, 2, 4.5], "texture": "#1_0"},
				"south": {"uv": [0, 0, 1, 4.5], "texture": "#1_0"},
				"west": {"uv": [0, 0, 2, 4.5], "texture": "#1_0"},
				"up": {"uv": [0, 0, 2, 1], "rotation": 270, "texture": "#1_0"},
				"down": {"uv": [0, 0, 2, 1], "rotation": 90, "texture": "#1_0"}
			}
		},
		{
			"from": [6.25, -14.5, 7],
			"to": [7.25, -10, 9],
			"faces": {
				"north": {"uv": [0, 0, 1, 4.5], "texture": "#1_0"},
				"east": {"uv": [0, 0, 2, 4.5], "texture": "#1_0"},
				"south": {"uv": [0, 0, 1, 4.5], "texture": "#1_0"},
				"west": {"uv": [0, 0, 2, 4.5], "texture": "#1_0"},
				"up": {"uv": [0, 0, 2, 1], "rotation": 270, "texture": "#1_0"},
				"down": {"uv": [0, 0, 2, 1], "rotation": 90, "texture": "#1_0"}
			}
		},
		{
			"from": [6.75, -14.5, 9],
			"to": [7, -10, 9.25],
			"faces": {
				"north": {"uv": [0, 0, 0.25, 4.5], "texture": "#1_2"},
				"east": {"uv": [0, 0, 0.25, 4.5], "texture": "#1_2"},
				"south": {"uv": [0, 0, 0.25, 4.5], "texture": "#1_2"},
				"west": {"uv": [0, 0, 0.25, 4.5], "texture": "#1_2"},
				"up": {"uv": [0, 0, 0.25, 0.25], "texture": "#1_2"},
				"down": {"uv": [0, 0, 0.25, 0.25], "texture": "#1_2"}
			}
		},
		{
			"from": [9, -14.5, 9],
			"to": [9.25, -10, 9.25],
			"faces": {
				"north": {"uv": [0, 0, 0.25, 4.5], "texture": "#1_2"},
				"east": {"uv": [0, 0, 0.25, 4.5], "texture": "#1_2"},
				"south": {"uv": [0, 0, 0.25, 4.5], "texture": "#1_2"},
				"west": {"uv": [0, 0, 0.25, 4.5], "texture": "#1_2"},
				"up": {"uv": [0, 0, 0.25, 0.25], "texture": "#1_2"},
				"down": {"uv": [0, 0, 0.25, 0.25], "texture": "#1_2"}
			}
		},
		{
			"from": [9, -14.5, 6.75],
			"to": [9.25, -10, 7],
			"faces": {
				"north": {"uv": [0, 0, 0.25, 4.5], "texture": "#1_2"},
				"east": {"uv": [0, 0, 0.25, 4.5], "texture": "#1_2"},
				"south": {"uv": [0, 0, 0.25, 4.5], "texture": "#1_2"},
				"west": {"uv": [0, 0, 0.25, 4.5], "texture": "#1_2"},
				"up": {"uv": [0, 0, 0.25, 0.25], "texture": "#1_2"},
				"down": {"uv": [0, 0, 0.25, 0.25], "texture": "#1_2"}
			}
		},
		{
			"from": [6.75, -14.5, 6.75],
			"to": [7, -10, 7],
			"faces": {
				"north": {"uv": [0, 0, 0.25, 4.5], "texture": "#1_2"},
				"east": {"uv": [0, 0, 0.25, 4.5], "texture": "#1_2"},
				"south": {"uv": [0, 0, 0.25, 4.5], "texture": "#1_2"},
				"west": {"uv": [0, 0, 0.25, 4.5], "texture": "#1_2"},
				"up": {"uv": [0, 0, 0.25, 0.25], "texture": "#1_2"},
				"down": {"uv": [0, 0, 0.25, 0.25], "texture": "#1_2"}
			}
		},
		{
			"from": [7.25, -2, 6.5],
			"to": [8.75, 0, 7.25],
			"faces": {
				"north": {"uv": [0, 0, 1.5, 2], "texture": "#1_0"},
				"east": {"uv": [0, 0, 0.75, 2], "texture": "#1_0"},
				"south": {"uv": [0, 0, 1.5, 2], "texture": "#1_0"},
				"west": {"uv": [0, 0, 0.75, 2], "texture": "#1_0"},
				"up": {"uv": [0, 0, 1.5, 0.75], "texture": "#1_0"},
				"down": {"uv": [0, 0, 1.5, 0.75], "texture": "#1_0"}
			}
		},
		{
			"from": [7.25, -2.5, 8.75],
			"to": [8.75, 0.5, 9.75],
			"faces": {
				"north": {"uv": [0, 0, 1.5, 3], "texture": "#1_0"},
				"east": {"uv": [0, 0, 1, 3], "texture": "#1_0"},
				"south": {"uv": [0, 0, 1.5, 3], "texture": "#1_0"},
				"west": {"uv": [0, 0, 1, 3], "texture": "#1_0"},
				"up": {"uv": [0, 0, 1.5, 1], "texture": "#1_0"},
				"down": {"uv": [0, 0, 1.5, 1], "texture": "#1_0"}
			}
		},
		{
			"from": [8.75, -2, 7.25],
			"to": [9.5, 1, 8.75],
			"faces": {
				"north": {"uv": [0, 0, 0.75, 3], "texture": "#1_0"},
				"east": {"uv": [0, 0, 1.5, 3], "texture": "#1_0"},
				"south": {"uv": [0, 0, 0.75, 3], "texture": "#1_0"},
				"west": {"uv": [0, 0, 1.5, 3], "texture": "#1_0"},
				"up": {"uv": [0, 0, 1.5, 0.75], "rotation": 270, "texture": "#1_0"},
				"down": {"uv": [0, 0, 1.5, 0.75], "rotation": 90, "texture": "#1_0"}
			}
		},
		{
			"from": [6.5, -2, 7.25],
			"to": [7.25, 1, 8.75],
			"faces": {
				"north": {"uv": [0, 0, 0.75, 3], "texture": "#1_0"},
				"east": {"uv": [0, 0, 1.5, 3], "texture": "#1_0"},
				"south": {"uv": [0, 0, 0.75, 3], "texture": "#1_0"},
				"west": {"uv": [0, 0, 1.5, 3], "texture": "#1_0"},
				"up": {"uv": [0, 0, 1.5, 0.75], "rotation": 270, "texture": "#1_0"},
				"down": {"uv": [0, 0, 1.5, 0.75], "rotation": 90, "texture": "#1_0"}
			}
		},
		{
			"from": [6.75, -2.5, 8.75],
			"to": [7.25, 0.5, 9.5],
			"faces": {
				"north": {"uv": [0, 0, 0.5, 3], "texture": "#1_0"},
				"east": {"uv": [0, 0, 0.75, 3], "texture": "#1_0"},
				"south": {"uv": [0, 0, 0.5, 3], "texture": "#1_0"},
				"west": {"uv": [0, 0, 0.75, 3], "texture": "#1_0"},
				"up": {"uv": [0, 0, 0.5, 0.75], "texture": "#1_0"},
				"down": {"uv": [0, 0, 0.5, 0.75], "texture": "#1_0"}
			}
		},
		{
			"from": [8.75, -2.5, 8.75],
			"to": [9.25, 0.5, 9.5],
			"faces": {
				"north": {"uv": [0, 0, 0.5, 3], "texture": "#1_0"},
				"east": {"uv": [0, 0, 0.75, 3], "texture": "#1_0"},
				"south": {"uv": [0, 0, 0.5, 3], "texture": "#1_0"},
				"west": {"uv": [0, 0, 0.75, 3], "texture": "#1_0"},
				"up": {"uv": [0, 0, 0.5, 0.75], "texture": "#1_0"},
				"down": {"uv": [0, 0, 0.5, 0.75], "texture": "#1_0"}
			}
		},
		{
			"from": [8.75, -2, 6.75],
			"to": [9.25, 0.5, 7.25],
			"faces": {
				"north": {"uv": [0, 0, 0.5, 2.5], "texture": "#1_0"},
				"east": {"uv": [0, 0, 0.5, 2.5], "texture": "#1_0"},
				"south": {"uv": [0, 0, 0.5, 2.5], "texture": "#1_0"},
				"west": {"uv": [0, 0, 0.5, 2.5], "texture": "#1_0"},
				"up": {"uv": [0, 0, 0.5, 0.5], "texture": "#1_0"},
				"down": {"uv": [0, 0, 0.5, 0.5], "texture": "#1_0"}
			}
		},
		{
			"from": [6.75, -2, 6.75],
			"to": [7.25, 0.5, 7.25],
			"faces": {
				"north": {"uv": [0, 0, 0.5, 2.5], "texture": "#1_0"},
				"east": {"uv": [0, 0, 0.5, 2.5], "texture": "#1_0"},
				"south": {"uv": [0, 0, 0.5, 2.5], "texture": "#1_0"},
				"west": {"uv": [0, 0, 0.5, 2.5], "texture": "#1_0"},
				"up": {"uv": [0, 0, 0.5, 0.5], "texture": "#1_0"},
				"down": {"uv": [0, 0, 0.5, 0.5], "texture": "#1_0"}
			}
		},
		{
			"from": [6.5, 1, 8],
			"to": [7.25, 1.75, 8.75],
			"faces": {
				"north": {"uv": [0, 0, 0.75, 0.75], "texture": "#1_0"},
				"east": {"uv": [0, 0, 0.75, 0.75], "texture": "#1_0"},
				"south": {"uv": [0, 0, 0.75, 0.75], "texture": "#1_0"},
				"west": {"uv": [0, 0, 0.75, 0.75], "texture": "#1_0"},
				"up": {"uv": [0, 0, 0.75, 0.75], "rotation": 270, "texture": "#1_0"},
				"down": {"uv": [0, 0, 0.75, 0.75], "rotation": 90, "texture": "#1_0"}
			}
		},
		{
			"from": [8.75, 1, 8],
			"to": [9.5, 1.75, 8.75],
			"faces": {
				"north": {"uv": [0, 0, 0.75, 0.75], "texture": "#1_0"},
				"east": {"uv": [0, 0, 0.75, 0.75], "texture": "#1_0"},
				"south": {"uv": [0, 0, 0.75, 0.75], "texture": "#1_0"},
				"west": {"uv": [0, 0, 0.75, 0.75], "texture": "#1_0"},
				"up": {"uv": [0, 0, 0.75, 0.75], "rotation": 270, "texture": "#1_0"},
				"down": {"uv": [0, 0, 0.75, 0.75], "rotation": 90, "texture": "#1_0"}
			}
		},
		{
			"from": [8.75, 0.5, 8.75],
			"to": [9.25, 2.75, 9.25],
			"faces": {
				"north": {"uv": [0, 0, 0.5, 2.25], "texture": "#1_0"},
				"east": {"uv": [0, 0, 0.5, 2.25], "texture": "#1_0"},
				"south": {"uv": [0, 0, 0.5, 2.25], "texture": "#1_0"},
				"west": {"uv": [0, 0, 0.5, 2.25], "texture": "#1_0"},
				"up": {"uv": [0, 0, 0.5, 0.5], "texture": "#1_0"},
				"down": {"uv": [0, 0, 0.5, 0.5], "texture": "#1_0"}
			}
		},
		{
			"from": [7.25, 0.5, 8.75],
			"to": [8.75, 3.5, 9.5],
			"faces": {
				"north": {"uv": [0, 0, 1.5, 3], "texture": "#1_0"},
				"east": {"uv": [0, 0, 0.75, 3], "texture": "#1_0"},
				"south": {"uv": [0, 0, 1.5, 3], "texture": "#1_0"},
				"west": {"uv": [0, 0, 0.75, 3], "texture": "#1_0"},
				"up": {"uv": [0, 0, 1.5, 0.75], "texture": "#1_0"},
				"down": {"uv": [0, 0, 1.5, 0.75], "texture": "#1_0"}
			}
		},
		{
			"from": [6.75, 0.5, 8.75],
			"to": [7.25, 2.75, 9.25],
			"faces": {
				"north": {"uv": [0, 0, 0.5, 2.25], "texture": "#1_0"},
				"east": {"uv": [0, 0, 0.5, 2.25], "texture": "#1_0"},
				"south": {"uv": [0, 0, 0.5, 2.25], "texture": "#1_0"},
				"west": {"uv": [0, 0, 0.5, 2.25], "texture": "#1_0"},
				"up": {"uv": [0, 0, 0.5, 0.5], "texture": "#1_0"},
				"down": {"uv": [0, 0, 0.5, 0.5], "texture": "#1_0"}
			}
		},
		{
			"from": [7.5, -10, 6.75],
			"to": [8.5, -8, 7.5],
			"faces": {
				"north": {"uv": [1, 1, 2, 3], "texture": "#1_1"},
				"east": {"uv": [1, 1, 1.75, 3], "texture": "#1_1"},
				"south": {"uv": [1, 1, 2, 3], "texture": "#1_1"},
				"west": {"uv": [1, 1, 1.75, 3], "texture": "#1_1"},
				"up": {"uv": [2, 1, 3, 2], "texture": "#1_1"},
				"down": {"uv": [2, 1, 3, 1.75], "texture": "#1_1"}
			}
		},
		{
			"from": [7.5, -10, 8.5],
			"to": [8.5, -8, 9.25],
			"faces": {
				"north": {"uv": [1, 1, 2, 3], "texture": "#1_1"},
				"east": {"uv": [1, 1, 1.75, 3], "texture": "#1_1"},
				"south": {"uv": [1, 1, 2, 3], "texture": "#1_1"},
				"west": {"uv": [1, 1, 1.75, 3], "texture": "#1_1"},
				"up": {"uv": [2, 1, 3, 2], "texture": "#1_1"},
				"down": {"uv": [2, 1, 3, 1.75], "texture": "#1_1"}
			}
		},
		{
			"from": [8.5, -10, 7.5],
			"to": [9.25, -8, 8.5],
			"faces": {
				"north": {"uv": [1, 1, 2, 3], "texture": "#1_1"},
				"east": {"uv": [1, 1, 1.75, 3], "texture": "#1_1"},
				"south": {"uv": [1, 1, 2, 3], "texture": "#1_1"},
				"west": {"uv": [1, 1, 1.75, 3], "texture": "#1_1"},
				"up": {"uv": [2, 1, 3, 2], "rotation": 270, "texture": "#1_1"},
				"down": {"uv": [2, 1, 3, 1.75], "rotation": 90, "texture": "#1_1"}
			}
		},
		{
			"from": [6.75, -10, 7.5],
			"to": [7.5, -8, 8.5],
			"faces": {
				"north": {"uv": [1, 1, 2, 3], "texture": "#1_1"},
				"east": {"uv": [1, 1, 1.75, 3], "texture": "#1_1"},
				"south": {"uv": [1, 1, 2, 3], "texture": "#1_1"},
				"west": {"uv": [1, 1, 1.75, 3], "texture": "#1_1"},
				"up": {"uv": [2, 1, 3, 2], "rotation": 270, "texture": "#1_1"},
				"down": {"uv": [2, 1, 3, 1.75], "rotation": 90, "texture": "#1_1"}
			}
		},
		{
			"from": [7, -10, 8.5],
			"to": [7.5, -8, 9],
			"faces": {
				"north": {"uv": [1, 1, 2, 3], "texture": "#1_1"},
				"east": {"uv": [1, 1, 1.75, 3], "texture": "#1_1"},
				"south": {"uv": [1, 1, 2, 3], "texture": "#1_1"},
				"west": {"uv": [1, 1, 1.75, 3], "texture": "#1_1"},
				"up": {"uv": [2, 1, 3, 2], "texture": "#1_1"},
				"down": {"uv": [2, 1, 3, 1.75], "texture": "#1_1"}
			}
		},
		{
			"from": [8.5, -10, 8.5],
			"to": [9, -8, 9],
			"faces": {
				"north": {"uv": [1, 1, 2, 3], "texture": "#1_1"},
				"east": {"uv": [1, 1, 1.75, 3], "texture": "#1_1"},
				"south": {"uv": [1, 1, 2, 3], "texture": "#1_1"},
				"west": {"uv": [1, 1, 1.75, 3], "texture": "#1_1"},
				"up": {"uv": [2, 1, 3, 2], "texture": "#1_1"},
				"down": {"uv": [2, 1, 3, 1.75], "texture": "#1_1"}
			}
		},
		{
			"from": [8.5, -10, 7],
			"to": [9, -8, 7.5],
			"faces": {
				"north": {"uv": [1, 1, 2, 3], "texture": "#1_1"},
				"east": {"uv": [1, 1, 1.75, 3], "texture": "#1_1"},
				"south": {"uv": [1, 1, 2, 3], "texture": "#1_1"},
				"west": {"uv": [1, 1, 1.75, 3], "texture": "#1_1"},
				"up": {"uv": [2, 1, 3, 2], "texture": "#1_1"},
				"down": {"uv": [2, 1, 3, 1.75], "texture": "#1_1"}
			}
		},
		{
			"from": [7, -10, 7],
			"to": [7.5, -8, 7.5],
			"faces": {
				"north": {"uv": [1, 1, 2, 3], "texture": "#1_1"},
				"east": {"uv": [1, 1, 1.75, 3], "texture": "#1_1"},
				"south": {"uv": [1, 1, 2, 3], "texture": "#1_1"},
				"west": {"uv": [1, 1, 1.75, 3], "texture": "#1_1"},
				"up": {"uv": [2, 1, 3, 2], "texture": "#1_1"},
				"down": {"uv": [2, 1, 3, 1.75], "texture": "#1_1"}
			}
		},
		{
			"from": [7.25, -8, 6.5],
			"to": [8.75, -6, 7.25],
			"faces": {
				"north": {"uv": [0, 0, 1.5, 2], "texture": "#1_0"},
				"east": {"uv": [0, 0, 0.75, 2], "texture": "#1_0"},
				"south": {"uv": [0, 0, 1.5, 2], "texture": "#1_0"},
				"west": {"uv": [0, 0, 0.75, 2], "texture": "#1_0"},
				"up": {"uv": [0, 0, 1.5, 0.75], "texture": "#1_0"},
				"down": {"uv": [0, 0, 1.5, 0.75], "texture": "#1_0"}
			}
		},
		{
			"from": [7.25, -8, 8.75],
			"to": [8.75, -6, 9.5],
			"faces": {
				"north": {"uv": [0, 0, 1.5, 2], "texture": "#1_0"},
				"east": {"uv": [0, 0, 0.75, 2], "texture": "#1_0"},
				"south": {"uv": [0, 0, 1.5, 2], "texture": "#1_0"},
				"west": {"uv": [0, 0, 0.75, 2], "texture": "#1_0"},
				"up": {"uv": [0, 0, 1.5, 0.75], "texture": "#1_0"},
				"down": {"uv": [0, 0, 1.5, 0.75], "texture": "#1_0"}
			}
		},
		{
			"from": [8.75, -8, 7.25],
			"to": [9.5, -6, 8.75],
			"faces": {
				"north": {"uv": [0, 0, 0.75, 2], "texture": "#1_0"},
				"east": {"uv": [0, 0, 1.5, 2], "texture": "#1_0"},
				"south": {"uv": [0, 0, 0.75, 2], "texture": "#1_0"},
				"west": {"uv": [0, 0, 1.5, 2], "texture": "#1_0"},
				"up": {"uv": [0, 0, 1.5, 0.75], "rotation": 270, "texture": "#1_0"},
				"down": {"uv": [0, 0, 1.5, 0.75], "rotation": 90, "texture": "#1_0"}
			}
		},
		{
			"from": [6.5, -8, 7.25],
			"to": [7.25, -6, 8.75],
			"faces": {
				"north": {"uv": [0, 0, 0.75, 2], "texture": "#1_0"},
				"east": {"uv": [0, 0, 1.5, 2], "texture": "#1_0"},
				"south": {"uv": [0, 0, 0.75, 2], "texture": "#1_0"},
				"west": {"uv": [0, 0, 1.5, 2], "texture": "#1_0"},
				"up": {"uv": [0, 0, 1.5, 0.75], "rotation": 270, "texture": "#1_0"},
				"down": {"uv": [0, 0, 1.5, 0.75], "rotation": 90, "texture": "#1_0"}
			}
		},
		{
			"from": [6.75, -8, 8.75],
			"to": [7.25, -6, 9.25],
			"faces": {
				"north": {"uv": [0, 0, 0.5, 2], "texture": "#1_0"},
				"east": {"uv": [0, 0, 0.5, 2], "texture": "#1_0"},
				"south": {"uv": [0, 0, 0.5, 2], "texture": "#1_0"},
				"west": {"uv": [0, 0, 0.5, 2], "texture": "#1_0"},
				"up": {"uv": [0, 0, 0.5, 0.5], "texture": "#1_0"},
				"down": {"uv": [0, 0, 0.5, 0.5], "texture": "#1_0"}
			}
		},
		{
			"from": [8.75, -8, 8.75],
			"to": [9.25, -6, 9.25],
			"faces": {
				"north": {"uv": [0, 0, 0.5, 2], "texture": "#1_0"},
				"east": {"uv": [0, 0, 0.5, 2], "texture": "#1_0"},
				"south": {"uv": [0, 0, 0.5, 2], "texture": "#1_0"},
				"west": {"uv": [0, 0, 0.5, 2], "texture": "#1_0"},
				"up": {"uv": [0, 0, 0.5, 0.5], "texture": "#1_0"},
				"down": {"uv": [0, 0, 0.5, 0.5], "texture": "#1_0"}
			}
		},
		{
			"from": [8.75, -8, 6.75],
			"to": [9.25, -6, 7.25],
			"faces": {
				"north": {"uv": [0, 0, 0.5, 2], "texture": "#1_0"},
				"east": {"uv": [0, 0, 0.5, 2], "texture": "#1_0"},
				"south": {"uv": [0, 0, 0.5, 2], "texture": "#1_0"},
				"west": {"uv": [0, 0, 0.5, 2], "texture": "#1_0"},
				"up": {"uv": [0, 0, 0.5, 0.5], "texture": "#1_0"},
				"down": {"uv": [0, 0, 0.5, 0.5], "texture": "#1_0"}
			}
		},
		{
			"from": [6.75, -8, 6.75],
			"to": [7.25, -6, 7.25],
			"faces": {
				"north": {"uv": [0, 0, 0.5, 2], "texture": "#1_0"},
				"east": {"uv": [0, 0, 0.5, 2], "texture": "#1_0"},
				"south": {"uv": [0, 0, 0.5, 2], "texture": "#1_0"},
				"west": {"uv": [0, 0, 0.5, 2], "texture": "#1_0"},
				"up": {"uv": [0, 0, 0.5, 0.5], "texture": "#1_0"},
				"down": {"uv": [0, 0, 0.5, 0.5], "texture": "#1_0"}
			}
		},
		{
			"from": [7.5, -8, 6],
			"to": [8.5, -6, 6.5],
			"faces": {
				"north": {"uv": [0, 0, 1, 2], "texture": "#1_0"},
				"east": {"uv": [0, 0, 0.5, 2], "texture": "#1_0"},
				"south": {"uv": [0, 0, 1, 2], "texture": "#1_0"},
				"west": {"uv": [0, 0, 0.5, 2], "texture": "#1_0"},
				"up": {"uv": [0, 0, 1, 0.5], "texture": "#1_0"},
				"down": {"uv": [0, 0, 1, 0.5], "texture": "#1_0"}
			}
		},
		{
			"from": [7.75, -7.5, 5.9],
			"to": [8.25, -6.5, 6],
			"faces": {
				"north": {"uv": [0, 0, 0.5, 1], "texture": "#4"},
				"east": {"uv": [0, 0, 0.1, 1], "texture": "#4"},
				"south": {"uv": [0, 0, 0.5, 1], "texture": "#4"},
				"west": {"uv": [0, 0, 0.1, 1], "texture": "#4"},
				"up": {"uv": [0, 0, 0.5, 0.1], "texture": "#4"},
				"down": {"uv": [0, 0, 0.5, 0.1], "texture": "#4"}
			}
		},
		{
			"from": [7.5, -5.25, 7.5],
			"to": [8.5, -1.25, 8.5],
			"faces": {
				"north": {"uv": [1, 1, 2, 5], "texture": "#1_3"},
				"east": {"uv": [1, 1, 2, 5], "texture": "#1_3"},
				"south": {"uv": [1, 1, 2, 5], "texture": "#1_3"},
				"west": {"uv": [1, 1, 2, 5], "texture": "#1_3"},
				"up": {"uv": [0, 0, 1, 1], "texture": "#1_3"},
				"down": {"uv": [0, 0, 1, 1], "texture": "#1_3"}
			}
		},
		{
			"from": [7.5, -6, 6.75],
			"to": [8.5, -2, 7.5],
			"faces": {
				"north": {"uv": [1, 2, 2, 6], "texture": "#1_1"},
				"east": {"uv": [1, 2, 1.75, 6], "texture": "#1_1"},
				"south": {"uv": [1, 2, 2, 6], "texture": "#1_1"},
				"west": {"uv": [1, 2, 1.75, 6], "texture": "#1_1"},
				"up": {"uv": [1, 1, 2, 1.75], "texture": "#1_1"},
				"down": {"uv": [1, 1, 2, 1.75], "texture": "#1_1"}
			}
		},
		{
			"from": [7.5, -6, 8.5],
			"to": [8.5, -2, 9.25],
			"faces": {
				"north": {"uv": [1, 2, 2, 6], "texture": "#1_1"},
				"east": {"uv": [1, 2, 1.75, 6], "texture": "#1_1"},
				"south": {"uv": [1, 2, 2, 6], "texture": "#1_1"},
				"west": {"uv": [1, 2, 1.75, 6], "texture": "#1_1"},
				"up": {"uv": [1, 1, 2, 1.75], "texture": "#1_1"},
				"down": {"uv": [1, 1, 2, 1.75], "texture": "#1_1"}
			}
		},
		{
			"from": [8.5, -6, 7.5],
			"to": [9.25, -2, 8.5],
			"faces": {
				"north": {"uv": [1, 2, 2, 6], "texture": "#1_1"},
				"east": {"uv": [1, 2, 1.75, 6], "texture": "#1_1"},
				"south": {"uv": [1, 2, 2, 6], "texture": "#1_1"},
				"west": {"uv": [1, 2, 1.75, 6], "texture": "#1_1"},
				"up": {"uv": [1, 1, 2, 1.75], "rotation": 270, "texture": "#1_1"},
				"down": {"uv": [1, 1, 2, 1.75], "rotation": 90, "texture": "#1_1"}
			}
		},
		{
			"from": [6.75, -6, 7.5],
			"to": [7.5, -2, 8.5],
			"faces": {
				"north": {"uv": [1, 2, 2, 6], "texture": "#1_1"},
				"east": {"uv": [1, 2, 1.75, 6], "texture": "#1_1"},
				"south": {"uv": [1, 2, 2, 6], "texture": "#1_1"},
				"west": {"uv": [1, 2, 1.75, 6], "texture": "#1_1"},
				"up": {"uv": [1, 1, 2, 1.75], "rotation": 270, "texture": "#1_1"},
				"down": {"uv": [1, 1, 2, 1.75], "rotation": 90, "texture": "#1_1"}
			}
		},
		{
			"from": [7, -6, 8.5],
			"to": [7.5, -2, 9],
			"faces": {
				"north": {"uv": [1, 2, 2, 6], "texture": "#1_1"},
				"east": {"uv": [1, 2, 1.75, 6], "texture": "#1_1"},
				"south": {"uv": [1, 2, 2, 6], "texture": "#1_1"},
				"west": {"uv": [1, 2, 1.75, 6], "texture": "#1_1"},
				"up": {"uv": [1, 1, 2, 1.75], "texture": "#1_1"},
				"down": {"uv": [1, 1, 2, 1.75], "texture": "#1_1"}
			}
		},
		{
			"from": [8.5, -6, 8.5],
			"to": [9, -2, 9],
			"faces": {
				"north": {"uv": [1, 2, 2, 6], "texture": "#1_1"},
				"east": {"uv": [1, 2, 1.75, 6], "texture": "#1_1"},
				"south": {"uv": [1, 2, 2, 6], "texture": "#1_1"},
				"west": {"uv": [1, 2, 1.75, 6], "texture": "#1_1"},
				"up": {"uv": [1, 1, 2, 1.75], "texture": "#1_1"},
				"down": {"uv": [1, 1, 2, 1.75], "texture": "#1_1"}
			}
		},
		{
			"from": [8.5, -6, 7],
			"to": [9, -2, 7.5],
			"faces": {
				"north": {"uv": [1, 2, 2, 6], "texture": "#1_1"},
				"east": {"uv": [1, 2, 1.75, 6], "texture": "#1_1"},
				"south": {"uv": [1, 2, 2, 6], "texture": "#1_1"},
				"west": {"uv": [1, 2, 1.75, 6], "texture": "#1_1"},
				"up": {"uv": [1, 1, 2, 1.75], "texture": "#1_1"},
				"down": {"uv": [1, 1, 2, 1.75], "texture": "#1_1"}
			}
		},
		{
			"from": [7, -6, 7],
			"to": [7.5, -2, 7.5],
			"faces": {
				"north": {"uv": [1, 2, 2, 6], "texture": "#1_1"},
				"east": {"uv": [1, 2, 1.75, 6], "texture": "#1_1"},
				"south": {"uv": [1, 2, 2, 6], "texture": "#1_1"},
				"west": {"uv": [1, 2, 1.75, 6], "texture": "#1_1"},
				"up": {"uv": [1, 1, 2, 1.75], "texture": "#1_1"},
				"down": {"uv": [1, 1, 2, 1.75], "texture": "#1_1"}
			}
		},
		{
			"from": [7.25, -15, 6.5],
			"to": [8.75, -14.5, 7.25],
			"faces": {
				"north": {"uv": [0, 0, 1.5, 0.5], "texture": "#1_0"},
				"east": {"uv": [0, 0, 0.75, 0.5], "texture": "#1_0"},
				"south": {"uv": [0, 0, 1.5, 0.5], "texture": "#1_0"},
				"west": {"uv": [0, 0, 0.75, 0.5], "texture": "#1_0"},
				"up": {"uv": [0, 0, 1.5, 0.75], "texture": "#1_0"},
				"down": {"uv": [0, 0, 1.5, 0.75], "texture": "#1_0"}
			}
		},
		{
			"from": [7.25, -15, 8.75],
			"to": [8.75, -14.5, 9.5],
			"faces": {
				"north": {"uv": [0, 0, 1.5, 0.5], "texture": "#1_0"},
				"east": {"uv": [0, 0, 0.75, 0.5], "texture": "#1_0"},
				"south": {"uv": [0, 0, 1.5, 0.5], "texture": "#1_0"},
				"west": {"uv": [0, 0, 0.75, 0.5], "texture": "#1_0"},
				"up": {"uv": [0, 0, 1.5, 0.75], "texture": "#1_0"},
				"down": {"uv": [0, 0, 1.5, 0.75], "texture": "#1_0"}
			}
		},
		{
			"from": [8.75, -15, 7.25],
			"to": [9.5, -14.5, 8.75],
			"faces": {
				"north": {"uv": [0, 0, 0.75, 0.5], "texture": "#1_0"},
				"east": {"uv": [0, 0, 1.5, 0.5], "texture": "#1_0"},
				"south": {"uv": [0, 0, 0.75, 0.5], "texture": "#1_0"},
				"west": {"uv": [0, 0, 1.5, 0.5], "texture": "#1_0"},
				"up": {"uv": [0, 0, 1.5, 0.75], "rotation": 270, "texture": "#1_0"},
				"down": {"uv": [0, 0, 1.5, 0.75], "rotation": 90, "texture": "#1_0"}
			}
		},
		{
			"from": [6.5, -15, 7.25],
			"to": [7.25, -14.5, 8.75],
			"faces": {
				"north": {"uv": [0, 0, 0.75, 0.5], "texture": "#1_0"},
				"east": {"uv": [0, 0, 1.5, 0.5], "texture": "#1_0"},
				"south": {"uv": [0, 0, 0.75, 0.5], "texture": "#1_0"},
				"west": {"uv": [0, 0, 1.5, 0.5], "texture": "#1_0"},
				"up": {"uv": [0, 0, 1.5, 0.75], "rotation": 270, "texture": "#1_0"},
				"down": {"uv": [0, 0, 1.5, 0.75], "rotation": 90, "texture": "#1_0"}
			}
		},
		{
			"from": [6.75, -15, 8.75],
			"to": [7.25, -14.5, 9.25],
			"faces": {
				"north": {"uv": [0, 0, 0.5, 0.5], "texture": "#1_2"},
				"east": {"uv": [0, 0, 0.5, 0.5], "texture": "#1_2"},
				"south": {"uv": [0, 0, 0.5, 0.5], "texture": "#1_2"},
				"west": {"uv": [0, 0, 0.5, 0.5], "texture": "#1_2"},
				"up": {"uv": [0, 0, 0.5, 0.5], "texture": "#1_2"},
				"down": {"uv": [0, 0, 0.5, 0.5], "texture": "#1_2"}
			}
		},
		{
			"from": [8.75, -15, 8.75],
			"to": [9.25, -14.5, 9.25],
			"faces": {
				"north": {"uv": [0, 0, 0.5, 0.5], "texture": "#1_2"},
				"east": {"uv": [0, 0, 0.5, 0.5], "texture": "#1_2"},
				"south": {"uv": [0, 0, 0.5, 0.5], "texture": "#1_2"},
				"west": {"uv": [0, 0, 0.5, 0.5], "texture": "#1_2"},
				"up": {"uv": [0, 0, 0.5, 0.5], "texture": "#1_2"},
				"down": {"uv": [0, 0, 0.5, 0.5], "texture": "#1_2"}
			}
		},
		{
			"from": [8.75, -15, 6.75],
			"to": [9.25, -14.5, 7.25],
			"faces": {
				"north": {"uv": [0, 0, 0.5, 0.5], "texture": "#1_2"},
				"east": {"uv": [0, 0, 0.5, 0.5], "texture": "#1_2"},
				"south": {"uv": [0, 0, 0.5, 0.5], "texture": "#1_2"},
				"west": {"uv": [0, 0, 0.5, 0.5], "texture": "#1_2"},
				"up": {"uv": [0, 0, 0.5, 0.5], "texture": "#1_2"},
				"down": {"uv": [0, 0, 0.5, 0.5], "texture": "#1_2"}
			}
		},
		{
			"from": [6.75, -15, 6.75],
			"to": [7.25, -14.5, 7.25],
			"faces": {
				"north": {"uv": [0, 0, 0.5, 0.5], "texture": "#1_2"},
				"east": {"uv": [0, 0, 0.5, 0.5], "texture": "#1_2"},
				"south": {"uv": [0, 0, 0.5, 0.5], "texture": "#1_2"},
				"west": {"uv": [0, 0, 0.5, 0.5], "texture": "#1_2"},
				"up": {"uv": [0, 0, 0.5, 0.5], "texture": "#1_2"},
				"down": {"uv": [0, 0, 0.5, 0.5], "texture": "#1_2"}
			}
		},
		{
			"from": [7, -15.1, 7],
			"to": [9, -15, 9],
			"faces": {
				"north": {"uv": [0, 0, 2, 0.1], "texture": "#1_0"},
				"east": {"uv": [0, 0, 2, 0.1], "texture": "#1_0"},
				"south": {"uv": [0, 0, 2, 0.1], "texture": "#1_0"},
				"west": {"uv": [0, 0, 2, 0.1], "texture": "#1_0"},
				"up": {"uv": [0, 0, 2, 2], "texture": "#1_0"},
				"down": {"uv": [0, 0, 2, 2], "texture": "#1_0"}
			}
		},
		{
			"from": [7.5, -1, 7.5],
			"to": [8.5, 31.75, 8.5],
			"faces": {
				"north": {"uv": [7, 0, 8, 16], "texture": "#6"},
				"east": {"uv": [7, 0, 8, 16], "texture": "#6"},
				"south": {"uv": [7, 0, 8, 16], "texture": "#6"},
				"west": {"uv": [7, 0, 8, 16], "texture": "#6"},
				"up": {"uv": [7, 0, 8, 1], "texture": "#6"},
				"down": {"uv": [7, 0, 8, 1], "texture": "#6"}
			}
		},
		{
			"from": [8.5, -1, 7.5],
			"to": [8.75, 32, 8.75],
			"faces": {
				"north": {"uv": [7, 0, 8, 16], "texture": "#3"},
				"east": {"uv": [7, 0, 8, 16], "texture": "#3"},
				"south": {"uv": [7, 0, 8, 16], "texture": "#3"},
				"west": {"uv": [7, 0, 8, 16], "texture": "#3"},
				"up": {"uv": [7, 0, 8, 1], "texture": "#3"},
				"down": {"uv": [7, 0, 8, 1], "texture": "#3"}
			}
		},
		{
			"from": [7.25, -1, 7.25],
			"to": [7.5, 32, 8.5],
			"faces": {
				"north": {"uv": [7, 0, 8, 16], "texture": "#3"},
				"east": {"uv": [7, 0, 8, 16], "texture": "#3"},
				"south": {"uv": [7, 0, 8, 16], "texture": "#3"},
				"west": {"uv": [7, 0, 8, 16], "texture": "#3"},
				"up": {"uv": [7, 0, 8, 1], "rotation": 180, "texture": "#3"},
				"down": {"uv": [7, 0, 8, 1], "rotation": 180, "texture": "#3"}
			}
		},
		{
			"from": [7.25, -1, 8.5],
			"to": [8.5, 32, 8.75],
			"faces": {
				"north": {"uv": [7, 0, 8, 16], "texture": "#3"},
				"east": {"uv": [7, 0, 8, 16], "texture": "#3"},
				"south": {"uv": [7, 0, 8, 16], "texture": "#3"},
				"west": {"uv": [7, 0, 8, 16], "texture": "#3"},
				"up": {"uv": [7, 0, 8, 1], "rotation": 90, "texture": "#3"},
				"down": {"uv": [7, 0, 8, 1], "rotation": 270, "texture": "#3"}
			}
		},
		{
			"from": [7.5, -1, 7.25],
			"to": [8.75, 32, 7.5],
			"faces": {
				"north": {"uv": [7, 0, 8, 16], "texture": "#3"},
				"east": {"uv": [7, 0, 8, 16], "texture": "#3"},
				"south": {"uv": [7, 0, 8, 16], "texture": "#3"},
				"west": {"uv": [7, 0, 8, 16], "texture": "#3"},
				"up": {"uv": [7, 0, 8, 1], "rotation": 270, "texture": "#3"},
				"down": {"uv": [7, 0, 8, 1], "rotation": 90, "texture": "#3"}
			}
		},
		{
			"from": [7.5, 31.75, 7.5],
			"to": [8.5, 32, 8.5],
			"faces": {
				"north": {"uv": [7, 0, 8, 16], "texture": "#3"},
				"east": {"uv": [7, 0, 8, 16], "texture": "#3"},
				"south": {"uv": [7, 0, 8, 16], "texture": "#3"},
				"west": {"uv": [7, 0, 8, 16], "texture": "#3"},
				"up": {"uv": [7, 0, 8, 1], "rotation": 180, "texture": "#3"},
				"down": {"uv": [7, 0, 8, 1], "rotation": 180, "texture": "#3"}
			}
		}
	],
	"display": {
		"thirdperson_righthand": {
			"rotation": [0, 135, 0],
			"translation": [0, 11, 0],
			"scale": [0.7, 0.7, 0.7]
		},
		"thirdperson_lefthand": {
			"rotation": [0, 135, 0],
			"translation": [0, 11, 0],
			"scale": [0.7, 0.7, 0.7]
		},
		"firstperson_righthand": {
			"rotation": [-14, 107, 0],
			"translation": [1, 10, 0],
			"scale": [0.8, 0.8, 0.8]
		},
		"firstperson_lefthand": {
			"rotation": [-14, 107, 0],
			"translation": [1, 10, 0],
			"scale": [0.8, 0.8, 0.8]
		},
		"ground": {
			"rotation": [90, 0, 0],
			"translation": [0, -1.75, 9]
		},
		"gui": {
			"rotation": [30, 135, 0],
			"scale": [0.4, 0.4, 0.4]
		},
		"head": {
			"rotation": [-45, 0, 0],
			"translation": [0, 6, -7.5]
		},
		"fixed": {
			"rotation": [0, -45, 0],
			"scale": [0.4, 0.4, 0.4]
		}
	},
	"groups": [
		{
			"name": "blue_saber",
			"children": [
				{
					"name": "base_saber",
					"children": [
						{
							"name": "group7",
							"children": [0, 1, 2, 3, 4, 5, 6, 7]
						},
						{
							"name": "group5",
							"children": [8, 9, 10, 11, 12, 13, 14, 15, 16, 17, 18, 19, 20]
						},
						{
							"name": "group4",
							"children": [21, 22, 23, 24, 25, 26, 27, 28]
						},
						{
							"name": "group3",
							"children": [29, 30, 31, 32, 33, 34, 35, 36, 37, 38, 39]
						},
						{
							"name": "group2",
							"children": [40, 41, 42, 43, 44, 45, 46, 47]
						},
						{
							"name": "group",
							"children": [48, 49, 50, 51, 52, 53, 54, 55, 56]
						}
					]
				}, 57, 58, 59, 60, 61, 62]
		}
	]
}