{
    "parent": "item/handheld",
    "textures": {
        "layer0": "item/carrot_on_a_stick"
    },
	"overrides": [
		{ "predicate": { "custom_model_data": 15471701 }, "model": "rf:rfitem/tvremote"},
		{ "predicate": { "custom_model_data": 15471702 }, "model": "rf:rfitem/e_meter"},

		{ "predicate": { "custom_model_data": 15471801 }, "model": "rf:saber/base_saber"},
		{ "predicate": { "custom_model_data": 15471802 }, "model": "rf:saber/blue_saber"},
		{ "predicate": { "custom_model_data": 15471803 }, "model": "rf:saber/red_saber"}
	]
}