{
    "parent": "item/handheld",
    "textures": {
        "layer0": "item/golden_hoe"
    },
	"overrides": [
        { "predicate": { "custom_model_data": 15472001 }, "model": "rf:block/rfcrafting_table"},
        { "predicate": { "custom_model_data": 15472002 }, "model": "rf:rfblock/basin"},
        { "predicate": { "custom_model_data": 15472003 }, "model": "rf:rfblock/juicer"},
        { "predicate": { "custom_model_data": 15472004 }, "model": "rf:rfblock/bookshelf"},
        { "predicate": { "custom_model_data": 15472005 }, "model": "rf:rfblock/chair_acacia"},
        { "predicate": { "custom_model_data": 15472006 }, "model": "rf:rfblock/chair_birch"},
        { "predicate": { "custom_model_data": 15472007 }, "model": "rf:rfblock/chair_dark_oak"},
        { "predicate": { "custom_model_data": 15472008 }, "model": "rf:rfblock/chair_jungle"},
        { "predicate": { "custom_model_data": 15472009 }, "model": "rf:rfblock/chair_oak"},
        { "predicate": { "custom_model_data": 15472010 }, "model": "rf:rfblock/chair_spruce"},
        { "predicate": { "custom_model_data": 15472011 }, "model": "rf:rfblock/compressor"},
        { "predicate": { "custom_model_data": 15472012 }, "model": "rf:rfblock/crop_get_machine"},
        { "predicate": { "custom_model_data": 15472013 }, "model": "rf:rfblock/charger"},
        { "predicate": { "custom_model_data": 15472014 }, "model": "rf:rfblock/discharger"},
        { "predicate": { "custom_model_data": 15472015 }, "model": "rf:rfblock/desk_glass"},
        { "predicate": { "custom_model_data": 15472016 }, "model": "rf:rfblock/farm_machine_off"},
        { "predicate": { "custom_model_data": 15472017 }, "model": "rf:rfblock/generator_geo_energy"},
        { "predicate": { "custom_model_data": 15472018 }, "model": "rf:rfblock/generator_light"},
        { "predicate": { "custom_model_data": 15472019 }, "model": "rf:rfblock/generator_redstone"},
        { "predicate": { "custom_model_data": 15472020 }, "model": "rf:rfblock/ingot_furnace_off"},
        { "predicate": { "custom_model_data": 15472021 }, "model": "rf:rfblock/ingot_furnace_on"},
        { "predicate": { "custom_model_data": 15472022 }, "model": "rf:rfblock/microwave_oven"},
        { "predicate": { "custom_model_data": 15472023 }, "model": "rf:rfblock/mine_machine_off"},
        { "predicate": { "custom_model_data": 15472024 }, "model": "rf:rfblock/mine_machine_on"},
        { "predicate": { "custom_model_data": 15472025 }, "model": "rf:rfblock/pulverizer"},
        { "predicate": { "custom_model_data": 15472026 }, "model": "rf:rfblock/refrigerator_bottom"},
        { "predicate": { "custom_model_data": 15472027 }, "model": "rf:rfblock/refrigerator_top"},
        { "predicate": { "custom_model_data": 15472028 }, "model": "rf:rfblock/stall"},
        { "predicate": { "custom_model_data": 15472029 }, "model": "rf:rfblock/stall_side"},
        { "predicate": { "custom_model_data": 15472030 }, "model": "rf:rfblock/swivel_chair_top"},
        { "predicate": { "custom_model_data": 15472031 }, "model": "rf:rfblock/swivel_chair_bottom"},
        { "predicate": { "custom_model_data": 15472032 }, "model": "rf:rfblock/trash"},
        { "predicate": { "custom_model_data": 15472033 }, "model": "rf:rfblock/trash_top"},
        { "predicate": { "custom_model_data": 15472034 }, "model": "rf:rfblock/tv"},
        { "predicate": { "custom_model_data": 15472035 }, "model": "rf:rfblock/tv_1"},
        { "predicate": { "custom_model_data": 15472036 }, "model": "rf:rfblock/tv_2"},
        { "predicate": { "custom_model_data": 15472037 }, "model": "rf:rfblock/tv_3"},
        { "predicate": { "custom_model_data": 15472038 }, "model": "rf:rfblock/tv_4"},
        { "predicate": { "custom_model_data": 15472039 }, "model": "rf:rfblock/tv_5"},
        { "predicate": { "custom_model_data": 15472040 }, "model": "rf:rfblock/generator_wind"},
        { "predicate": { "custom_model_data": 15472041 }, "model": "rf:rfblock/trampoline"},
        { "predicate": { "custom_model_data": 15472042 }, "model": "rf:rfblock/relay_point"},
        { "predicate": { "custom_model_data": 15472043 }, "model": "rf:rfblock/break_machine"},
        { "predicate": { "custom_model_data": 15472044 }, "model": "rf:rfblock/area_shield"},
        { "predicate": { "custom_model_data": 15472045 }, "model": "rf:rfblock/oven"},
        { "predicate": { "custom_model_data": 15472046 }, "model": "rf:rfblock/street_light_top"},
        { "predicate": { "custom_model_data": 15472047 }, "model": "rf:rfblock/street_light_middle"},
        { "predicate": { "custom_model_data": 15472048 }, "model": "rf:rfblock/street_light_bottom"}
    ]
}