{
    "parent": "item/generated",
    "textures": {
        "layer0": "item/white_dye"
    },
    "overrides": [
        { "predicate": { "custom_model_data": 15471501 }, "model": "rf:rfitem/remove_tool"},
        { "predicate": { "custom_model_data": 15471502 }, "model": "rf:rfitem/machine_core"},
        { "predicate": { "custom_model_data": 15471503 }, "model": "rf:rfitem/furnace_core"},
        { "predicate": { "custom_model_data": 15471504 }, "model": "rf:rfitem/fan"},
        { "predicate": { "custom_model_data": 15471505 }, "model": "rf:rfitem/battery"},
        { "predicate": { "custom_model_data": 15471506 }, "model": "rf:rfitem/dust_iron"},
        { "predicate": { "custom_model_data": 15471507 }, "model": "rf:rfitem/dust_gold"},
        { "predicate": { "custom_model_data": 15471508 }, "model": "rf:rfitem/dust_lead"},
        { "predicate": { "custom_model_data": 15471509 }, "model": "rf:rfitem/dust_zinc"},
        { "predicate": { "custom_model_data": 15471510 }, "model": "rf:rfitem/dust_tin"},
        { "predicate": { "custom_model_data": 15471511 }, "model": "rf:rfitem/dust_tungsten"},
        { "predicate": { "custom_model_data": 15471512 }, "model": "rf:rfitem/dust_nickel"},
        { "predicate": { "custom_model_data": 15471513 }, "model": "rf:rfitem/dust_coal"},
        { "predicate": { "custom_model_data": 15471514 }, "model": "rf:rfitem/dust_quartz"},
        { "predicate": { "custom_model_data": 15471515 }, "model": "rf:rfitem/silicon"},
        { "predicate": { "custom_model_data": 15471516 }, "model": "rf:rfitem/sulphur"},
        { "predicate": { "custom_model_data": 15471517 }, "model": "rf:rfitem/niter"},
        { "predicate": { "custom_model_data": 15471518 }, "model": "rf:rfitem/ingot_redstone"},
        { "predicate": { "custom_model_data": 15471519 }, "model": "rf:rfitem/ingot_lead"},
        { "predicate": { "custom_model_data": 15471520 }, "model": "rf:rfitem/ingot_zinc"},
        { "predicate": { "custom_model_data": 15471521 }, "model": "rf:rfitem/ingot_tin"},
        { "predicate": { "custom_model_data": 15471522 }, "model": "rf:rfitem/ingot_nickel"},
        { "predicate": { "custom_model_data": 15471523 }, "model": "rf:rfitem/ingot_tungsten"},
        { "predicate": { "custom_model_data": 15471524 }, "model": "rf:rfitem/pcsilicon"},
        { "predicate": { "custom_model_data": 15471525 }, "model": "rf:rfitem/carbon_lump"},
        { "predicate": { "custom_model_data": 15471526 }, "model": "rf:rfitem/plate_iron"},
        { "predicate": { "custom_model_data": 15471527 }, "model": "rf:rfitem/plate_redstone"},
        { "predicate": { "custom_model_data": 15471528 }, "model": "rf:rfitem/plate_lead"},
        { "predicate": { "custom_model_data": 15471529 }, "model": "rf:rfitem/plate_zinc"},
        { "predicate": { "custom_model_data": 15471530 }, "model": "rf:rfitem/plate_tin"},
        { "predicate": { "custom_model_data": 15471531 }, "model": "rf:rfitem/plate_nickel"},
        { "predicate": { "custom_model_data": 15471532 }, "model": "rf:rfitem/plate_tungsten"},
        { "predicate": { "custom_model_data": 15471533 }, "model": "rf:rfitem/pcsilicon_flat"},
        { "predicate": { "custom_model_data": 15471534 }, "model": "rf:rfitem/saw"}

    ]
}
