{
    "parent": "item/handheld",
    "textures": {
        "layer0": "item/golden_axe"
    },
	"overrides": [
        { "predicate": { "custom_model_data": 15475001 }, "model": "rf:rfblock_desk/bottom_oak"},
        { "predicate": { "custom_model_data": 15475002 }, "model": "rf:rfblock_desk/bottom_birch"},
        { "predicate": { "custom_model_data": 15475003 }, "model": "rf:rfblock_desk/bottom_spruce"},
        { "predicate": { "custom_model_data": 15475004 }, "model": "rf:rfblock_desk/bottom_jungle"},
        { "predicate": { "custom_model_data": 15475005 }, "model": "rf:rfblock_desk/bottom_acacia"},
        { "predicate": { "custom_model_data": 15475006 }, "model": "rf:rfblock_desk/bottom_dark_oak"},
        { "predicate": { "custom_model_data": 15475007 }, "model": "rf:rfblock_desk/bottom_oakp"},
        { "predicate": { "custom_model_data": 15475008 }, "model": "rf:rfblock_desk/bottom_birchp"},
        { "predicate": { "custom_model_data": 15475009 }, "model": "rf:rfblock_desk/bottom_sprucep"},
        { "predicate": { "custom_model_data": 15475010 }, "model": "rf:rfblock_desk/bottom_junglep"},
        { "predicate": { "custom_model_data": 15475011 }, "model": "rf:rfblock_desk/bottom_acaciap"},
        { "predicate": { "custom_model_data": 15475012 }, "model": "rf:rfblock_desk/bottom_dark_oakp"},
        { "predicate": { "custom_model_data": 15475013 }, "model": "rf:rfblock_desk/top_oak"},
        { "predicate": { "custom_model_data": 15475014 }, "model": "rf:rfblock_desk/top_birch"},
        { "predicate": { "custom_model_data": 15475015 }, "model": "rf:rfblock_desk/top_spruce"},
        { "predicate": { "custom_model_data": 15475016 }, "model": "rf:rfblock_desk/top_jungle"},
        { "predicate": { "custom_model_data": 15475017 }, "model": "rf:rfblock_desk/top_acacia"},
        { "predicate": { "custom_model_data": 15475018 }, "model": "rf:rfblock_desk/top_dark_oak"},
        { "predicate": { "custom_model_data": 15475019 }, "model": "rf:rfblock_desk/top_stone"},
        { "predicate": { "custom_model_data": 15475020 }, "model": "rf:rfblock_desk/top_cobblestone"},
        { "predicate": { "custom_model_data": 15475021 }, "model": "rf:rfblock_desk/top_sandstone"},
        { "predicate": { "custom_model_data": 15475022 }, "model": "rf:rfblock_desk/top_andesite"},
        { "predicate": { "custom_model_data": 15475023 }, "model": "rf:rfblock_desk/top_diorite"},
        { "predicate": { "custom_model_data": 15475024 }, "model": "rf:rfblock_desk/top_granite"},
        { "predicate": { "custom_model_data": 15475025 }, "model": "rf:rfblock_desk/bottom_glass"},
        { "predicate": { "custom_model_data": 15475026 }, "model": "rf:rfblock_desk/top_glass"},
        { "predicate": { "custom_model_data": 15475027 }, "model": "rf:rfblock_desk/top_glass_1"}
    ]
}