{
    "parent": "item/handheld",
    "textures": {
        "layer0": "item/wooden_hoe"
    },
	"overrides": [
		{ "predicate": { "custom_model_data": 15471900 }, "model": "rf:gui/gui_empty"},
		{ "predicate": { "custom_model_data": 15471901 }, "model": "rf:gui/furnace"},
		{ "predicate": { "custom_model_data": 15471902 }, "model": "rf:gui/furnace_12"},
		{ "predicate": { "custom_model_data": 15471903 }, "model": "rf:gui/furnace_11"},
		{ "predicate": { "custom_model_data": 15471904 }, "model": "rf:gui/furnace_10"},
		{ "predicate": { "custom_model_data": 15471905 }, "model": "rf:gui/furnace_9"},
		{ "predicate": { "custom_model_data": 15471906 }, "model": "rf:gui/furnace_8"},
		{ "predicate": { "custom_model_data": 15471907 }, "model": "rf:gui/furnace_7"},
		{ "predicate": { "custom_model_data": 15471908 }, "model": "rf:gui/furnace_6"},
		{ "predicate": { "custom_model_data": 15471909 }, "model": "rf:gui/furnace_5"},
		{ "predicate": { "custom_model_data": 15471910 }, "model": "rf:gui/furnace_4"},
		{ "predicate": { "custom_model_data": 15471911 }, "model": "rf:gui/furnace_3"},
		{ "predicate": { "custom_model_data": 15471912 }, "model": "rf:gui/furnace_2"},
		{ "predicate": { "custom_model_data": 15471913 }, "model": "rf:gui/furnace_1"},
		{ "predicate": { "custom_model_data": 15471914 }, "model": "rf:gui/pul"},
		{ "predicate": { "custom_model_data": 15471915 }, "model": "rf:gui/ifr"},
		{ "predicate": { "custom_model_data": 15471916 }, "model": "rf:gui/gui_side"},
		{ "predicate": { "custom_model_data": 15471917 }, "model": "rf:gui/cps"},
		{ "predicate": { "custom_model_data": 15471918 }, "model": "rf:gui/fri"},
		{ "predicate": { "custom_model_data": 15471919 }, "model": "rf:gui/workbench"},
		{ "predicate": { "custom_model_data": 15471920 }, "model": "rf:gui/workbench_1"},
		{ "predicate": { "custom_model_data": 15471921 }, "model": "rf:gui/workbench_2"},
		{ "predicate": { "custom_model_data": 15471922 }, "model": "rf:gui/workbench_3"},
		{ "predicate": { "custom_model_data": 15471923 }, "model": "rf:gui/workbench_4"},
		{ "predicate": { "custom_model_data": 15471924 }, "model": "rf:gui/workbench_5"},
		{ "predicate": { "custom_model_data": 15471925 }, "model": "rf:gui/workbench_6"},
		{ "predicate": { "custom_model_data": 15471926 }, "model": "rf:gui/workbench_7"},
		{ "predicate": { "custom_model_data": 15471927 }, "model": "rf:gui/workbench_8"},
		{ "predicate": { "custom_model_data": 15471928 }, "model": "rf:gui/workbench_9"},
		{ "predicate": { "custom_model_data": 15471929 }, "model": "rf:gui/workbench_10"},

		{ "predicate": { "custom_model_data": 15471951 }, "model": "rf:gui/abm"},
		{ "predicate": { "custom_model_data": 15471952 }, "model": "rf:gui/abm_1"},
		{ "predicate": { "custom_model_data": 15471953 }, "model": "rf:gui/abm_2"},
		{ "predicate": { "custom_model_data": 15471954 }, "model": "rf:gui/abm_3"}
	]
}