{
  "parent": "rf:juicer",
  "display": {
    "icon": {
      "item": "minecraft:potion",
      "nbt" :"{id:\"rf:carrot_juice\",CustomPotionColor:16621107}"
    },
    "title": {
      "translate": "advancements.rfcraft.all_juice.title"
    },
    "description": {
      "translate": "advancements.rfcraft.all_juice.description"
    },
    "frame": "goal",
    "show_toast": true,
    "announce_to_chat": true,
    "hidden": false
  },
  "rewards": {
    "experience": 10
  },
  "criteria": {
    "apple_juice": {
      "trigger": "minecraft:inventory_changed",
      "conditions": {
        "item": {
          "item": "minecraft:potion",
          "nbt" :"{id:\"rf:apple_juice\"}"
        }
      }
    },
    "carrot_juice": {
      "trigger": "minecraft:inventory_changed",
      "conditions": {
        "item": {
          "item": "minecraft:potion",
          "nbt" :"{id:\"rf:carrot_juice\"}"
        }
      }
    },
    "melon_juice": {
      "trigger": "minecraft:inventory_changed",
      "conditions": {
        "item": {
          "item": "minecraft:potion",
          "nbt" :"{id:\"rf:melon_juice\"}"
        }
      }
    },
    "cocoa": {
      "trigger": "minecraft:inventory_changed",
      "conditions": {
        "item": {
          "item": "minecraft:potion",
          "nbt" :"{id:\"rf:cocoa\"}"
        }
      }
    },
    "chorus_juice": {
      "trigger": "minecraft:inventory_changed",
      "conditions": {
        "item": {
          "item": "minecraft:potion",
          "nbt" :"{id:\"rf:chorus_juice\"}"
        }
      }
    },
    "cane_juice": {
      "trigger": "minecraft:inventory_changed",
      "conditions": {
        "item": {
          "item": "minecraft:potion",
          "nbt" :"{id:\"rf:cane_juice\"}"
        }
      }
    }
  }
}