{
    "parent": "item/handheld",
    "textures": {
        "layer0": "item/carrot_on_a_stick"
    },
	"overrides": [
		{
		   "predicate": {
		      "damaged": 1,
		      "damage": 0.00
		   },
		   "model": "item/carrot_on_a_stick_org"
		},
		{
		   "predicate": {
		      "damaged": 0,
		      "damage": 0.04
		   },
		   "model": "rf:rfitem/tvremote"
		},
		{
		   "predicate": {
		      "damaged": 0,
		      "damage": 0.08
		   },
		   "model": "rf:rfitem/e_meter"
		},
		{
		   "predicate": {
		      "damaged": 0,
		      "damage": 0.12
		   },
		   "model": "item/carrot_on_a_stick_org"
		}
	]
}