{
    "parent": "item/handheld",
    "textures": {
        "layer0": "item/golden_shovel"
    },
	"overrides": [
		{
		   "predicate": {
		      "damaged": 1,
		      "damage": 0.00
		   },
		   "model": "item/golden_shovel_org"
		},
		{
		   "predicate": {
		      "damaged": 0,
		      "damage": 0.03
		   },
		   "model": "rf:rfblock/bookshelf"
		},
		{
		   "predicate": {
		      "damaged": 0,
		      "damage": 0.06
		   },
		   "model": "rf:rfblock/farm_machine_off"
		},
		{
		   "predicate": {
		      "damaged": 0,
		      "damage": 0.09
		   },
		   "model": "rf:rfitem/battery"
		},
		{
		   "predicate": {
		      "damaged": 0,
		      "damage": 0.12
		   },
		   "model": "rf:rfblock/charger"
		},
		{
		   "predicate": {
		      "damaged": 0,
		      "damage": 0.15
		   },
		   "model": "rf:rfblock/discharger"
		},
		{
		   "predicate": {
		      "damaged": 0,
		      "damage": 0.18
		   },
		   "model": "rf:rfblock/pulverizer"
		},
		{
		   "predicate": {
		      "damaged": 0,
		      "damage": 0.21
		   },
		   "model": "rf:rfblock/ingot_furnace_off"
		},
		{
		   "predicate": {
		      "damaged": 0,
		      "damage": 0.24
		   },
		   "model": "rf:rfblock/ingot_furnace_on"
		},
		{
		   "predicate": {
		      "damaged": 0,
		      "damage": 0.27
		   },
		   "model": "rf:rfblock/generator_redstone"
		},
		{
		   "predicate": {
		      "damaged": 0,
		      "damage": 0.30
		   },
		   "model": "rf:rfblock/crop_get_machine"
		},
		{
		   "predicate": {
		      "damaged": 0,
		      "damage": 0.33
		   },
		   "model": "rf:rfblock/generator_light"
		},
		{
		   "predicate": {
		      "damaged": 0,
		      "damage": 0.363636
		   },
		   "model": "rf:rfblock/compressor"
		},
		{
		   "predicate": {
		      "damaged": 0,
		      "damage": 0.393939
		   },
		   "model": "rf:rfblock/generator_geo_energy"
		},
		{
		   "predicate": {
		      "damaged": 0,
		      "damage": 0.424242
		   },
		   "model": "rf:rfblock/generator_wind"
		},
		{
		   "predicate": {
		      "damaged": 0,
		      "damage": 0.454545
		   },
		   "model": "rf:rfitem/fan"
		},
		{
		   "predicate": {
		      "damaged": 0,
		      "damage": 0.484848
		   },
		   "model": "rf:rfblock/trampoline"
		},
		{
		   "predicate": {
		      "damaged": 0,
		      "damage": 0.515151
		   },
		   "model": "rf:rfblock/relay_point"
		},
		{
		   "predicate": {
		      "damaged": 0,
		      "damage": 0.545454
		   },
		   "model": "rf:rfblock/break_machine"
		},
		{
		   "predicate": {
		      "damaged": 0,
		      "damage": 0.575757
		   },
		   "model": "rf:rfblock/area_shield"
		},
		{
		   "predicate": {
		      "damaged": 0,
		      "damage": 0.606060
		   },
		   "model": "rf:rfblock/oven"
		},
		{
		   "predicate": {
		      "damaged": 0,
		      "damage": 0.636363
		   },
		   "model": "rf:block/rfrecipe_table"
		},
		{
		   "predicate": {
		      "damaged": 0,
		      "damage": 0.969696
		   },
		   "model": "item/golden_shovel_org"
		}
	]
}