{
    "parent": "item/handheld",
    "textures": {
        "layer0": "item/wooden_hoe"
    },
	"overrides": [
		{
		   "predicate": {
		      "damaged": 1,
		      "damage": 0.00
		   },
		   "model": "item/wooden_hoe_org"
		},
		{
		   "predicate": {
		      "damaged": 0,
		      "damage": 0.016666666
		   },
		   "model": "rf:rfitem/machine_core"
		},
		{
		   "predicate": {
		      "damaged": 0,
		      "damage": 0.033333333
		   },
		   "model": "rf:rfitem/furnace_core"
		},
		{
		   "predicate": {
		      "damaged": 0,
		      "damage": 0.050000000
		   },
		   "model": "rf:gui/furnace"
		},
		{
		   "predicate": {
		      "damaged": 0,
		      "damage": 0.066666667
		   },
		   "model": "rf:gui/furnace_12"
		},
		{
		   "predicate": {
		      "damaged": 0,
		      "damage": 0.083333333
		   },
		   "model": "rf:gui/furnace_11"
		},
		{
		   "predicate": {
		      "damaged": 0,
		      "damage": 0.100000000
		   },
		   "model": "rf:gui/furnace_10"
		},
		{
		   "predicate": {
		      "damaged": 0,
		      "damage": 0.116666666
		   },
		   "model": "rf:gui/furnace_9"
		},
		{
		   "predicate": {
		      "damaged": 0,
		      "damage": 0.133333333
		   },
		   "model": "rf:gui/furnace_8"
		},
		{
		   "predicate": {
		      "damaged": 0,
		      "damage": 0.150000000
		   },
		   "model": "rf:gui/furnace_7"
		},
		{
		   "predicate": {
		      "damaged": 0,
		      "damage": 0.166666667
		   },
		   "model": "rf:gui/furnace_6"
		},
		{
		   "predicate": {
		      "damaged": 0,
		      "damage": 0.183333333
		   },
		   "model": "rf:gui/furnace_5"
		},
		{
		   "predicate": {
		      "damaged": 0,
		      "damage": 0.200000000
		   },
		   "model": "rf:gui/furnace_4"
		},
		{
		   "predicate": {
		      "damaged": 0,
		      "damage": 0.216666666
		   },
		   "model": "rf:gui/furnace_3"
		},
		{
		   "predicate": {
		      "damaged": 0,
		      "damage": 0.233333333
		   },
		   "model": "rf:gui/furnace_2"
		},
		{
		   "predicate": {
		      "damaged": 0,
		      "damage": 0.250000000
		   },
		   "model": "rf:gui/furnace_1"
		},
		{
		   "predicate": {
		      "damaged": 0,
		      "damage": 0.266666667
		   },
		   "model": "rf:gui/fri"
		},
		{
		   "predicate": {
		      "damaged": 0,
		      "damage": 0.283333333
		   },
		   "model": "rf:gui/rec"
		},
		{
		   "predicate": {
		      "damaged": 0,
		      "damage": 0.983333334
		   },
		   "model": "item/wooden_hoe_org"
		}
	]
}