{
	"pools": [
		{
			"rolls": 1,
			"entries": [
				{
					"type": "item",
					"name": "minecraft:bat_spawn_egg",
					"functions": [
						{
							"function": "set_nbt",
							"tag": "{id:\"rf:glass_desk\",CustomModelData:15470015,EntityTag:{CustomName:\"{\\\"text\\\":\\\"Glass_desk\\\"}\",NoAI:1b,Silent:1b,DeathLootTable:empty,Tags:[\"Glass_desk\"],ActiveEffects:[{Id:14,Amplifier:1,Duration:199999980,ShowParticles:0b}]},display:{Name:\"{\\\"translate\\\":\\\"item.rfcraft.glass_desk\\\"}\"}}"
						}
					]
				}
			]
		}
	]
}