{
	"pools": [
		{
			"rolls": 1,
			"entries": [
				{
					"type": "item",
					"name": "minecraft:bat_spawn_egg",
					"functions": [
						{
							"function": "set_nbt",
							"tag": "{id:\"rf:tv\",CustomModelData:15470028,EntityTag:{CustomName:\"{\\\"text\\\":\\\"Tv\\\"}\",NoAI:1b,Silent:1b,DeathLootTable:empty,Tags:[\"Tv\"],ActiveEffects:[{Id:14,Amplifier:1,Duration:199999980,ShowParticles:0b}]},display:{Name:\"{\\\"translate\\\":\\\"item.rfcraft.tv\\\"}\"}}"
						}
					]
				}
			]
		}
	]
}