﻿{
	"parent": "block/orientable",
	"textures": {
		"0": "block/rfcrafting_table_top",
		"1": "block/crafting_table_top",
		"2": "block/observer_side",
		"3": "block/furnace_top",
		"particle": "block/rfcrafting_table_top"
	},
	"elements": [
		{
			"from": [0, 0, 0],
			"to": [16, 16, 16],
			"faces": {
				"north": {"uv": [0, 0, 16, 16], "texture": "#2"},
				"east": {"uv": [0, 0, 16, 16], "texture": "#2"},
				"south": {"uv": [0, 0, 16, 16], "texture": "#2"},
				"west": {"uv": [0, 0, 16, 16], "texture": "#2"},
				"up": {"uv": [0, 0, 16, 16], "texture": "#3"},
				"down": {"uv": [0, 0, 16, 16], "texture": "#3"}
			}
		},
		{
			"from": [2, 16.05, 2],
			"to": [14, 16.05, 14],
			"faces": {
				"north": {"uv": [2, 2, 14, 14], "texture": "#0"},
				"east": {"uv": [2, 2, 14, 14], "texture": "#0"},
				"south": {"uv": [2, 2, 14, 14], "texture": "#0"},
				"west": {"uv": [2, 2, 14, 14], "texture": "#0"},
				"up": {"uv": [2, 2, 14, 14], "texture": "#0"},
				"down": {"uv": [2, 2, 14, 14], "texture": "#0"}
			}
		},
		{
			"from": [3, 16.1, 3],
			"to": [13, 16.1, 13],
			"faces": {
				"north": {"uv": [0, 0, 10, 0], "texture": "#1"},
				"east": {"uv": [0, 0, 10, 0], "texture": "#1"},
				"south": {"uv": [0, 0, 10, 0], "texture": "#1"},
				"west": {"uv": [0, 0, 10, 0], "texture": "#1"},
				"up": {"uv": [3, 3, 13, 13], "texture": "#1"},
				"down": {"uv": [0, 0, 10, 10], "texture": "#1"}
			}
		}
	]
}