{
	"credit": "Made with Blockbench",
	"textures": {
		"0": "block/black_stained_glass",
		"1": "block/quartz_block_top",
		"2": "block/sandstone_top",
		"3": "block/iron_block",
		"4": "block/quartz_pillar",
		"5": "block/black_wool",
		"6": "block/observer_side",
		"particle": "block/black_stained_glass"
	},
	"elements": [
		{
			"from": [0.5, 22, 1],
			"to": [1.5, 30, 15],
			"faces": {
				"north": {"uv": [0, 0, 1, 8], "texture": "#1"},
				"east": {"uv": [0, 0, 14, 8], "texture": "#1"},
				"south": {"uv": [0, 0, 1, 8], "texture": "#1"},
				"west": {"uv": [2, 1, 16, 9], "texture": "#1"},
				"up": {"uv": [0, 0, 1, 14], "texture": "#1"},
				"down": {"uv": [0, 0, 1, 14], "texture": "#1"}
			}
		},
		{
			"from": [14.5, 22, 1],
			"to": [15.5, 30, 15],
			"faces": {
				"north": {"uv": [0, 0, 1, 8], "texture": "#1"},
				"east": {"uv": [2, 1, 16, 9], "texture": "#1"},
				"south": {"uv": [0, 0, 1, 8], "texture": "#1"},
				"west": {"uv": [0, 0, 14, 8], "texture": "#1"},
				"up": {"uv": [0, 0, 1, 14], "texture": "#1"},
				"down": {"uv": [0, 0, 1, 14], "texture": "#1"}
			}
		},
		{
			"from": [0.5, 10, 1],
			"to": [15.5, 22, 2],
			"faces": {
				"north": {"uv": [1, 3, 16, 15], "texture": "#1"},
				"east": {"uv": [15, 1, 16, 13], "texture": "#1"},
				"south": {"uv": [0, 0, 15, 12], "texture": "#1"},
				"west": {"uv": [0, 0, 1, 12], "texture": "#1"},
				"up": {"uv": [0, 0, 15, 1], "texture": "#1"},
				"down": {"uv": [0, 0, 15, 1], "texture": "#1"}
			}
		},
		{
			"from": [0.5, 30, 1],
			"to": [15.5, 32, 15],
			"faces": {
				"north": {"uv": [0, 0, 15, 2], "texture": "#2"},
				"east": {"uv": [0, 0, 14, 2], "texture": "#2"},
				"south": {"uv": [0, 0, 15, 2], "texture": "#2"},
				"west": {"uv": [0, 0, 14, 2], "texture": "#2"},
				"up": {"uv": [0, 0, 15, 14], "texture": "#2"},
				"down": {"uv": [0, 0, 15, 14], "texture": "#2"}
			}
		},
		{
			"from": [1, 0, 15],
			"to": [15, 31, 16],
			"faces": {
				"north": {"uv": [0, 0, 14, 16], "texture": "#3"},
				"east": {"uv": [0, 0, 1, 16], "texture": "#3"},
				"south": {"uv": [1, 0, 15, 16], "texture": "#3"},
				"west": {"uv": [0, 0, 1, 16], "texture": "#3"},
				"up": {"uv": [0, 0, 14, 1], "texture": "#3"},
				"down": {"uv": [0, 0, 14, 1], "texture": "#3"}
			}
		},
		{
			"from": [1, 20, 6],
			"to": [15, 31, 15],
			"faces": {
				"north": {"uv": [0, 0, 14, 11], "texture": "#5"},
				"east": {"uv": [0, 0, 9, 11], "texture": "#5"},
				"south": {"uv": [0, 0, 14, 11], "texture": "#5"},
				"west": {"uv": [0, 0, 9, 11], "texture": "#5"},
				"up": {"uv": [0, 0, 14, 9], "texture": "#5"},
				"down": {"uv": [0, 0, 14, 9], "texture": "#5"}
			}
		},
		{
			"from": [0.5, 0, 1],
			"to": [15.5, 10, 15],
			"faces": {
				"north": {"uv": [1, 6, 16, 16], "texture": "#1"},
				"east": {"uv": [2, 6, 16, 16], "texture": "#1"},
				"south": {"uv": [0, 0, 15, 10], "texture": "#1"},
				"west": {"uv": [2, 6, 16, 16], "texture": "#1"},
				"up": {"uv": [0, 0, 15, 14], "texture": "#1"},
				"down": {"uv": [0, 0, 16, 16], "texture": "#1"}
			}
		},
		{
			"from": [0.5, 10, 13],
			"to": [15.5, 22, 15],
			"faces": {
				"north": {"uv": [0, 0, 15, 12], "texture": "#1"},
				"east": {"uv": [0, 2, 2, 14], "texture": "#1"},
				"south": {"uv": [0, 0, 15, 12], "texture": "#1"},
				"west": {"uv": [14, 2, 16, 14], "texture": "#1"},
				"up": {"uv": [0, 0, 15, 2], "texture": "#1"},
				"down": {"uv": [0, 0, 15, 2], "texture": "#1"}
			}
		},
		{
			"from": [0.75, 10, 2],
			"to": [1.75, 22, 13],
			"faces": {
				"north": {"uv": [0, 0, 1, 12], "texture": "#4"},
				"east": {"uv": [0, 0, 11, 12], "texture": "#4"},
				"south": {"uv": [0, 0, 1, 12], "texture": "#4"},
				"west": {"uv": [2, 3, 13, 15], "rotation": 90, "texture": "#4"},
				"up": {"uv": [0, 0, 1, 11], "texture": "#4"},
				"down": {"uv": [0, 0, 1, 11], "texture": "#4"}
			}
		},
		{
			"from": [14.25, 10, 2],
			"to": [15.25, 22, 13],
			"faces": {
				"north": {"uv": [0, 0, 1, 12], "texture": "#4"},
				"east": {"uv": [3, 2, 14, 14], "rotation": 90, "texture": "#4"},
				"south": {"uv": [0, 0, 1, 12], "texture": "#4"},
				"west": {"uv": [0, 0, 11, 12], "texture": "#4"},
				"up": {"uv": [0, 0, 1, 11], "texture": "#4"},
				"down": {"uv": [0, 0, 1, 11], "texture": "#4"}
			}
		},
		{
			"from": [1.5, 21, 2],
			"to": [14.5, 22, 5],
			"faces": {
				"north": {"uv": [0, 0, 13, 1], "texture": "#1"},
				"east": {"uv": [0, 0, 3, 1], "texture": "#1"},
				"south": {"uv": [0, 0, 13, 1], "texture": "#1"},
				"west": {"uv": [0, 0, 3, 1], "texture": "#1"},
				"up": {"uv": [1, 12, 14, 15], "texture": "#1"},
				"down": {"uv": [0, 0, 13, 3], "texture": "#1"}
			}
		},
		{
			"from": [1, 22, 4.25],
			"to": [15, 30, 4.25],
			"faces": {
				"north": {"uv": [1, 4, 15, 12], "texture": "#0"},
				"east": {"uv": [0, 0, 0, 8], "texture": "#0"},
				"south": {"uv": [0, 0, 14, 8], "texture": "#0"},
				"west": {"uv": [0, 0, 0, 8], "texture": "#0"},
				"up": {"uv": [0, 0, 14, 0], "texture": "#0"},
				"down": {"uv": [0, 0, 14, 0], "texture": "#0"}
			}
		},
		{
			"from": [7.75, 22, 1.25],
			"to": [8.25, 30, 4.25],
			"faces": {
				"north": {"uv": [0, 0, 0.5, 8], "texture": "#1"},
				"east": {"uv": [0, 0, 3, 8], "texture": "#1"},
				"south": {"uv": [0, 0, 0.5, 8], "texture": "#1"},
				"west": {"uv": [0, 0, 3, 8], "texture": "#1"},
				"up": {"uv": [0, 0, 0.5, 3], "texture": "#1"},
				"down": {"uv": [0, 0, 0.5, 3], "texture": "#1"}
			}
		},
		{
			"from": [1.5, 23, 1.5],
			"to": [14.5, 23.25, 4.25],
			"faces": {
				"north": {"uv": [0, 0, 13, 0.25], "texture": "#1"},
				"east": {"uv": [0, 0, 2.75, 0.25], "texture": "#1"},
				"south": {"uv": [0, 0, 13, 0.25], "texture": "#1"},
				"west": {"uv": [0, 0, 2.75, 0.25], "texture": "#1"},
				"up": {"uv": [0, 0, 13, 2.75], "texture": "#1"},
				"down": {"uv": [0, 0, 13, 2.75], "texture": "#1"}
			}
		},
		{
			"from": [1.5, 24.5, 1.5],
			"to": [14.5, 24.75, 4.25],
			"faces": {
				"north": {"uv": [0, 0, 13, 0.25], "texture": "#1"},
				"east": {"uv": [0, 0, 2.75, 0.25], "texture": "#1"},
				"south": {"uv": [0, 0, 13, 0.25], "texture": "#1"},
				"west": {"uv": [0, 0, 2.75, 0.25], "texture": "#1"},
				"up": {"uv": [0, 0, 13, 2.75], "texture": "#1"},
				"down": {"uv": [0, 0, 13, 2.75], "texture": "#1"}
			}
		},
		{
			"from": [1.5, 26, 1.5],
			"to": [14.5, 26.25, 4.25],
			"faces": {
				"north": {"uv": [0, 0, 13, 0.25], "texture": "#1"},
				"east": {"uv": [0, 0, 2.75, 0.25], "texture": "#1"},
				"south": {"uv": [0, 0, 13, 0.25], "texture": "#1"},
				"west": {"uv": [0, 0, 2.75, 0.25], "texture": "#1"},
				"up": {"uv": [0, 0, 13, 2.75], "texture": "#1"},
				"down": {"uv": [0, 0, 13, 2.75], "texture": "#1"}
			}
		},
		{
			"from": [1.5, 27.5, 1.5],
			"to": [14.5, 27.75, 4.25],
			"faces": {
				"north": {"uv": [0, 0, 13, 0.25], "texture": "#1"},
				"east": {"uv": [0, 0, 2.75, 0.25], "texture": "#1"},
				"south": {"uv": [0, 0, 13, 0.25], "texture": "#1"},
				"west": {"uv": [0, 0, 2.75, 0.25], "texture": "#1"},
				"up": {"uv": [0, 0, 13, 2.75], "texture": "#1"},
				"down": {"uv": [0, 0, 13, 2.75], "texture": "#1"}
			}
		},
		{
			"from": [1.5, 29, 1.5],
			"to": [14.5, 29.25, 4.25],
			"faces": {
				"north": {"uv": [0, 0, 13, 0.25], "texture": "#1"},
				"east": {"uv": [0, 0, 2.75, 0.25], "texture": "#1"},
				"south": {"uv": [0, 0, 13, 0.25], "texture": "#1"},
				"west": {"uv": [0, 0, 2.75, 0.25], "texture": "#1"},
				"up": {"uv": [0, 0, 13, 2.75], "texture": "#1"},
				"down": {"uv": [0, 0, 13, 2.75], "texture": "#1"}
			}
		},
		{
			"from": [6.5, 16, 0.75],
			"to": [9.5, 20, 1.75],
			"faces": {
				"north": {"uv": [0, 0, 3, 4], "texture": "#6"},
				"east": {"uv": [0, 0, 1, 4], "texture": "#6"},
				"south": {"uv": [0, 0, 3, 4], "texture": "#6"},
				"west": {"uv": [0, 0, 1, 4], "texture": "#6"},
				"up": {"uv": [0, 0, 3, 1], "texture": "#6"},
				"down": {"uv": [0, 0, 3, 1], "texture": "#6"}
			}
		}
	],
	"display": {
		"thirdperson_righthand": {
			"rotation": [45, 30, 0],
			"scale": [0.4, 0.4, 0.4]
		},
		"thirdperson_lefthand": {
			"rotation": [45, 30, 0],
			"scale": [0.4, 0.4, 0.4]
		},
		"firstperson_righthand": {
			"rotation": [-5, 109, 0],
			"translation": [3.25, -0.25, 0],
			"scale": [0.4, 0.4, 0.4]
		},
		"firstperson_lefthand": {
			"rotation": [-5, 109, 0],
			"translation": [3.25, -0.25, 0],
			"scale": [0.4, 0.4, 0.4]
		},
		"ground": {
			"scale": [0.4, 0.4, 0.4]
		},
		"gui": {
			"rotation": [15, 135, 0],
			"translation": [0, -3.25, 0],
			"scale": [0.4, 0.4, 0.4]
		},
		"head": {
			"translation": [0, -14.7, 0],
			"scale": [2.285, 2.285, 2.285]
		},
		"fixed": {
			"translation": [0, -2.5, -0.5],
			"scale": [0.4, 0.4, 0.4]
		}
	}
}