{
	"credit": "Made with Blockbench",
	"textures": {
		"0": "block/blast_furnace_side",
		"1": "block/daylight_detector_side",
		"2": "block/blast_furnace_top",
		"4": "block/structure_block_data",
		"5": "block/observer_side",
		"6": "block/observer_top",
		"7": "block/observer_back",
		"8": "block/anvil",
		"10": "block/piston_bottom"
	},
	"elements": [
		{
			"from": [-16, 0, 0],
			"to": [0, 16, 16],
			"faces": {
				"north": {"uv": [0, 0, 16, 16], "texture": "#7"},
				"east": {"uv": [0, 0, 16, 16], "texture": "#2"},
				"south": {"uv": [0, 0, 16, 16], "texture": "#7"},
				"west": {"uv": [0, 0, 16, 16], "texture": "#5"},
				"up": {"uv": [0, 0, 16, 16], "texture": "#10", "rotation": 270},
				"down": {"uv": [0, 0, 16, 16], "texture": "#2", "rotation": 90}
			}
		},
		{
			"from": [0, 0, 0],
			"to": [16, 16, 16],
			"faces": {
				"north": {"uv": [0, 0, 16, 16], "texture": "#6", "rotation": 90},
				"east": {"uv": [0, 0, 16, 16], "texture": "#4"},
				"south": {"uv": [0, 0, 16, 16], "texture": "#6", "rotation": 90},
				"west": {"uv": [0, 0, 16, 16], "texture": "#2"},
				"up": {"uv": [0, 0, 16, 16], "texture": "#10", "rotation": 270},
				"down": {"uv": [0, 0, 16, 16], "texture": "#2", "rotation": 90}
			}
		},
		{
			"from": [0, 2, 16],
			"to": [16, 3, 32],
			"faces": {
				"north": {"uv": [0, 0, 16, 1], "texture": "#1"},
				"east": {"uv": [0, 0, 16, 1], "texture": "#1"},
				"south": {"uv": [0, 0, 16, 1], "texture": "#1"},
				"west": {"uv": [0, 0, 16, 1], "texture": "#1"},
				"up": {"uv": [0, 0, 16, 16], "texture": "#1", "rotation": 270},
				"down": {"uv": [0, 0, 16, 16], "texture": "#1", "rotation": 90}
			}
		},
		{
			"from": [-16, 2, 16],
			"to": [0, 3, 32],
			"faces": {
				"north": {"uv": [0, 0, 16, 1], "texture": "#1"},
				"east": {"uv": [0, 0, 16, 1], "texture": "#1"},
				"south": {"uv": [0, 0, 16, 1], "texture": "#1"},
				"west": {"uv": [0, 0, 16, 1], "texture": "#1"},
				"up": {"uv": [0, 0, 16, 16], "texture": "#1", "rotation": 270},
				"down": {"uv": [0, 0, 16, 16], "texture": "#1", "rotation": 90}
			}
		},
		{
			"from": [-15.5, 0, 30.5],
			"to": [-14.5, 2, 31.5],
			"faces": {
				"north": {"uv": [0, 0, 1, 2], "texture": "#2"},
				"east": {"uv": [0, 0, 1, 2], "texture": "#2"},
				"south": {"uv": [0, 0, 1, 2], "texture": "#2"},
				"west": {"uv": [0, 0, 1, 2], "texture": "#2"},
				"up": {"uv": [0, 0, 1, 1], "texture": "#2", "rotation": 270},
				"down": {"uv": [0, 0, 1, 1], "texture": "#2", "rotation": 90}
			}
		},
		{
			"from": [14.5, 0, 30.5],
			"to": [15.5, 2, 31.5],
			"faces": {
				"north": {"uv": [0, 0, 1, 2], "texture": "#2"},
				"east": {"uv": [0, 0, 1, 2], "texture": "#2"},
				"south": {"uv": [0, 0, 1, 2], "texture": "#2"},
				"west": {"uv": [0, 0, 1, 2], "texture": "#2"},
				"up": {"uv": [0, 0, 1, 1], "texture": "#2", "rotation": 270},
				"down": {"uv": [0, 0, 1, 1], "texture": "#2", "rotation": 90}
			}
		},
		{
			"from": [-15, 3, 27],
			"to": [-11, 9, 31],
			"faces": {
				"north": {"uv": [0, 0, 4, 6], "texture": "#8"},
				"east": {"uv": [0, 0, 4, 6], "texture": "#8"},
				"south": {"uv": [0, 0, 4, 6], "texture": "#8"},
				"west": {"uv": [0, 0, 4, 6], "texture": "#8"},
				"up": {"uv": [0, 0, 4, 4], "texture": "#8", "rotation": 270},
				"down": {"uv": [0, 0, 4, 4], "texture": "#8", "rotation": 90}
			}
		},
		{
			"from": [-13.5, 8, 27.75],
			"to": [-10.5, 16, 30.75],
			"rotation": {"angle": -22.5, "axis": "z", "origin": [-11.5, 11, 28.75]},
			"faces": {
				"north": {"uv": [3, 0, 6, 8], "texture": "#10"},
				"east": {"uv": [3, 0, 6, 8], "texture": "#10"},
				"south": {"uv": [3, 0, 6, 8], "texture": "#10"},
				"west": {"uv": [3, 0, 6, 8], "texture": "#10"},
				"up": {"uv": [0, 0, 3, 3], "texture": "#10", "rotation": 270},
				"down": {"uv": [0, 0, 3, 3], "texture": "#10", "rotation": 90}
			}
		},
		{
			"from": [-11.5, 14.5, 28],
			"to": [-4.5, 17, 30.5],
			"rotation": {"angle": 22.5, "axis": "z", "origin": [-8.5, 16.5, 28.5]},
			"faces": {
				"north": {"uv": [0, 0, 2.5, 7], "texture": "#8", "rotation": 270},
				"east": {"uv": [0, 0, 2.5, 2.5], "texture": "#8"},
				"south": {"uv": [0, 0, 2.5, 7], "texture": "#8", "rotation": 90},
				"west": {"uv": [0, 0, 2.5, 2.5], "texture": "#8", "rotation": 180},
				"up": {"uv": [0, 0, 2.5, 7], "texture": "#8", "rotation": 90},
				"down": {"uv": [0, 0, 2.5, 7], "texture": "#8", "rotation": 90}
			}
		},
		{
			"from": [-5.5, 13.5, 28],
			"to": [-3.5, 17.5, 30],
			"rotation": {"angle": 22.5, "axis": "z", "origin": [-4.5, 16, 29]},
			"faces": {
				"north": {"uv": [0, 0, 2, 4], "texture": "#6"},
				"east": {"uv": [0, 0, 2, 4], "texture": "#6"},
				"south": {"uv": [0, 0, 2, 4], "texture": "#6"},
				"west": {"uv": [0, 0, 2, 4], "texture": "#6"},
				"up": {"uv": [0, 0, 2, 2], "texture": "#6", "rotation": 270},
				"down": {"uv": [0, 0, 2, 2], "texture": "#6", "rotation": 90}
			}
		},
		{
			"from": [-4, 12, 28.5],
			"to": [-3, 14, 29.5],
			"rotation": {"angle": 0, "axis": "z", "origin": [-3, 14.5, 28.5]},
			"faces": {
				"north": {"uv": [0, 0, 1, 2], "texture": "#0"},
				"east": {"uv": [0, 0, 1, 2], "texture": "#0"},
				"south": {"uv": [0, 0, 1, 2], "texture": "#0"},
				"west": {"uv": [0, 0, 1, 2], "texture": "#0"},
				"up": {"uv": [0, 0, 1, 1], "texture": "#0", "rotation": 270},
				"down": {"uv": [0, 0, 1, 1], "texture": "#0", "rotation": 90}
			}
		},
		{
			"from": [11.1, 3, 27.3],
			"to": [15.1, 9, 31.3],
			"faces": {
				"north": {"uv": [4, 0, 8, 6], "texture": "#8"},
				"east": {"uv": [4, 0, 8, 6], "texture": "#8"},
				"south": {"uv": [4, 0, 8, 6], "texture": "#8"},
				"west": {"uv": [4, 0, 8, 6], "texture": "#8"},
				"up": {"uv": [0, 4, 4, 8], "texture": "#8"},
				"down": {"uv": [0, 4, 4, 8], "texture": "#8"}
			}
		},
		{
			"from": [11.35, 8, 26.8],
			"to": [14.35, 16, 29.8],
			"rotation": {"angle": -22.5, "axis": "x", "origin": [13.35, 11, 27.8]},
			"faces": {
				"north": {"uv": [3, 0, 6, 8], "texture": "#10"},
				"east": {"uv": [3, 0, 6, 8], "texture": "#10"},
				"south": {"uv": [3, 0, 6, 8], "texture": "#10"},
				"west": {"uv": [3, 0, 6, 8], "texture": "#10"},
				"up": {"uv": [0, 3, 3, 6], "texture": "#10"},
				"down": {"uv": [0, 3, 3, 6], "texture": "#10"}
			}
		},
		{
			"from": [11.6, 13.5, 19.8],
			"to": [14.1, 16, 26.8],
			"rotation": {"angle": -22.5, "axis": "x", "origin": [13.6, 15.5, 23.8]},
			"faces": {
				"north": {"uv": [2.5, 0, 5, 2.5], "texture": "#8"},
				"east": {"uv": [2.5, 0, 5, 7], "texture": "#8", "rotation": 270},
				"south": {"uv": [2.5, 0, 5, 2.5], "texture": "#8", "rotation": 180},
				"west": {"uv": [2.5, 0, 5, 7], "texture": "#8", "rotation": 90},
				"up": {"uv": [0, 7, 2.5, 14], "texture": "#8", "rotation": 180},
				"down": {"uv": [0, 7, 2.5, 14], "texture": "#8"}
			}
		},
		{
			"from": [9, 13, 20.5],
			"to": [12, 15, 22.5],
			"faces": {
				"north": {"uv": [0, 0, 3, 2], "texture": "#6"},
				"east": {"uv": [0, 0, 2, 2], "texture": "#6"},
				"south": {"uv": [0, 0, 3, 2], "texture": "#6"},
				"west": {"uv": [0, 0, 2, 2], "texture": "#6"},
				"up": {"uv": [0, 0, 2, 3], "texture": "#6", "rotation": 270},
				"down": {"uv": [0, 0, 2, 3], "texture": "#6", "rotation": 90}
			}
		},
		{
			"from": [8, 13.5, 21],
			"to": [9, 14.5, 22],
			"faces": {
				"north": {"uv": [0, 0, 1, 1], "texture": "#0"},
				"east": {"uv": [0, 0, 1, 1], "texture": "#0"},
				"south": {"uv": [0, 0, 1, 1], "texture": "#0"},
				"west": {"uv": [0, 0, 1, 1], "texture": "#0"},
				"up": {"uv": [0, 0, 1, 1], "texture": "#0", "rotation": 270},
				"down": {"uv": [0, 0, 1, 1], "texture": "#0", "rotation": 90}
			}
		},
		{
			"from": [-2, 16, 11.5],
			"to": [2, 22, 15.5],
			"faces": {
				"north": {"uv": [4, 0, 8, 6], "texture": "#8"},
				"east": {"uv": [4, 0, 8, 6], "texture": "#8"},
				"south": {"uv": [4, 0, 8, 6], "texture": "#8"},
				"west": {"uv": [4, 0, 8, 6], "texture": "#8"},
				"up": {"uv": [0, 4, 4, 8], "texture": "#8", "rotation": 270},
				"down": {"uv": [0, 4, 4, 8], "texture": "#8", "rotation": 90}
			}
		},
		{
			"from": [-1.5, 19, 14],
			"to": [1.5, 22, 22],
			"rotation": {"angle": 22.5, "axis": "x", "origin": [-0.5, 21, 17]},
			"faces": {
				"north": {"uv": [0, 3, 3, 6], "texture": "#10", "rotation": 270},
				"east": {"uv": [3, 0, 6, 8], "texture": "#10", "rotation": 270},
				"south": {"uv": [0, 3, 3, 6], "texture": "#10", "rotation": 270},
				"west": {"uv": [3, 0, 6, 8], "texture": "#10", "rotation": 90},
				"up": {"uv": [3, 0, 6, 8], "texture": "#10", "rotation": 180},
				"down": {"uv": [3, 0, 6, 8], "texture": "#10"}
			}
		},
		{
			"from": [-1.25, 12, 19],
			"to": [1.25, 19, 21.5],
			"rotation": {"angle": 0, "axis": "z", "origin": [-0.75, 16, 19.5]},
			"faces": {
				"north": {"uv": [2.5, 0, 5, 7], "texture": "#8"},
				"east": {"uv": [0, 7, 2.5, 14], "texture": "#8"},
				"south": {"uv": [2.5, 0, 5, 7], "texture": "#8"},
				"west": {"uv": [0, 7, 2.5, 14], "texture": "#8"},
				"up": {"uv": [2.5, 0, 5, 2.5], "texture": "#8", "rotation": 90},
				"down": {"uv": [2.5, 0, 5, 2.5], "texture": "#8", "rotation": 270}
			}
		},
		{
			"from": [-3.5, 12, 19.5],
			"to": [-1.5, 14, 22.5],
			"faces": {
				"north": {"uv": [0, 0, 2, 2], "texture": "#6"},
				"east": {"uv": [0, 0, 3, 2], "texture": "#6"},
				"south": {"uv": [0, 0, 2, 2], "texture": "#6"},
				"west": {"uv": [0, 0, 3, 2], "texture": "#6"},
				"up": {"uv": [0, 0, 2, 3], "texture": "#6", "rotation": 180},
				"down": {"uv": [0, 0, 2, 3], "texture": "#6", "rotation": 180}
			}
		},
		{
			"from": [-3, 12.5, 22.5],
			"to": [-2, 13.5, 23.5],
			"faces": {
				"north": {"uv": [0, 0, 1, 1], "texture": "#0"},
				"east": {"uv": [0, 0, 1, 1], "texture": "#0"},
				"south": {"uv": [0, 0, 1, 1], "texture": "#0"},
				"west": {"uv": [0, 0, 1, 1], "texture": "#0"},
				"up": {"uv": [0, 0, 1, 1], "texture": "#0", "rotation": 180},
				"down": {"uv": [0, 0, 1, 1], "texture": "#0", "rotation": 180}
			}
		}
	],
	"display": {
		"thirdperson_righthand": {
			"scale": [0.25, 0.25, 0.25],
			"rotation": [59, 0, 7],
			"translation": [2, 4, 0]
		},
		"thirdperson_lefthand": {
			"scale": [0.25, 0.25, 0.25],
			"rotation": [59, 0, 7],
			"translation": [-2, 4, 0]
		},
		"firstperson_righthand": {
			"scale": [0.5, 0.5, 0.5],
			"rotation": [0, -75, 0],
			"translation": [7.5, 1, -1]
		},
		"firstperson_lefthand": {
			"scale": [0.5, 0.5, 0.5],
			"rotation": [0, -75, 0],
			"translation": [5.5, 1, -6]
		},
		"head": {
			"scale": [2.287, 2.287, 2.287],
			"translation": [0, -14.7, 0]
		},
		"ground": {
			"scale": [0.25, 0.25, 0.25],
			"translation": [2, -3, -2],
			"rotation": [0, 0, 0]
		},
		"fixed": {
			"scale": [0.4, 0.4, 0.4],
			"translation": [3.5, 0, 3.5],
			"rotation": [0, -90, 0]
		},
		"gui": {
			"scale": [0.3, 0.3, 0.3],
			"rotation": [30, 45, 0],
			"translation": [0, 1.5, 0]
		}
	},
	"groups": [0, 1, 2, 3, 4, 5,
		{
			"name": "group",
			"isOpen": false,
			"shade": true,
			"display": {
				"visibility": true,
				"autouv": true
			},
			"children": [6, 7, 8, 9, 10]
		},
		{
			"name": "group",
			"isOpen": false,
			"shade": true,
			"display": {
				"visibility": true,
				"autouv": true
			},
			"children": [11, 12, 13, 14, 15, 16, 17, 18, 19, 20]
		}
	]
}