{
	"credit": "Made with Blockbench",
	"textures": {
		"1": "block/quartz_block_bottom",
		"2": "block/cyan_terracotta",
		"3": "block/stone",
		"4": "block/water",
		"particle": "block/quartz_block_bottom"
	},
	"elements": [
		{
			"from": [8, 0, 4.2],
			"to": [16, 11, 11.8],
			"faces": {
				"north": {"uv": [8, 0, 16, 11], "texture": "#1"},
				"east": {"uv": [3.2, 0, 12.8, 11], "texture": "#1"},
				"south": {"uv": [8, 0, 16, 11], "texture": "#1"},
				"west": {"uv": [3.2, 0, 12.8, 11], "texture": "#1"},
				"up": {"uv": [8, 3.2, 16, 12.8], "texture": "#1"},
				"down": {"uv": [8, 3.2, 16, 12.8], "texture": "#1"}
			}
		},
		{
			"from": [0, 11, 0],
			"to": [16, 11.5, 16],
			"faces": {
				"north": {"uv": [0, 11, 16, 12], "texture": "#1"},
				"east": {"uv": [0, 11, 16, 12], "texture": "#1"},
				"south": {"uv": [0, 11, 16, 12], "texture": "#1"},
				"west": {"uv": [0, 11, 16, 12], "texture": "#1"},
				"up": {"uv": [0, 0, 16, 16], "texture": "#1"},
				"down": {"uv": [0, 0, 16, 16], "texture": "#1"}
			}
		},
		{
			"from": [12, 12, 0],
			"to": [16, 16, 16],
			"faces": {
				"north": {"uv": [12, 12, 16, 16], "texture": "#1"},
				"east": {"uv": [0, 12, 16, 16], "texture": "#1"},
				"south": {"uv": [12, 12, 16, 16], "texture": "#1"},
				"west": {"uv": [0, 12, 16, 16], "texture": "#1"},
				"up": {"uv": [12, 0, 16, 16], "texture": "#1"},
				"down": {"uv": [12, 0, 16, 16], "texture": "#1"}
			}
		},
		{
			"from": [0, 12, 0],
			"to": [12, 16, 2],
			"faces": {
				"north": {"uv": [0, 12, 12, 16], "texture": "#1"},
				"east": {"uv": [0, 12, 2, 16], "texture": "#1"},
				"south": {"uv": [0, 12, 12, 16], "texture": "#1"},
				"west": {"uv": [0, 12, 2, 16], "texture": "#1"},
				"up": {"uv": [0, 0, 12, 2], "texture": "#1"},
				"down": {"uv": [0, 0, 12, 2], "texture": "#1"}
			}
		},
		{
			"from": [0, 12, 14],
			"to": [12, 16, 16],
			"faces": {
				"north": {"uv": [0, 12, 12, 16], "texture": "#1"},
				"east": {"uv": [14, 12, 16, 16], "texture": "#1"},
				"south": {"uv": [0, 12, 12, 16], "texture": "#1"},
				"west": {"uv": [14, 12, 16, 16], "texture": "#1"},
				"up": {"uv": [0, 14, 12, 16], "texture": "#1"},
				"down": {"uv": [0, 14, 12, 16], "texture": "#1"}
			}
		},
		{
			"from": [0, 12, 2],
			"to": [2, 16, 14],
			"faces": {
				"north": {"uv": [0, 12, 2, 16], "texture": "#1"},
				"east": {"uv": [2, 12, 14, 16], "texture": "#1"},
				"south": {"uv": [0, 12, 2, 16], "texture": "#1"},
				"west": {"uv": [2, 12, 14, 16], "texture": "#1"},
				"up": {"uv": [0, 2, 2, 14], "texture": "#1"},
				"down": {"uv": [0, 2, 2, 14], "texture": "#1"}
			}
		},
		{
			"from": [13, 16, 7],
			"to": [15, 20, 9],
			"faces": {
				"north": {"uv": [13, 12, 15, 16], "texture": "#2"},
				"east": {"uv": [7, 12, 9, 16], "texture": "#2"},
				"south": {"uv": [13, 12, 15, 16], "texture": "#2"},
				"west": {"uv": [7, 12, 9, 16], "texture": "#2"},
				"up": {"uv": [13, 7, 15, 9], "texture": "#2"},
				"down": {"uv": [13, 7, 15, 9], "texture": "#2"}
			}
		},
		{
			"from": [9, 20, 7],
			"to": [15, 22, 9],
			"faces": {
				"north": {"uv": [9, 14, 15, 16], "texture": "#2"},
				"east": {"uv": [7, 14, 9, 16], "texture": "#2"},
				"south": {"uv": [9, 14, 15, 16], "texture": "#2"},
				"west": {"uv": [7, 14, 9, 16], "texture": "#2"},
				"up": {"uv": [9, 7, 15, 9], "texture": "#2"},
				"down": {"uv": [9, 7, 15, 9], "texture": "#2"}
			}
		},
		{
			"from": [13, 16, 2],
			"to": [15, 18.5, 4],
			"faces": {
				"north": {"uv": [13, 14, 15, 16], "texture": "#2"},
				"east": {"uv": [2, 14, 4, 16], "texture": "#2"},
				"south": {"uv": [13, 14, 15, 16], "texture": "#2"},
				"west": {"uv": [2, 14, 4, 16], "texture": "#2"},
				"up": {"uv": [13, 2, 15, 4], "texture": "#2"},
				"down": {"uv": [13, 2, 15, 4], "texture": "#2"}
			}
		},
		{
			"from": [9, 19.68, 7],
			"to": [11, 20, 9],
			"faces": {
				"north": {"uv": [9, 15.68, 11, 16], "texture": "#3"},
				"east": {"uv": [7, 15.68, 9, 16], "texture": "#3"},
				"south": {"uv": [9, 15.68, 11, 16], "texture": "#3"},
				"west": {"uv": [7, 15.68, 9, 16], "texture": "#3"},
				"up": {"uv": [9, 7, 11, 9], "texture": "#3"},
				"down": {"uv": [9, 7, 11, 9], "texture": "#3"}
			}
		},
		{
			"from": [11, 18, 3.5],
			"to": [13, 18.5, 4],
			"faces": {
				"north": {"uv": [13, 14, 15, 16], "texture": "#2"},
				"east": {"uv": [2, 14, 4, 16], "texture": "#2"},
				"south": {"uv": [13, 14, 15, 16], "texture": "#2"},
				"west": {"uv": [2, 14, 4, 16], "texture": "#2"},
				"up": {"uv": [13, 2, 15, 4], "texture": "#2"},
				"down": {"uv": [13, 2, 15, 4], "texture": "#2"}
			}
		},
		{
			"from": [11, 18, 2],
			"to": [11.5, 18.5, 4],
			"faces": {
				"north": {"uv": [13, 14, 15, 16], "texture": "#2"},
				"east": {"uv": [2, 14, 4, 16], "texture": "#2"},
				"south": {"uv": [13, 14, 15, 16], "texture": "#2"},
				"west": {"uv": [2, 14, 4, 16], "texture": "#2"},
				"up": {"uv": [13, 2, 15, 4], "texture": "#2"},
				"down": {"uv": [13, 2, 15, 4], "texture": "#2"}
			}
		},
		{
			"from": [11, 18, 2],
			"to": [13, 18.5, 2.5],
			"faces": {
				"north": {"uv": [13, 14, 15, 16], "texture": "#2"},
				"east": {"uv": [2, 14, 4, 16], "texture": "#2"},
				"south": {"uv": [13, 14, 15, 16], "texture": "#2"},
				"west": {"uv": [2, 14, 4, 16], "texture": "#2"},
				"up": {"uv": [13, 2, 15, 4], "texture": "#2"},
				"down": {"uv": [13, 2, 15, 4], "texture": "#2"}
			}
		},
		{
			"from": [13.5, 16, 12.5],
			"to": [14.5, 18.5, 13.5],
			"faces": {
				"north": {"uv": [13, 14, 15, 16], "texture": "#2"},
				"east": {"uv": [2, 14, 4, 16], "texture": "#2"},
				"south": {"uv": [13, 14, 15, 16], "texture": "#2"},
				"west": {"uv": [2, 14, 4, 16], "texture": "#2"},
				"up": {"uv": [13, 2, 15, 4], "texture": "#2"},
				"down": {"uv": [13, 2, 15, 4], "texture": "#2"}
			}
		},
		{
			"from": [0, 11.5, 0],
			"to": [16, 12, 7],
			"faces": {
				"north": {"uv": [0, 10, 16, 11], "texture": "#1"},
				"east": {"uv": [9, 10, 16, 11], "texture": "#1"},
				"south": {"uv": [0, 10, 16, 11], "texture": "#1"},
				"west": {"uv": [0, 10, 7, 11], "texture": "#1"},
				"up": {"uv": [0, 0, 16, 7], "texture": "#1"},
				"down": {"uv": [0, 0, 16, 16], "texture": "#1"}
			}
		},
		{
			"from": [0, 11.5, 9],
			"to": [16, 12, 16],
			"faces": {
				"north": {"uv": [0, 10, 16, 11], "texture": "#1"},
				"east": {"uv": [0, 10, 7, 11], "texture": "#1"},
				"south": {"uv": [0, 10, 16, 11], "texture": "#1"},
				"west": {"uv": [9, 10, 16, 11], "texture": "#1"},
				"up": {"uv": [0, 9, 16, 16], "texture": "#1"},
				"down": {"uv": [0, 0, 16, 16], "texture": "#1"}
			}
		},
		{
			"from": [11, 11.5, 7],
			"to": [16, 12, 9],
			"faces": {
				"north": {"uv": [0, 10, 16, 11], "texture": "#1"},
				"east": {"uv": [7, 10, 9, 11], "texture": "#1"},
				"south": {"uv": [0, 10, 16, 11], "texture": "#1"},
				"west": {"uv": [7, 10, 9, 11], "texture": "#1"},
				"up": {"uv": [11, 7, 16, 9], "texture": "#1"},
				"down": {"uv": [0, 0, 16, 16], "texture": "#1"}
			}
		},
		{
			"from": [0, 11.5, 7],
			"to": [9, 12, 9],
			"faces": {
				"north": {"uv": [0, 10, 16, 11], "texture": "#1"},
				"east": {"uv": [7, 10, 9, 11], "texture": "#1"},
				"south": {"uv": [0, 10, 16, 11], "texture": "#1"},
				"west": {"uv": [7, 10, 9, 11], "texture": "#1"},
				"up": {"uv": [0, 7, 9, 9], "texture": "#1"},
				"down": {"uv": [0, 0, 16, 16], "texture": "#1"}
			}
		},
		{
			"from": [9, 11.5, 7],
			"to": [11, 12, 9],
			"faces": {
				"north": {"uv": [0, 0, 2, 0.5], "texture": "#4"},
				"east": {"uv": [0, 0, 2, 0.5], "texture": "#4"},
				"south": {"uv": [0, 0, 2, 0.5], "texture": "#4"},
				"west": {"uv": [0, 0, 2, 0.5], "texture": "#4"},
				"up": {"uv": [0, 0, 2, 2], "texture": "#4"},
				"down": {"uv": [0, 0, 2, 2], "texture": "#4"}
			}
		}
	],
	"display": {
		"gui": {
			"rotation": [30, 45, 0],
			"translation": [0, -2, 0],
			"scale": [0.5, 0.5, 0.5]
		},
		"ground": {
			"rotation": [0, 0, 0],
			"translation": [0, -0.5, 0],
			"scale": [0.5, 0.5, 0.5]
		},
		"fixed": {
			"rotation": [0, 0, 0],
			"translation": [0, 0, 0],
			"scale": [0.5, 0.5, 0.5]
		},
		"thirdperson_righthand": {
			"rotation": [75, 225, 0],
			"translation": [0, 2.5, 0],
			"scale": [0.375, 0.375, 0.375]
		},
		"firstperson_righthand": {
			"rotation": [0, 45, 0],
			"translation": [0, 0, 0],
			"scale": [0.4, 0.4, 0.4]
		},
		"firstperson_lefthand": {
			"rotation": [0, 225, 0],
			"translation": [0, 0, 0],
			"scale": [0.4, 0.4, 0.4]
		},
		"head": {
			"scale": [2.285, 2.285, 2.285],
			"translation": [0, -14.7, 0]
		}
	},
	"groups": [
		{
			"name": "basin_filled",
			"isOpen": true,
			"shade": true,
			"display": {
				"visibility": true,
				"autouv": true
			},
			"children": [0, 1, 2, 3, 4, 5, 6, 7, 8, 9, 10, 11, 12, 13, 14, 15, 16, 17, 18, 19]
		}
	]
}