{
	"credit": "Made with Blockbench",
	"textures": {
		"0": "block/glass",
		"1": "block/observer_top",
		"2": "block/observer_back",
		"3": "block/quartz_block_top",
		"4": "block/observer_side",
		"5": "block/smithing_table_top",
		"6": "block/anvil",
		"7": "block/furnace_top",
		"8": "block/dropper_front_vertical",
		"9": "block/beacon",
		"10": "block/gray_concrete",
		"11": "block/smooth_stone_slab_side",
		"particle": "block/furnace_top"
	},
	"elements": [
		{
			"from": [0, 0, 0],
			"to": [16, 16, 16],
			"faces": {
				"north": {"uv": [0, 0, 16, 16], "texture": "#8"},
				"east": {"uv": [0, 0, 16, 16], "texture": "#4"},
				"south": {"uv": [0, 0, 16, 16], "texture": "#1"},
				"west": {"uv": [0, 0, 16, 16], "texture": "#2"},
				"up": {"uv": [0, 0, 16, 16], "texture": "#7"},
				"down": {"uv": [0, 0, 16, 16], "texture": "#7"}
			}
		},
		{
			"from": [-16, 2, 0],
			"to": [0, 4, 16],
			"faces": {
				"north": {"uv": [0, 0, 16, 2], "texture": "#3"},
				"east": {"uv": [0, 0, 16, 2], "texture": "#3"},
				"south": {"uv": [0, 0, 16, 2], "texture": "#3"},
				"west": {"uv": [0, 0, 16, 2], "texture": "#3"},
				"up": {"uv": [0, 0, 16, 16], "texture": "#3"},
				"down": {"uv": [0, 0, 16, 16], "texture": "#3"}
			}
		},
		{
			"from": [-15.5, 0, 0.5],
			"to": [-13.5, 2, 1.5],
			"faces": {
				"north": {"uv": [0, 0, 2, 2], "texture": "#6"},
				"east": {"uv": [0, 0, 1, 2], "texture": "#6"},
				"south": {"uv": [0, 0, 2, 2], "texture": "#6"},
				"west": {"uv": [0, 0, 1, 2], "texture": "#6"},
				"up": {"uv": [0, 0, 2, 1], "texture": "#6"},
				"down": {"uv": [0, 0, 2, 1], "texture": "#6"}
			}
		},
		{
			"from": [-15.5, 0, 14.5],
			"to": [-13.5, 2, 15.5],
			"faces": {
				"north": {"uv": [0, 0, 2, 2], "texture": "#6"},
				"east": {"uv": [0, 0, 1, 2], "texture": "#6"},
				"south": {"uv": [0, 0, 2, 2], "texture": "#6"},
				"west": {"uv": [0, 0, 1, 2], "texture": "#6"},
				"up": {"uv": [0, 0, 2, 1], "texture": "#6"},
				"down": {"uv": [0, 0, 2, 1], "texture": "#6"}
			}
		},
		{
			"from": [-15, 4, 12.5],
			"to": [0, 15, 15.5],
			"faces": {
				"north": {"uv": [0, 0, 16, 16], "texture": "#4"},
				"east": {"uv": [0, 0, 3, 11], "texture": "#4"},
				"south": {"uv": [0, 0, 16, 16], "texture": "#4"},
				"west": {"uv": [1, 0, 4, 16], "texture": "#4"},
				"up": {"uv": [0, 0, 16, 4], "texture": "#4"},
				"down": {"uv": [0, 0, 15, 3], "texture": "#4"}
			}
		},
		{
			"from": [-3.5, 10, 2],
			"to": [-1.5, 13, 12.5],
			"faces": {
				"north": {"uv": [0, 0, 2, 3], "texture": "#2"},
				"east": {"uv": [5.5, 0, 16, 3], "texture": "#2"},
				"south": {"uv": [0, 0, 2, 3], "texture": "#2"},
				"west": {"uv": [2, 0, 12.5, 3], "texture": "#2"},
				"up": {"uv": [0, 0, 16, 3.5], "texture": "#2", "rotation": 90},
				"down": {"uv": [0, 0, 2, 10.5], "texture": "#2"}
			}
		},
		{
			"from": [-15, 4, 1],
			"to": [0, 4.5, 12.5],
			"faces": {
				"north": {"uv": [0, 0, 15, 0.5], "texture": "#5"},
				"east": {"uv": [0, 0, 11.5, 0.5], "texture": "#5"},
				"south": {"uv": [0, 0, 15, 0.5], "texture": "#5"},
				"west": {"uv": [0, 0, 11.5, 0.5], "texture": "#5"},
				"up": {"uv": [0, 0, 15, 11.5], "texture": "#5"},
				"down": {"uv": [0, 0, 15, 11.5], "texture": "#5"}
			}
		},
		{
			"from": [-3, 9.5, 2.5],
			"to": [-2, 10, 12.5],
			"faces": {
				"north": {"uv": [1, 1, 2, 1.5], "texture": "#2"},
				"east": {"uv": [1, 1, 11, 1.5], "texture": "#2"},
				"south": {"uv": [0, 0, 1, 0.5], "texture": "#2"},
				"west": {"uv": [4, 2, 14, 2.5], "texture": "#2"},
				"up": {"uv": [0, 0, 1, 10], "texture": "#2"},
				"down": {"uv": [2, 1, 12, 2], "texture": "#2", "rotation": 90}
			}
		},
		{
			"from": [-2.75, 8.5, 3],
			"to": [-2.25, 9.5, 3.5],
			"faces": {
				"north": {"uv": [0, 0, 0.5, 1], "texture": "#1"},
				"east": {"uv": [0, 0, 0.5, 1], "texture": "#1"},
				"south": {"uv": [0, 0, 0.5, 1], "texture": "#1"},
				"west": {"uv": [0, 0, 0.5, 1], "texture": "#1"},
				"up": {"uv": [0, 0, 0.5, 0.5], "texture": "#1"},
				"down": {"uv": [0, 0, 0.5, 0.5], "texture": "#1"}
			}
		},
		{
			"from": [-14, 9, 12],
			"to": [0, 13.5, 12.5],
			"faces": {
				"north": {"uv": [2, 0, 16, 4.5], "texture": "#4"},
				"east": {"uv": [0, 0, 0.5, 4.5], "texture": "#4"},
				"south": {"uv": [0, 0, 14, 4.5], "texture": "#4"},
				"west": {"uv": [0, 0, 0.5, 4.5], "texture": "#4"},
				"up": {"uv": [0, 0, 14, 0.5], "texture": "#4"},
				"down": {"uv": [0, 0, 14, 0.5], "texture": "#4"}
			}
		},
		{
			"from": [-15, 4, 0.9],
			"to": [0, 14, 0.9],
			"faces": {
				"north": {"uv": [1, 6, 16, 16], "texture": "#0"}
			}
		},
		{
			"from": [-15.5, 4, 0.5],
			"to": [-15, 14, 13.5],
			"faces": {
				"north": {"uv": [0, 0, 0.5, 10], "texture": "#6"},
				"east": {"uv": [0, 0, 13, 10], "texture": "#6"},
				"south": {"uv": [0, 0, 0.5, 10], "texture": "#6"},
				"west": {"uv": [0, 0, 13, 10], "texture": "#6"},
				"up": {"uv": [0, 0, 0.5, 13], "texture": "#6"},
				"down": {"uv": [0, 0, 0.5, 13], "texture": "#6"}
			}
		},
		{
			"from": [-15.5, 14, 0.5],
			"to": [0, 14.5, 12.5],
			"faces": {
				"north": {"uv": [0, 0, 15.5, 0.5], "texture": "#6"},
				"east": {"uv": [0, 0, 12, 0.5], "texture": "#6"},
				"south": {"uv": [0, 0, 15.5, 0.5], "texture": "#6"},
				"west": {"uv": [0, 0, 12, 0.5], "texture": "#6"},
				"up": {"uv": [0, 0, 15.5, 12], "texture": "#6"},
				"down": {"uv": [0, 0, 15.5, 12], "texture": "#6"}
			}
		},
		{
			"from": [3, 16, 3.5],
			"to": [9, 16.5, 12.5],
			"faces": {
				"north": {"uv": [0, 0, 6, 0.5], "texture": "#10"},
				"east": {"uv": [0, 0, 9, 0.5], "texture": "#10"},
				"south": {"uv": [0, 0, 6, 0.5], "texture": "#10"},
				"west": {"uv": [0, 0, 9, 0.5], "texture": "#10"},
				"up": {"uv": [9, 6, 15, 15], "texture": "#10"},
				"down": {"uv": [0, 0, 6, 9], "texture": "#10"}
			}
		},
		{
			"from": [4.5, 16.5, 10.5],
			"to": [8.5, 16.7, 12],
			"faces": {
				"north": {"uv": [0, 0, 4, 0.2], "texture": "#9"},
				"east": {"uv": [0, 0, 1.5, 0.2], "texture": "#9"},
				"south": {"uv": [0, 0, 4, 0.2], "texture": "#9"},
				"west": {"uv": [0, 0, 1.5, 0.2], "texture": "#9"},
				"up": {"uv": [1, 1, 5, 2.5], "texture": "#9"},
				"down": {"uv": [0, 0, 4, 1.5], "texture": "#9"}
			}
		},
		{
			"from": [7, 16.5, 8.5],
			"to": [8.5, 16.7, 10],
			"faces": {
				"north": {"uv": [0, 0, 1.5, 0.2], "texture": "#11"},
				"east": {"uv": [0, 0, 1.5, 0.2], "texture": "#11"},
				"south": {"uv": [0, 0, 1.5, 0.2], "texture": "#11"},
				"west": {"uv": [0, 0, 1.5, 0.2], "texture": "#11"},
				"up": {"uv": [1, 1, 2.5, 2.5], "texture": "#11"},
				"down": {"uv": [0, 0, 1.5, 1.5], "texture": "#11"}
			}
		},
		{
			"from": [7, 16.5, 6.5],
			"to": [8.5, 16.7, 8],
			"faces": {
				"north": {"uv": [0, 0, 1.5, 0.2], "texture": "#11"},
				"east": {"uv": [0, 0, 1.5, 0.2], "texture": "#11"},
				"south": {"uv": [0, 0, 1.5, 0.2], "texture": "#11"},
				"west": {"uv": [0, 0, 1.5, 0.2], "texture": "#11"},
				"up": {"uv": [1, 1, 2.5, 2.5], "texture": "#11"},
				"down": {"uv": [0, 0, 1.5, 1.5], "texture": "#11"}
			}
		},
		{
			"from": [5, 16.5, 6.5],
			"to": [6.5, 16.7, 8],
			"faces": {
				"north": {"uv": [0, 0, 1.5, 0.2], "texture": "#11"},
				"east": {"uv": [0, 0, 1.5, 0.2], "texture": "#11"},
				"south": {"uv": [0, 0, 1.5, 0.2], "texture": "#11"},
				"west": {"uv": [0, 0, 1.5, 0.2], "texture": "#11"},
				"up": {"uv": [1, 1, 2.5, 2.5], "texture": "#11"},
				"down": {"uv": [0, 0, 1.5, 1.5], "texture": "#11"}
			}
		},
		{
			"from": [5, 16.5, 8.5],
			"to": [6.5, 16.7, 10],
			"faces": {
				"north": {"uv": [0, 0, 1.5, 0.2], "texture": "#11"},
				"east": {"uv": [0, 0, 1.5, 0.2], "texture": "#11"},
				"south": {"uv": [0, 0, 1.5, 0.2], "texture": "#11"},
				"west": {"uv": [0, 0, 1.5, 0.2], "texture": "#11"},
				"up": {"uv": [1, 1, 2.5, 2.5], "texture": "#11"},
				"down": {"uv": [0, 0, 1.5, 1.5], "texture": "#11"}
			}
		},
		{
			"from": [5, 16.5, 4.5],
			"to": [6.5, 16.7, 6],
			"faces": {
				"north": {"uv": [0, 0, 1.5, 0.2], "texture": "#11"},
				"east": {"uv": [0, 0, 1.5, 0.2], "texture": "#11"},
				"south": {"uv": [0, 0, 1.5, 0.2], "texture": "#11"},
				"west": {"uv": [0, 0, 1.5, 0.2], "texture": "#11"},
				"up": {"uv": [1, 1, 2.5, 2.5], "texture": "#11"},
				"down": {"uv": [0, 0, 1.5, 1.5], "texture": "#11"}
			}
		},
		{
			"from": [7, 16.5, 4.5],
			"to": [8.5, 16.7, 6],
			"faces": {
				"north": {"uv": [0, 0, 1.5, 0.2], "texture": "#11"},
				"east": {"uv": [0, 0, 1.5, 0.2], "texture": "#11"},
				"south": {"uv": [0, 0, 1.5, 0.2], "texture": "#11"},
				"west": {"uv": [0, 0, 1.5, 0.2], "texture": "#11"},
				"up": {"uv": [1, 1, 2.5, 2.5], "texture": "#11"},
				"down": {"uv": [0, 0, 1.5, 1.5], "texture": "#11"}
			}
		},
		{
			"from": [3.5, 16.5, 8.5],
			"to": [4.5, 16.7, 10],
			"faces": {
				"north": {"uv": [0, 0, 1, 0.2], "texture": "#11"},
				"east": {"uv": [0, 0, 1.5, 0.2], "texture": "#11"},
				"south": {"uv": [0, 0, 1, 0.2], "texture": "#11"},
				"west": {"uv": [0, 0, 1.5, 0.2], "texture": "#11"},
				"up": {"uv": [1, 1, 2, 2.5], "texture": "#11"},
				"down": {"uv": [0, 0, 1, 1.5], "texture": "#11"}
			}
		},
		{
			"from": [3.5, 16.5, 6.5],
			"to": [4.5, 16.7, 8],
			"faces": {
				"north": {"uv": [0, 0, 1, 0.2], "texture": "#11"},
				"east": {"uv": [0, 0, 1.5, 0.2], "texture": "#11"},
				"south": {"uv": [0, 0, 1, 0.2], "texture": "#11"},
				"west": {"uv": [0, 0, 1.5, 0.2], "texture": "#11"},
				"up": {"uv": [1, 1, 2, 2.5], "texture": "#11"},
				"down": {"uv": [0, 0, 1, 1.5], "texture": "#11"}
			}
		},
		{
			"from": [3.5, 16.5, 4.5],
			"to": [4.5, 16.7, 6],
			"faces": {
				"north": {"uv": [0, 0, 1, 0.2], "texture": "#11"},
				"east": {"uv": [0, 0, 1.5, 0.2], "texture": "#11"},
				"south": {"uv": [0, 0, 1, 0.2], "texture": "#11"},
				"west": {"uv": [0, 0, 1.5, 0.2], "texture": "#11"},
				"up": {"uv": [1, 1, 2, 2.5], "texture": "#11"},
				"down": {"uv": [0, 0, 1, 1.5], "texture": "#11"}
			}
		}
	],
	"display": {
		"thirdperson_righthand": {
			"rotation": [30, 45, 0],
			"translation": [1.5, 0, -1.75],
			"scale": [0.3, 0.3, 0.3]
		},
		"thirdperson_lefthand": {
			"rotation": [30, 45, 0],
			"translation": [-1.5, 0, -1.75],
			"scale": [0.3, 0.3, 0.3]
		},
		"firstperson_righthand": {
			"rotation": [1, 109, 0],
			"translation": [-1, 2, 0],
			"scale": [0.3, 0.3, 0.3]
		},
		"firstperson_lefthand": {
			"rotation": [1, 109, 0],
			"translation": [-1, 2, 4],
			"scale": [0.3, 0.3, 0.3]
		},
		"ground": {
			"translation": [3.25, -1, 0],
			"scale": [0.4, 0.4, 0.4]
		},
		"gui": {
			"rotation": [30, -125, 0],
			"translation": [-1.75, -2, 0],
			"scale": [0.42, 0.42, 0.42]
		},
		"head": {
			"translation": [0, -14.7, 0],
			"scale": [2.287, 2.287, 2.287]
		},
		"fixed": {
			"translation": [2, 0, -3.25],
			"scale": [0.4, 0.4, 0.4]
		}
	}
}