{
	"credit": "Made with Blockbench",
	"textures": {
		"0": "block/anvil",
		"1": "block/dropper_front_vertical",
		"2": "block/furnace_side",
		"3": "block/furnace_top",
		"4": "block/stonecutter_saw",
		"5": "rf:item/diamond_drill",
		"particle": "block/anvil",
		"1_0": "block/anvil",
		"2_3": "block/black_concrete"
	},
	"elements": [
		{
			"from": [0, 0, 0],
			"to": [16, 15, 16],
			"faces": {
				"north": {"uv": [0, 1, 16, 16], "texture": "#1"},
				"east": {"uv": [0, 1, 16, 16], "texture": "#0"},
				"south": {"uv": [0, 1, 16, 16], "texture": "#2"},
				"west": {"uv": [0, 1, 16, 16], "texture": "#0"},
				"up": {"uv": [0, 0, 16, 16], "texture": "#1"},
				"down": {"uv": [0, 0, 16, 16], "texture": "#3"}
			}
		},
		{
			"from": [14, 15, 0],
			"to": [16, 16, 16],
			"faces": {
				"north": {"uv": [0, 0, 2, 1], "texture": "#0"},
				"east": {"uv": [0, 0, 16, 1], "texture": "#0"},
				"south": {"uv": [0, 0, 2, 1], "texture": "#0"},
				"west": {"uv": [0, 0, 16, 1], "texture": "#0"},
				"up": {"uv": [14, 0, 16, 16], "texture": "#3"},
				"down": {"uv": [0, 0, 2, 16], "texture": "#3"}
			}
		},
		{
			"from": [5, 15, 0],
			"to": [7, 16, 16],
			"faces": {
				"north": {"uv": [0, 0, 2, 1], "texture": "#0"},
				"east": {"uv": [0, 0, 16, 1], "texture": "#0"},
				"south": {"uv": [0, 0, 2, 1], "texture": "#0"},
				"west": {"uv": [0, 0, 16, 1], "texture": "#0"},
				"up": {"uv": [8, 0, 10, 16], "texture": "#3"},
				"down": {"uv": [0, 0, 2, 16], "texture": "#3"}
			}
		},
		{
			"from": [0, 15, 0],
			"to": [2, 16, 16],
			"faces": {
				"north": {"uv": [0, 0, 2, 1], "texture": "#0"},
				"east": {"uv": [0, 0, 16, 1], "texture": "#0"},
				"south": {"uv": [0, 0, 2, 1], "texture": "#0"},
				"west": {"uv": [0, 0, 16, 1], "texture": "#0"},
				"up": {"uv": [0, 0, 2, 16], "texture": "#3"},
				"down": {"uv": [0, 0, 2, 16], "texture": "#3"}
			}
		},
		{
			"from": [7, 15, 11],
			"to": [14, 16, 16],
			"faces": {
				"north": {"uv": [0, 0, 7, 1], "texture": "#0"},
				"east": {"uv": [0, 0, 5, 1], "texture": "#0"},
				"south": {"uv": [0, 0, 7, 1], "texture": "#0"},
				"west": {"uv": [0, 0, 5, 1], "texture": "#0"},
				"up": {"uv": [8, 11, 15, 16], "texture": "#3"},
				"down": {"uv": [0, 0, 7, 5], "texture": "#3"}
			}
		},
		{
			"from": [7, 15, 0],
			"to": [14, 16, 5],
			"faces": {
				"north": {"uv": [0, 0, 7, 1], "texture": "#0"},
				"east": {"uv": [0, 0, 5, 1], "texture": "#0"},
				"south": {"uv": [0, 0, 7, 1], "texture": "#0"},
				"west": {"uv": [0, 0, 5, 1], "texture": "#0"},
				"up": {"uv": [8, 0, 15, 5], "texture": "#3"},
				"down": {"uv": [0, 0, 7, 5], "texture": "#3"}
			}
		},
		{
			"from": [7, 15, 5],
			"to": [14, 16, 11],
			"faces": {
				"north": {"uv": [0, 0, 7, 1], "texture": "#0"},
				"east": {"uv": [0, 0, 6, 1], "texture": "#0"},
				"south": {"uv": [0, 0, 7, 1], "texture": "#0"},
				"west": {"uv": [0, 0, 6, 1], "texture": "#0"},
				"up": {"uv": [4, 5, 11, 11], "texture": "#1"},
				"down": {"uv": [0, 0, 7, 6], "texture": "#3"}
			}
		},
		{
			"from": [2, 15, 0],
			"to": [5, 16, 5],
			"faces": {
				"north": {"uv": [0, 0, 3, 1], "texture": "#0"},
				"east": {"uv": [0, 0, 5, 1], "texture": "#0"},
				"south": {"uv": [0, 0, 3, 1], "texture": "#0"},
				"west": {"uv": [0, 0, 5, 1], "texture": "#0"},
				"up": {"uv": [2, 0, 5, 5], "texture": "#3"},
				"down": {"uv": [0, 0, 3, 5], "texture": "#3"}
			}
		},
		{
			"from": [2, 15, 11],
			"to": [5, 16, 16],
			"faces": {
				"north": {"uv": [0, 0, 3, 1], "texture": "#0"},
				"east": {"uv": [0, 0, 5, 1], "texture": "#0"},
				"south": {"uv": [0, 0, 3, 1], "texture": "#0"},
				"west": {"uv": [0, 0, 5, 1], "texture": "#0"},
				"up": {"uv": [2, 11, 5, 16], "texture": "#3"},
				"down": {"uv": [0, 0, 3, 5], "texture": "#3"}
			}
		},
		{
			"from": [2, 15, 5],
			"to": [5, 16, 11],
			"faces": {
				"north": {"uv": [0, 0, 3, 1], "texture": "#0"},
				"east": {"uv": [0, 0, 6, 1], "texture": "#0"},
				"south": {"uv": [0, 0, 3, 1], "texture": "#0"},
				"west": {"uv": [0, 0, 6, 1], "texture": "#0"},
				"up": {"uv": [7, 5, 10, 11], "texture": "#1"},
				"down": {"uv": [0, 0, 3, 6], "texture": "#3"}
			}
		},
		{
			"from": [12, 16, 1],
			"to": [12, 22, 15],
			"faces": {
				"east": {"uv": [0, 9, 16, 16], "texture": "#4"},
				"west": {"uv": [0, 9, 16, 16], "texture": "#4"}
			}
		},
		{
			"from": [10, 16, 1],
			"to": [10, 22, 15],
			"faces": {
				"east": {"uv": [0, 9, 16, 16], "texture": "#4"},
				"west": {"uv": [0, 9, 16, 16], "texture": "#4"}
			}
		},
		{
			"from": [4.25, 17.25, 10.25],
			"to": [4.85, 18.25, 10.85],
			"faces": {
				"north": {"uv": [6, 9, 10, 10], "texture": "#5"},
				"east": {"uv": [6, 9, 10, 10], "texture": "#5"},
				"south": {"uv": [6, 9, 10, 10], "texture": "#5"},
				"west": {"uv": [6, 9, 10, 10], "texture": "#5"},
				"up": {"uv": [8, 6, 9, 7], "texture": "#5"},
				"down": {"uv": [7, 11, 8, 12], "texture": "#5"}
			}
		},
		{
			"from": [4, 18.25, 10],
			"to": [5, 21.25, 11],
			"faces": {
				"north": {"uv": [6, 0, 10, 9], "texture": "#5"},
				"east": {"uv": [6, 0, 10, 9], "texture": "#5"},
				"south": {"uv": [6, 0, 10, 9], "texture": "#5"},
				"west": {"uv": [6, 0, 10, 9], "texture": "#5"},
				"up": {"uv": [6, 0, 8, 2], "texture": "#5"},
				"down": {"uv": [7, 2, 9, 4], "texture": "#5"}
			}
		},
		{
			"from": [4.4, 16.25, 10.4],
			"to": [4.6, 17.25, 10.6],
			"faces": {
				"north": {"uv": [8, 13, 8.2, 14], "texture": "#5"},
				"east": {"uv": [8, 14, 8.2, 15], "texture": "#5"},
				"south": {"uv": [8, 14, 8.2, 15], "texture": "#5"},
				"west": {"uv": [8, 14, 8.2, 15], "texture": "#5"},
				"up": {"uv": [8, 13, 8.2, 13.2], "texture": "#5"},
				"down": {"uv": [7, 12, 7.2, 12.2], "texture": "#5"}
			}
		},
		{
			"from": [2.25, 17.25, 5.25],
			"to": [2.85, 18.25, 5.85],
			"faces": {
				"north": {"uv": [6, 9, 10, 10], "texture": "#5"},
				"east": {"uv": [6, 9, 10, 10], "texture": "#5"},
				"south": {"uv": [6, 9, 10, 10], "texture": "#5"},
				"west": {"uv": [6, 9, 10, 10], "texture": "#5"},
				"up": {"uv": [8, 6, 9, 7], "texture": "#5"},
				"down": {"uv": [7, 11, 8, 12], "texture": "#5"}
			}
		},
		{
			"from": [2, 18.25, 5],
			"to": [3, 21.25, 6],
			"faces": {
				"north": {"uv": [6, 0, 10, 9], "texture": "#5"},
				"east": {"uv": [6, 0, 10, 9], "texture": "#5"},
				"south": {"uv": [6, 0, 10, 9], "texture": "#5"},
				"west": {"uv": [6, 0, 10, 9], "texture": "#5"},
				"up": {"uv": [6, 0, 8, 2], "texture": "#5"},
				"down": {"uv": [7, 2, 9, 4], "texture": "#5"}
			}
		},
		{
			"from": [2.4, 16.25, 5.4],
			"to": [2.6, 17.25, 5.6],
			"faces": {
				"north": {"uv": [8, 13, 8.2, 14], "texture": "#5"},
				"east": {"uv": [8, 14, 8.2, 15], "texture": "#5"},
				"south": {"uv": [8, 14, 8.2, 15], "texture": "#5"},
				"west": {"uv": [8, 14, 8.2, 15], "texture": "#5"},
				"up": {"uv": [8, 13, 8.2, 13.2], "texture": "#5"},
				"down": {"uv": [7, 12, 7.2, 12.2], "texture": "#5"}
			}
		},
		{
			"from": [1, 16, 13],
			"to": [2, 21, 14],
			"faces": {
				"north": {"uv": [0, 0, 1, 5], "texture": "#0"},
				"east": {"uv": [0, 0, 1, 5], "texture": "#0"},
				"south": {"uv": [0, 0, 1, 5], "texture": "#0"},
				"west": {"uv": [0, 0, 1, 5], "texture": "#0"},
				"up": {"uv": [0, 0, 1, 1], "texture": "#0"},
				"down": {"uv": [0, 0, 1, 1], "texture": "#0"}
			}
		},
		{
			"from": [5, 16, 13],
			"to": [6, 21, 14],
			"faces": {
				"north": {"uv": [0, 0, 1, 5], "texture": "#0"},
				"east": {"uv": [0, 0, 1, 5], "texture": "#0"},
				"south": {"uv": [0, 0, 1, 5], "texture": "#0"},
				"west": {"uv": [0, 0, 1, 5], "texture": "#0"},
				"up": {"uv": [0, 0, 1, 1], "texture": "#0"},
				"down": {"uv": [0, 0, 1, 1], "texture": "#0"}
			}
		},
		{
			"from": [5, 16, 2],
			"to": [6, 21, 3],
			"faces": {
				"north": {"uv": [0, 0, 1, 5], "texture": "#0"},
				"east": {"uv": [0, 0, 1, 5], "texture": "#0"},
				"south": {"uv": [0, 0, 1, 5], "texture": "#0"},
				"west": {"uv": [0, 0, 1, 5], "texture": "#0"},
				"up": {"uv": [0, 0, 1, 1], "texture": "#0"},
				"down": {"uv": [0, 0, 1, 1], "texture": "#0"}
			}
		},
		{
			"from": [1, 16, 2],
			"to": [2, 21, 3],
			"faces": {
				"north": {"uv": [0, 0, 1, 5], "texture": "#0"},
				"east": {"uv": [0, 0, 1, 5], "texture": "#0"},
				"south": {"uv": [0, 0, 1, 5], "texture": "#0"},
				"west": {"uv": [0, 0, 1, 5], "texture": "#0"},
				"up": {"uv": [0, 0, 1, 1], "texture": "#0"},
				"down": {"uv": [0, 0, 1, 1], "texture": "#0"}
			}
		},
		{
			"from": [1, 21, 2],
			"to": [6, 21.5, 14],
			"faces": {
				"north": {"uv": [0, 0, 5, 0.5], "texture": "#0"},
				"east": {"uv": [0, 0, 12, 0.5], "texture": "#0"},
				"south": {"uv": [0, 0, 5, 0.5], "texture": "#0"},
				"west": {"uv": [0, 0, 12, 0.5], "texture": "#0"},
				"up": {"uv": [0, 0, 5, 12], "texture": "#0"},
				"down": {"uv": [0, 0, 5, 12], "texture": "#0"}
			}
		},
		{
			"from": [16, 13, 7.5],
			"to": [17, 14, 8.5],
			"faces": {
				"north": {"uv": [0, 0, 1, 1], "rotation": 90, "texture": "#1_0"},
				"east": {"uv": [0, 0, 1, 1], "rotation": 270, "texture": "#1_0"},
				"south": {"uv": [0, 0, 1, 1], "rotation": 270, "texture": "#1_0"},
				"west": {"uv": [0, 0, 1, 1], "rotation": 270, "texture": "#1_0"},
				"up": {"uv": [0, 0, 1, 1], "rotation": 270, "texture": "#1_0"},
				"down": {"uv": [0, 0, 1, 1], "rotation": 270, "texture": "#1_0"}
			}
		},
		{
			"from": [16, 3, 7.75],
			"to": [16.5, 13, 8.25],
			"faces": {
				"north": {"uv": [0, 0, 5.5, 0.5], "rotation": 90, "texture": "#2_3"},
				"east": {"uv": [0, 0, 5.5, 0.5], "rotation": 270, "texture": "#2_3"},
				"south": {"uv": [0, 0, 5.5, 0.5], "rotation": 270, "texture": "#2_3"},
				"west": {"uv": [0, 0, 5.5, 0.5], "rotation": 270, "texture": "#2_3"},
				"up": {"uv": [0, 0, 0.5, 0.5], "rotation": 270, "texture": "#2_3"},
				"down": {"uv": [0, 0, 0.5, 0.5], "rotation": 270, "texture": "#2_3"}
			}
		},
		{
			"from": [16, 2, 7.5],
			"to": [17, 3, 8.5],
			"faces": {
				"north": {"uv": [0, 0, 1, 1], "rotation": 90, "texture": "#1_0"},
				"east": {"uv": [0, 0, 1, 1], "rotation": 270, "texture": "#1_0"},
				"south": {"uv": [0, 0, 1, 1], "rotation": 270, "texture": "#1_0"},
				"west": {"uv": [0, 0, 1, 1], "rotation": 270, "texture": "#1_0"},
				"up": {"uv": [0, 0, 1, 1], "rotation": 270, "texture": "#1_0"},
				"down": {"uv": [0, 0, 1, 1], "rotation": 270, "texture": "#1_0"}
			}
		},
		{
			"from": [-1, 13, 7.5],
			"to": [0, 14, 8.5],
			"faces": {
				"north": {"uv": [0, 0, 1, 1], "rotation": 90, "texture": "#1_0"},
				"east": {"uv": [0, 0, 1, 1], "rotation": 270, "texture": "#1_0"},
				"south": {"uv": [0, 0, 1, 1], "rotation": 270, "texture": "#1_0"},
				"west": {"uv": [0, 0, 1, 1], "rotation": 270, "texture": "#1_0"},
				"up": {"uv": [0, 0, 1, 1], "rotation": 270, "texture": "#1_0"},
				"down": {"uv": [0, 0, 1, 1], "rotation": 270, "texture": "#1_0"}
			}
		},
		{
			"from": [-0.5, 3, 7.75],
			"to": [0, 13, 8.25],
			"faces": {
				"north": {"uv": [0, 0, 5.5, 0.5], "rotation": 90, "texture": "#2_3"},
				"east": {"uv": [0, 0, 5.5, 0.5], "rotation": 270, "texture": "#2_3"},
				"south": {"uv": [0, 0, 5.5, 0.5], "rotation": 270, "texture": "#2_3"},
				"west": {"uv": [0, 0, 5.5, 0.5], "rotation": 270, "texture": "#2_3"},
				"up": {"uv": [0, 0, 0.5, 0.5], "rotation": 270, "texture": "#2_3"},
				"down": {"uv": [0, 0, 0.5, 0.5], "rotation": 270, "texture": "#2_3"}
			}
		},
		{
			"from": [-1, 2, 7.5],
			"to": [0, 3, 8.5],
			"faces": {
				"north": {"uv": [0, 0, 1, 1], "rotation": 90, "texture": "#1_0"},
				"east": {"uv": [0, 0, 1, 1], "rotation": 270, "texture": "#1_0"},
				"south": {"uv": [0, 0, 1, 1], "rotation": 270, "texture": "#1_0"},
				"west": {"uv": [0, 0, 1, 1], "rotation": 270, "texture": "#1_0"},
				"up": {"uv": [0, 0, 1, 1], "rotation": 270, "texture": "#1_0"},
				"down": {"uv": [0, 0, 1, 1], "rotation": 270, "texture": "#1_0"}
			}
		}
	],
	"display": {
		"thirdperson_righthand": {
			"rotation": [30, 45, 0],
			"scale": [0.3, 0.3, 0.3]
		},
		"thirdperson_lefthand": {
			"rotation": [30, 45, 0],
			"scale": [0.3, 0.3, 0.3]
		},
		"firstperson_righthand": {
			"rotation": [-3, -75, 0],
			"translation": [0, 1, 0],
			"scale": [0.5, 0.5, 0.5]
		},
		"firstperson_lefthand": {
			"rotation": [-3, -60, 0],
			"translation": [0, 1.5, 0],
			"scale": [0.5, 0.5, 0.5]
		},
		"ground": {
			"translation": [0, -1, 0],
			"scale": [0.4, 0.4, 0.4]
		},
		"gui": {
			"rotation": [30, 135, 0],
			"scale": [0.625, 0.625, 0.625]
		},
		"head": {
			"translation": [0, -51.2, 0],
			"scale": [2.287, 2.287, 2.287]
		},
		"fixed": {
			"translation": [0, -2, 0],
			"scale": [0.625, 0.625, 0.625]
		}
	},
	"groups": [0, 1, 2, 3, 4, 5, 6, 7, 8, 9, 10, 11,
		{
			"name": "group",
			"children": [12, 13, 14]
		},
		{
			"name": "group2",
			"children": [15, 16, 17, 18, 19, 20, 21, 22]
		}, 23, 24, 25, 26, 27, 28]
}