{
	"credit": "Made with Blockbench",
	"textures": {
		"1": "block/observer_back_on",
		"2": "block/comparator",
		"3": "block/furnace_top",
		"4": "block/observer_top",
		"particle": "block/observer_back_on"
	},
	"elements": [
		{
			"from": [0, 0, 0],
			"to": [16, 16, 16],
			"faces": {
				"north": {"uv": [0, 16, 16, 0], "texture": "#4"},
				"east": {"uv": [0, 0, 16, 16], "texture": "#4"},
				"south": {"uv": [0, 16, 16, 0], "texture": "#4"},
				"west": {"uv": [0, 0, 16, 16], "texture": "#4"},
				"up": {"uv": [0, 0, 16, 16], "texture": "#1"},
				"down": {"uv": [0, 0, 16, 16], "texture": "#3"}
			}
		},
		{
			"from": [16, 2, 2],
			"to": [16.1, 14, 14],
			"faces": {
				"east": {"uv": [2, 2, 14, 14], "texture": "#2"}
			}
		},
		{
			"from": [-0.1, 2, 2],
			"to": [0, 14, 14],
			"rotation": {"angle": 0, "axis": "y", "origin": [8, 9, 9]},
			"faces": {
				"west": {"uv": [2, 2, 14, 14], "texture": "#2"}
			}
		}
	],
	"display": {
		"head": {
			"scale": [2.287, 2.287, 2.287],
			"translation": [0, -51.2, 0]
		},
		"thirdperson_righthand": {
			"scale": [0.3, 0.3, 0.3],
			"rotation": [30, 45, 0]
		},
		"thirdperson_lefthand": {
			"scale": [0.3, 0.3, 0.3],
			"rotation": [30, 45, 0]
		},
		"firstperson_righthand": {
			"scale": [0.5, 0.5, 0.5],
			"rotation": [22, 30, 0]
		},
		"firstperson_lefthand": {
			"scale": [0.5, 0.5, 0.5],
			"rotation": [22, 30, 0]
		},
		"ground": {
			"scale": [0.4, 0.4, 0.4],
			"translation": [0, -1, 0]
		},
		"fixed": {
			"scale": [0.625, 0.625, 0.625]
		},
		"gui": {
			"scale": [0.625, 0.625, 0.625],
			"rotation": [30, 135, 0]
		}
	}
}