{
	"credit": "Made with Blockbench",
	"textures": {
		"1": "block/birch_door_top"
	},
	"elements": [
		{
			"from": [10, 16, 7],
			"to": [18, 32, 9],
			"faces": {
				"north": {"uv": [1, 0, 14, 16], "texture": "#1"},
				"east": {"uv": [13, 0, 14, 16], "texture": "#1"},
				"south": {"uv": [14, 0, 1, 16], "texture": "#1"},
				"west": {"uv": [13, 0, 14, 16], "texture": "#1"},
				"up": {"uv": [0, 0, 8, 1], "texture": "#1"},
				"down": {"uv": [0, 0, 8, 1], "texture": "#1"}
			}
		},
		{
			"from": [10, 0, 7],
			"to": [18, 16, 9],
			"faces": {
				"north": {"uv": [1, 16, 14, 0], "texture": "#1"},
				"east": {"uv": [13, 16, 14, 0], "texture": "#1"},
				"south": {"uv": [14, 16, 1, 0], "texture": "#1"},
				"west": {"uv": [13, 16, 14, 0], "texture": "#1"},
				"up": {"uv": [0, 1, 8, 0], "texture": "#1"},
				"down": {"uv": [0, 1, 8, 0], "texture": "#1"}
			}
		},
		{
			"from": [9.98, 14.5, 6.75],
			"to": [11, 17.5, 9.25],
			"faces": {
				"north": {"uv": [14, 13, 15, 16], "texture": "#1"},
				"east": {"uv": [0, 0, 2.5, 3], "texture": "#1"},
				"south": {"uv": [14, 13, 15, 16], "texture": "#1"},
				"west": {"uv": [0, 0, 2.5, 3], "texture": "#1"},
				"up": {"uv": [0, 0, 1.02, 2.5], "texture": "#1"},
				"down": {"uv": [0, 0, 1.02, 2.5], "texture": "#1"}
			}
		}
	],
	"display": {
		"thirdperson_righthand": {
			"rotation": [45, 0, 0],
			"translation": [-4.25, 0, 0],
			"scale": [0.5, 0.5, 0.5]
		},
		"thirdperson_lefthand": {
			"rotation": [45, -180, 0],
			"translation": [-4.25, 0, 0],
			"scale": [0.5, 0.5, 0.5]
		},
		"firstperson_righthand": {
			"scale": [0.6, 0.6, 0.6]
		},
		"firstperson_lefthand": {
			"rotation": [0, -180, 0],
			"scale": [0.6, 0.6, 0.6]
		},
		"ground": {
			"scale": [0.4, 0.4, 0.4]
		},
		"gui": {
			"rotation": [30, 45, 0],
			"translation": [-2, -4, 0],
			"scale": [0.8, 0.4, 0.8]
		},
		"head": {
			"translation": [0, -14.7, 0],
			"scale": [2.285, 2.285, 2.285]
		},
		"fixed": {
			"translation": [0, -3.5, 0],
			"scale": [0.5, 0.5, 0.5]
		}
	}
}