{
	"credit": "Made with Blockbench",
	"textures": {
		"0": "block/anvil",
		"1": "block/furnace_front",
		"2": "block/furnace_top",
		"13": "block/observer_top",
		"16": "block/furnace_side",
		"particle": "block/furnace_side"
	},
	"elements": [
		{
			"from": [0, 0, 0],
			"to": [16, 16, 16],
			"faces": {
				"north": {"uv": [0, 0, 16, 16], "texture": "#1"},
				"east": {"uv": [0, 0, 16, 16], "texture": "#16"},
				"south": {"uv": [0, 0, 16, 16], "texture": "#13"},
				"west": {"uv": [0, 0, 16, 16], "texture": "#16"},
				"up": {"uv": [0, 0, 16, 16], "texture": "#2"},
				"down": {"uv": [0, 0, 16, 16], "texture": "#2"}
			}
		},
		{
			"from": [-1, 0, -1],
			"to": [0, 16, 17],
			"faces": {
				"north": {"uv": [0, 0, 1, 16], "texture": "#0"},
				"east": {"uv": [0, 0, 16, 16], "texture": "#0"},
				"south": {"uv": [0, 0, 1, 16], "texture": "#0"},
				"west": {"uv": [0, 0, 16, 16], "texture": "#0"},
				"up": {"uv": [0, 0, 1, 16], "texture": "#0"},
				"down": {"uv": [0, 0, 1, 16], "texture": "#0"}
			}
		},
		{
			"from": [16, 0, -1],
			"to": [17, 16, 17],
			"faces": {
				"north": {"uv": [0, 0, 1, 16], "texture": "#0"},
				"east": {"uv": [0, 0, 16, 16], "texture": "#0"},
				"south": {"uv": [0, 0, 1, 16], "texture": "#0"},
				"west": {"uv": [0, 0, 16, 16], "texture": "#0"},
				"up": {"uv": [0, 0, 1, 16], "texture": "#0"},
				"down": {"uv": [0, 0, 1, 16], "texture": "#0"}
			}
		},
		{
			"from": [0, 0, 16],
			"to": [16, 16, 16.5],
			"faces": {
				"north": {"uv": [0, 0, 16, 16], "texture": "#16"},
				"east": {"uv": [0, 0, 0.5, 16], "texture": "#16"},
				"south": {"uv": [0, 0, 16, 16], "texture": "#13"},
				"west": {"uv": [0, 0, 0.5, 16], "texture": "#16"},
				"up": {"uv": [0, 0, 16, 0.5], "texture": "#16"},
				"down": {"uv": [0, 0, 16, 0.5], "texture": "#16"}
			}
		},
		{
			"from": [-1, 16, -1],
			"to": [0, 17, 17],
			"faces": {
				"north": {"uv": [0, 0, 1, 1], "texture": "#0"},
				"east": {"uv": [0, 0, 16, 1], "texture": "#0"},
				"south": {"uv": [0, 0, 1, 1], "texture": "#0"},
				"west": {"uv": [0, 0, 16, 1], "texture": "#0"},
				"up": {"uv": [0, 0, 1, 16], "texture": "#0"},
				"down": {"uv": [0, 0, 1, 16], "texture": "#0"}
			}
		},
		{
			"from": [16, 16, -1],
			"to": [17, 17, 17],
			"faces": {
				"north": {"uv": [0, 0, 1, 1], "texture": "#0"},
				"east": {"uv": [0, 0, 16, 1], "texture": "#0"},
				"south": {"uv": [0, 0, 1, 1], "texture": "#0"},
				"west": {"uv": [0, 0, 16, 1], "texture": "#0"},
				"up": {"uv": [0, 0, 1, 16], "texture": "#0"},
				"down": {"uv": [0, 0, 1, 16], "texture": "#0"}
			}
		},
		{
			"from": [0, 16, 16],
			"to": [16, 17, 17],
			"rotation": {"angle": 0, "axis": "y", "origin": [8.75, 16.25, 16.5]},
			"faces": {
				"north": {"uv": [0, 0, 16, 1], "texture": "#0"},
				"east": {"uv": [0, 0, 1, 1], "texture": "#0"},
				"south": {"uv": [0, 0, 16, 1], "texture": "#0"},
				"west": {"uv": [0, 0, 1, 1], "texture": "#0"},
				"up": {"uv": [0, 0, 1, 16], "texture": "#0", "rotation": 90},
				"down": {"uv": [0, 0, 1, 16], "texture": "#0", "rotation": 270}
			}
		},
		{
			"from": [0, 16, -1],
			"to": [16, 17, 0],
			"rotation": {"angle": 0, "axis": "y", "origin": [7.5, 16.25, -0.5]},
			"faces": {
				"north": {"uv": [0, 0, 16, 1], "texture": "#0"},
				"east": {"uv": [0, 0, 1, 1], "texture": "#0"},
				"south": {"uv": [0, 0, 16, 1], "texture": "#0"},
				"west": {"uv": [0, 0, 1, 1], "texture": "#0"},
				"up": {"uv": [0, 0, 1, 16], "texture": "#0", "rotation": 90},
				"down": {"uv": [0, 0, 1, 16], "texture": "#0", "rotation": 270}
			}
		},
		{
			"from": [0, 16, 0],
			"to": [16, 16.5, 16],
			"faces": {
				"north": {"uv": [0, 0, 16, 0.5], "texture": "#16"},
				"east": {"uv": [0, 0, 16, 0.5], "texture": "#16"},
				"south": {"uv": [0, 0, 16, 0.5], "texture": "#16"},
				"west": {"uv": [0, 0, 16, 0.5], "texture": "#16"},
				"up": {"uv": [0, 0, 16, 16], "texture": "#2"},
				"down": {"uv": [0, 0, 16, 16], "texture": "#16"}
			}
		},
		{
			"from": [-1, -1, -1],
			"to": [17, 0, 17],
			"rotation": {"angle": 0, "axis": "y", "origin": [7.5, -0.75, -0.5]},
			"faces": {
				"north": {"uv": [0, 15, 16, 16], "texture": "#0"},
				"east": {"uv": [0, 15, 16, 16], "texture": "#0"},
				"south": {"uv": [0, 15, 16, 16], "texture": "#0"},
				"west": {"uv": [0, 15, 16, 16], "texture": "#0"},
				"up": {"uv": [0, 0, 16, 16], "texture": "#0", "rotation": 90},
				"down": {"uv": [0, 0, 16, 16], "texture": "#0", "rotation": 270}
			}
		}
	],
	"display": {
		"head": {
			"scale": [2.287, 2.287, 2.287],
			"translation": [0, -49.2, 0]
		},
		"thirdperson_righthand": {
			"scale": [0.3, 0.3, 0.3],
			"rotation": [30, 45, 0]
		},
		"thirdperson_lefthand": {
			"scale": [0.3, 0.3, 0.3],
			"rotation": [30, 45, 0]
		},
		"firstperson_righthand": {
			"scale": [0.5, 0.5, 0.5],
			"rotation": [0, 120, 0],
			"translation": [0, 2, 0]
		},
		"firstperson_lefthand": {
			"scale": [0.5, 0.5, 0.5],
			"rotation": [0, 120, 0],
			"translation": [0, 2, 0]
		},
		"ground": {
			"scale": [0.4, 0.4, 0.4],
			"translation": [0, -1, 0]
		},
		"fixed": {
			"scale": [0.625, 0.625, 0.625],
			"rotation": [0, 0, 0],
			"translation": [0, -2, 0]
		},
		"gui": {
			"scale": [0.6, 0.6, 0.6],
			"rotation": [30, 135, 0],
			"translation": [0, 0, 0]
		}
	}
}