{
	"credit": "Made with Blockbench",
	"textures": {
		"0": "block/glass",
		"1": "block/stone",
		"2": "block/black_concrete",
		"3": "block/quartz_block_bottom",
		"4": "block/quartz_pillar",
		"particle": "block/quartz_block_bottom"
	},
	"elements": [
		{
			"from": [7.5, 11.5, 2],
			"to": [8.5, 12.5, 4],
			"faces": {
				"north": {"uv": [7.5, 6, 8.5, 7], "texture": "#1"},
				"east": {"uv": [2.5, 6, 4.5, 7], "texture": "#1"},
				"south": {"uv": [7.5, 6, 8.5, 7], "texture": "#1"},
				"west": {"uv": [2.5, 6, 4.5, 7], "texture": "#1"},
				"up": {"uv": [7.5, 2.5, 8.5, 4.5], "texture": "#1"},
				"down": {"uv": [7.5, 2.5, 8.5, 4.5], "texture": "#1"}
			}
		},
		{
			"from": [7.5, 17.5, 2],
			"to": [8.5, 18.5, 4],
			"faces": {
				"north": {"uv": [7.5, 12, 8.5, 13], "texture": "#1"},
				"east": {"uv": [2.5, 12, 4.5, 13], "texture": "#1"},
				"south": {"uv": [7.5, 12, 8.5, 13], "texture": "#1"},
				"west": {"uv": [2.5, 12, 4.5, 13], "texture": "#1"},
				"up": {"uv": [7.5, 2.5, 8.5, 4.5], "texture": "#1"},
				"down": {"uv": [7.5, 2.5, 8.5, 4.5], "texture": "#1"}
			}
		},
		{
			"from": [7.5, 12.5, 2],
			"to": [8.5, 17.5, 3],
			"faces": {
				"north": {"uv": [7.5, 7, 8.5, 12], "texture": "#1"},
				"east": {"uv": [2.5, 7, 3.5, 12], "texture": "#1"},
				"south": {"uv": [7.5, 7, 8.5, 12], "texture": "#1"},
				"west": {"uv": [2.5, 7, 3.5, 12], "texture": "#1"},
				"up": {"uv": [7.5, 2.5, 8.5, 3.5], "texture": "#1"},
				"down": {"uv": [7.5, 2.5, 8.5, 3.5], "texture": "#1"}
			}
		},
		{
			"from": [5, 8, 5],
			"to": [11, 10, 11],
			"faces": {
				"north": {"uv": [0, 0, 6, 2], "texture": "#2"},
				"east": {"uv": [0, 0, 6, 2], "texture": "#2"},
				"south": {"uv": [0, 0, 6, 2], "texture": "#2"},
				"west": {"uv": [0, 0, 6, 2], "texture": "#2"},
				"up": {"uv": [0, 0, 6, 6], "texture": "#2"},
				"down": {"uv": [0, 0, 6, 6], "texture": "#2"}
			}
		},
		{
			"from": [4.5, 20, 4.5],
			"to": [11.5, 20.5, 11.5],
			"faces": {
				"north": {"uv": [0, 0, 7, 0.5], "texture": "#2"},
				"east": {"uv": [0, 0, 7, 0.5], "texture": "#2"},
				"south": {"uv": [0, 0, 7, 0.5], "texture": "#2"},
				"west": {"uv": [0, 0, 7, 0.5], "texture": "#2"},
				"up": {"uv": [0, 0, 7, 7], "texture": "#2"},
				"down": {"uv": [0, 0, 7, 7], "texture": "#2"}
			}
		},
		{
			"from": [3, 0, 3],
			"to": [13, 1, 13],
			"faces": {
				"north": {"uv": [0, 0, 10, 1], "texture": "#3"},
				"east": {"uv": [0, 0, 10, 1], "texture": "#3"},
				"south": {"uv": [0, 0, 10, 1], "texture": "#3"},
				"west": {"uv": [0, 0, 10, 1], "texture": "#3"},
				"up": {"uv": [0, 0, 10, 10], "texture": "#3"},
				"down": {"uv": [0, 0, 10, 10], "texture": "#3"}
			}
		},
		{
			"from": [3, 6, 3],
			"to": [13, 8, 13],
			"faces": {
				"north": {"uv": [4, 0, 14, 2], "texture": "#4"},
				"east": {"uv": [0, 0, 10, 2], "texture": "#4"},
				"south": {"uv": [0, 0, 10, 2], "texture": "#4"},
				"west": {"uv": [0, 0, 10, 2], "texture": "#4"},
				"up": {"uv": [0, 0, 10, 10], "texture": "#4"},
				"down": {"uv": [0, 0, 10, 10], "texture": "#4"}
			}
		},
		{
			"from": [5, 1, 3],
			"to": [11, 6, 5],
			"faces": {
				"north": {"uv": [10, 0, 16, 5], "texture": "#4"},
				"east": {"uv": [0, 0, 2, 5], "texture": "#4"},
				"south": {"uv": [0, 0, 6, 5], "texture": "#4"},
				"west": {"uv": [0, 0, 2, 5], "texture": "#4"},
				"up": {"uv": [0, 0, 6, 2], "texture": "#4"},
				"down": {"uv": [0, 0, 6, 2], "texture": "#4"}
			}
		},
		{
			"from": [4, 10, 4],
			"to": [12, 20, 12],
			"faces": {
				"north": {"uv": [4, 3, 12, 13], "texture": "#0"},
				"east": {"uv": [4, 3, 12, 13], "texture": "#0"},
				"south": {"uv": [4, 3, 12, 13], "texture": "#0"},
				"west": {"uv": [4, 3, 12, 13], "texture": "#0"},
				"up": {"uv": [4, 4, 12, 12], "texture": "#0"},
				"down": {"uv": [4, 4, 12, 12], "texture": "#0"}
			}
		},
		{
			"from": [7.5, 5.5, 7.5],
			"to": [8.5, 6, 8.5],
			"faces": {
				"north": {"uv": [0, 0, 1, 0.5], "texture": "#1"},
				"east": {"uv": [0, 0, 1, 0.5], "texture": "#1"},
				"south": {"uv": [0, 0, 1, 0.5], "texture": "#1"},
				"west": {"uv": [0, 0, 1, 0.5], "texture": "#1"},
				"up": {"uv": [0, 0, 1, 1], "texture": "#1"},
				"down": {"uv": [0, 0, 1, 1], "texture": "#1"}
			}
		},
		{
			"from": [3, 1, 3],
			"to": [5, 6, 9],
			"faces": {
				"north": {"uv": [0, 0, 2, 5], "texture": "#4"},
				"east": {"uv": [0, 0, 6, 5], "texture": "#4"},
				"south": {"uv": [0, 0, 2, 5], "texture": "#4"},
				"west": {"uv": [0, 0, 6, 5], "texture": "#4"},
				"up": {"uv": [0, 0, 2, 6], "texture": "#4"},
				"down": {"uv": [0, 0, 2, 6], "texture": "#4"}
			}
		},
		{
			"from": [11, 1, 3],
			"to": [13, 6, 9],
			"faces": {
				"north": {"uv": [0, 0, 2, 5], "texture": "#4"},
				"east": {"uv": [0, 0, 6, 5], "texture": "#4"},
				"south": {"uv": [0, 0, 2, 5], "texture": "#4"},
				"west": {"uv": [0, 0, 6, 5], "texture": "#4"},
				"up": {"uv": [0, 0, 2, 6], "texture": "#4"},
				"down": {"uv": [0, 0, 2, 6], "texture": "#4"}
			}
		}
	],
	"display": {
		"gui": {
			"rotation": [30, 45, 0],
			"translation": [0, -1, 0],
			"scale": [0.625, 0.625, 0.625]
		},
		"ground": {
			"rotation": [0, 0, 0],
			"translation": [0, 0, 0],
			"scale": [0.4, 0.4, 0.4]
		},
		"fixed": {
			"rotation": [0, -90, 0],
			"translation": [0, 0, 0],
			"scale": [0.5, 0.5, 0.5]
		},
		"thirdperson_righthand": {
			"rotation": [45, 45, 0],
			"translation": [0, 2.5, 2],
			"scale": [0.375, 0.375, 0.375]
		},
		"thirdperson_lefthand": {
			"rotation": [45, 225, 0],
			"translation": [0, 2.5, 2],
			"scale": [0.375, 0.375, 0.375]
		},
		"firstperson_righthand": {
			"rotation": [0, 45, 0],
			"translation": [0, 2, 0],
			"scale": [0.4, 0.4, 0.4]
		},
		"firstperson_lefthand": {
			"rotation": [0, 225, 0],
			"translation": [0, 2, 0],
			"scale": [0.4, 0.4, 0.4]
		},
		"head": {
			"scale": [2.285, 2.285, 2.285],
			"translation": [0, -14.7, 0]
		}
	},
	"groups": [
		{
			"name": "blender",
			"isOpen": true,
			"shade": true,
			"display": {
				"visibility": true,
				"autouv": true
			},
			"children": [0, 1, 2, 3, 4]
		}, 5, 6, 7, 8, 9, 10, 11]
}