{
	"credit": "Made with Blockbench",
	"textures": {
		"0": "block/iron_block",
		"1": "block/blast_furnace_top",
		"2": "block/anvil",
		"4": "block/blast_furnace_side",
		"particle": "block/iron_block"
	},
	"elements": [
		{
			"from": [5, 4.5, 6.5],
			"to": [11, 5, 13.5],
			"faces": {
				"north": {"uv": [0, 0, 6, 0.5], "texture": "#2"},
				"east": {"uv": [0, 0, 7, 0.5], "texture": "#2"},
				"south": {"uv": [0, 0, 6, 0.5], "texture": "#2"},
				"west": {"uv": [9, 4, 16, 4.5], "texture": "#2"},
				"up": {"uv": [0, 0, 6, 7], "texture": "#2"},
				"down": {"uv": [0, 0, 6, 7], "texture": "#2"}
			}
		},
		{
			"from": [10.5, 5, 7],
			"to": [11, 6, 13.5],
			"faces": {
				"north": {"uv": [0, 0, 0.5, 1], "texture": "#1"},
				"east": {"uv": [0, 0, 6.5, 1], "texture": "#1"},
				"south": {"uv": [0, 0, 0.5, 1], "texture": "#1"},
				"west": {"uv": [0, 0, 6.5, 1], "texture": "#1"},
				"up": {"uv": [0, 0, 0.5, 6.5], "texture": "#1"},
				"down": {"uv": [0, 0, 0.5, 6.5], "texture": "#1"}
			}
		},
		{
			"from": [5.5, 5, 13],
			"to": [10.5, 7.5, 13.5],
			"faces": {
				"north": {"uv": [0, 0, 5, 2.5], "texture": "#1"},
				"east": {"uv": [0, 0, 0.5, 2.5], "texture": "#1"},
				"south": {"uv": [1, 0, 15, 7], "texture": "#1"},
				"west": {"uv": [0, 0, 0.5, 2.5], "texture": "#1"},
				"up": {"uv": [1, 0, 15, 0.5], "texture": "#1"},
				"down": {"uv": [0, 0, 5, 0.5], "texture": "#1"}
			}
		},
		{
			"from": [10.5, 6, 7.5],
			"to": [11, 7, 13.5],
			"faces": {
				"north": {"uv": [0, 0, 0.5, 1], "texture": "#1"},
				"east": {"uv": [0, 0, 6, 1], "texture": "#1"},
				"south": {"uv": [0, 0, 0.5, 1], "texture": "#1"},
				"west": {"uv": [0, 0, 6, 1], "texture": "#1"},
				"up": {"uv": [0, 0, 0.5, 6], "texture": "#1"},
				"down": {"uv": [0, 0, 0.5, 6], "texture": "#1"}
			}
		},
		{
			"from": [10.5, 7, 8],
			"to": [11, 7.5, 13.5],
			"faces": {
				"north": {"uv": [0, 0, 0.5, 0.5], "texture": "#1"},
				"east": {"uv": [0, 0, 5.5, 0.5], "texture": "#1"},
				"south": {"uv": [0, 0, 0.5, 0.5], "texture": "#1"},
				"west": {"uv": [0, 0, 5.5, 0.5], "texture": "#1"},
				"up": {"uv": [0, 0, 0.5, 5.5], "texture": "#1"},
				"down": {"uv": [0, 0, 0.5, 5.5], "texture": "#1"}
			}
		},
		{
			"from": [5, 5, 6.5],
			"to": [5.5, 5.5, 7],
			"faces": {
				"north": {"uv": [0, 0, 0.5, 0.5], "texture": "#2"},
				"east": {"uv": [0, 0, 0.5, 0.5], "texture": "#2"},
				"south": {"uv": [0, 0, 0.5, 0.5], "texture": "#2"},
				"west": {"uv": [0, 0, 0.5, 0.5], "texture": "#2"},
				"up": {"uv": [0, 0, 0.5, 0.5], "texture": "#2"},
				"down": {"uv": [0, 0, 0.5, 0.5], "texture": "#2"}
			}
		},
		{
			"from": [10.5, 5, 6.5],
			"to": [11, 5.5, 7],
			"faces": {
				"north": {"uv": [0, 0, 0.5, 0.5], "texture": "#2"},
				"east": {"uv": [0, 0, 0.5, 0.5], "texture": "#2"},
				"south": {"uv": [0, 0, 0.5, 0.5], "texture": "#2"},
				"west": {"uv": [0, 0, 0.5, 0.5], "texture": "#2"},
				"up": {"uv": [0, 0, 0.5, 0.5], "texture": "#2"},
				"down": {"uv": [0, 0, 0.5, 0.5], "texture": "#2"}
			}
		},
		{
			"from": [5, 5, 7],
			"to": [5.5, 6, 13.5],
			"faces": {
				"north": {"uv": [0, 0, 0.5, 1], "texture": "#1"},
				"east": {"uv": [0, 0, 6.5, 1], "texture": "#1"},
				"south": {"uv": [0, 0, 0.5, 1], "texture": "#1"},
				"west": {"uv": [0, 0, 6.5, 1], "texture": "#1", "rotation": 180},
				"up": {"uv": [0, 0, 0.5, 6.5], "texture": "#1"},
				"down": {"uv": [0, 0, 0.5, 6.5], "texture": "#1"}
			}
		},
		{
			"from": [5, 6, 7.5],
			"to": [5.5, 7, 13.5],
			"faces": {
				"north": {"uv": [0, 0, 0.5, 1], "texture": "#1"},
				"east": {"uv": [0, 0, 6, 1], "texture": "#1"},
				"south": {"uv": [0, 0, 0.5, 1], "texture": "#1"},
				"west": {"uv": [0, 0, 6, 1], "texture": "#1", "rotation": 180},
				"up": {"uv": [0, 0, 0.5, 6], "texture": "#1"},
				"down": {"uv": [0, 0, 0.5, 6], "texture": "#1"}
			}
		},
		{
			"from": [5, 7, 8],
			"to": [5.5, 7.5, 13.5],
			"faces": {
				"north": {"uv": [0, 0, 0.5, 0.5], "texture": "#1"},
				"east": {"uv": [0, 0, 5.5, 0.5], "texture": "#1"},
				"south": {"uv": [0, 0, 0.5, 0.5], "texture": "#1"},
				"west": {"uv": [0, 0, 5.5, 0.5], "texture": "#1", "rotation": 180},
				"up": {"uv": [0, 0, 0.5, 5.5], "texture": "#1"},
				"down": {"uv": [0, 0, 0.5, 5.5], "texture": "#1"}
			}
		},
		{
			"from": [5.5, 5, 6],
			"to": [10.5, 7.5, 13],
			"faces": {
				"north": {"uv": [1, 1, 6, 4], "texture": "#0"},
				"east": {"uv": [1, 7, 8, 10], "texture": "#0"},
				"south": {"uv": [0, 0, 5, 2.5], "texture": "#0"},
				"west": {"uv": [1, 7, 8, 10], "texture": "#0"},
				"up": {"uv": [0, 0, 5, 7], "texture": "#0"},
				"down": {"uv": [0, 0, 5, 7], "texture": "#0"}
			}
		},
		{
			"from": [5.5, 7.5, 6.5],
			"to": [10.5, 9, 10],
			"faces": {
				"north": {"uv": [6, 0, 11, 2], "texture": "#1"},
				"east": {"uv": [6, 0, 10, 2], "texture": "#1"},
				"south": {"uv": [5, 14, 10, 16], "texture": "#1"},
				"west": {"uv": [6, 0, 10, 2], "texture": "#1"},
				"up": {"uv": [6, 0, 11, 4], "texture": "#1"},
				"down": {"uv": [0, 0, 5, 3.5], "texture": "#1"}
			}
		},
		{
			"from": [5.75, 6, 3.5],
			"to": [7.75, 8, 6.5],
			"faces": {
				"north": {"uv": [0, 0, 4, 4], "texture": "#4"},
				"east": {"uv": [2, 9, 4, 12], "texture": "#4", "rotation": 90},
				"south": {"uv": [0, 0, 2, 2], "texture": "#4"},
				"west": {"uv": [1, 9, 3, 12], "texture": "#4", "rotation": 270},
				"up": {"uv": [1, 9, 3, 12], "texture": "#4"},
				"down": {"uv": [2, 9, 4, 12], "texture": "#4", "rotation": 180}
			}
		},
		{
			"from": [6, 6.25, 3],
			"to": [7.5, 7.75, 3.5],
			"faces": {
				"north": {"uv": [0, 0, 4, 4], "texture": "#1"},
				"east": {"uv": [0, 0, 0.5, 1.5], "texture": "#1"},
				"south": {"uv": [0, 0, 1.5, 1.5], "texture": "#1"},
				"west": {"uv": [0, 0, 0.5, 1.5], "texture": "#1"},
				"up": {"uv": [0, 0, 1.5, 0.5], "texture": "#1"},
				"down": {"uv": [0, 0, 1.5, 0.5], "texture": "#1"}
			}
		},
		{
			"from": [6.25, 6.5, 1.5],
			"to": [7.25, 7.5, 3],
			"faces": {
				"north": {"uv": [0, 0, 1, 1], "texture": "#2"},
				"east": {"uv": [0, 0, 1.5, 1], "texture": "#2"},
				"south": {"uv": [0, 0, 1, 1], "texture": "#2"},
				"west": {"uv": [0, 0, 1.5, 1], "texture": "#2"},
				"up": {"uv": [0, 0, 1, 1.5], "texture": "#2"},
				"down": {"uv": [0, 0, 1, 1.5], "texture": "#2"}
			}
		},
		{
			"from": [6.5, 6.75, 1],
			"to": [7, 7.25, 1.5],
			"faces": {
				"north": {"uv": [0, 0, 0.5, 0.5], "texture": "#0"},
				"east": {"uv": [0, 0, 0.5, 0.5], "texture": "#0"},
				"south": {"uv": [0, 0, 0.5, 0.5], "texture": "#0"},
				"west": {"uv": [0, 0, 0.5, 0.5], "texture": "#0"},
				"up": {"uv": [0, 0, 0.5, 0.5], "texture": "#0"},
				"down": {"uv": [0, 0, 0.5, 0.5], "texture": "#0"}
			}
		},
		{
			"from": [5.5, 7.5, 10],
			"to": [7, 8.5, 13],
			"faces": {
				"north": {"uv": [0, 0, 1.5, 1], "texture": "#4"},
				"east": {"uv": [0, 0, 5, 1], "texture": "#4"},
				"south": {"uv": [0, 0, 4, 1], "texture": "#4", "rotation": 180},
				"west": {"uv": [0, 0, 5, 1], "texture": "#4", "rotation": 180},
				"up": {"uv": [0, 0, 4, 5], "texture": "#4", "rotation": 180},
				"down": {"uv": [0, 0, 1.5, 3], "texture": "#4"}
			}
		},
		{
			"from": [9, 7.5, 10],
			"to": [10.5, 8.5, 13],
			"faces": {
				"north": {"uv": [0, 0, 1.5, 1], "texture": "#4"},
				"east": {"uv": [0, 0, 5, 1], "texture": "#4"},
				"south": {"uv": [0, 0, 4, 1], "texture": "#4", "rotation": 180},
				"west": {"uv": [0, 0, 5, 1], "texture": "#4", "rotation": 180},
				"up": {"uv": [0, 0, 4, 5], "texture": "#4", "rotation": 180},
				"down": {"uv": [0, 0, 1.5, 3], "texture": "#4"}
			}
		},
		{
			"from": [7.25, 7.5, 10],
			"to": [8.75, 8.5, 13],
			"faces": {
				"north": {"uv": [0, 0, 1.5, 1], "texture": "#4"},
				"east": {"uv": [0, 0, 5, 1], "texture": "#4"},
				"south": {"uv": [0, 0, 4, 1], "texture": "#4", "rotation": 180},
				"west": {"uv": [0, 0, 5, 1], "texture": "#4", "rotation": 180},
				"up": {"uv": [0, 0, 4, 5], "texture": "#4", "rotation": 180},
				"down": {"uv": [0, 0, 1.5, 3], "texture": "#4"}
			}
		},
		{
			"from": [8.25, 6, 3.5],
			"to": [10.25, 8, 6.5],
			"faces": {
				"north": {"uv": [0, 0, 4, 4], "texture": "#4"},
				"east": {"uv": [2, 9, 4, 12], "texture": "#4", "rotation": 90},
				"south": {"uv": [0, 0, 2, 2], "texture": "#4"},
				"west": {"uv": [1, 9, 3, 12], "texture": "#4", "rotation": 270},
				"up": {"uv": [1, 9, 3, 12], "texture": "#4"},
				"down": {"uv": [2, 9, 4, 12], "texture": "#4", "rotation": 180}
			}
		},
		{
			"from": [8.5, 6.25, 3],
			"to": [10, 7.75, 3.5],
			"faces": {
				"north": {"uv": [0, 0, 4, 4], "texture": "#1"},
				"east": {"uv": [0, 0, 0.5, 1.5], "texture": "#1"},
				"south": {"uv": [0, 0, 1.5, 1.5], "texture": "#1"},
				"west": {"uv": [0, 0, 0.5, 1.5], "texture": "#1"},
				"up": {"uv": [0, 0, 1.5, 0.5], "texture": "#1"},
				"down": {"uv": [0, 0, 1.5, 0.5], "texture": "#1"}
			}
		},
		{
			"from": [8.75, 6.5, 1.5],
			"to": [9.75, 7.5, 3],
			"faces": {
				"north": {"uv": [0, 0, 1, 1], "texture": "#2"},
				"east": {"uv": [0, 0, 1.5, 1], "texture": "#2"},
				"south": {"uv": [0, 0, 1, 1], "texture": "#2"},
				"west": {"uv": [0, 0, 1.5, 1], "texture": "#2"},
				"up": {"uv": [0, 0, 1, 1.5], "texture": "#2"},
				"down": {"uv": [0, 0, 1, 1.5], "texture": "#2"}
			}
		},
		{
			"from": [9, 6.75, 1],
			"to": [9.5, 7.25, 1.5],
			"faces": {
				"north": {"uv": [0, 0, 0.5, 0.5], "texture": "#0"},
				"east": {"uv": [0, 0, 0.5, 0.5], "texture": "#0"},
				"south": {"uv": [0, 0, 0.5, 0.5], "texture": "#0"},
				"west": {"uv": [0, 0, 0.5, 0.5], "texture": "#0"},
				"up": {"uv": [0, 0, 0.5, 0.5], "texture": "#0"},
				"down": {"uv": [0, 0, 0.5, 0.5], "texture": "#0"}
			}
		}
	],
	"display": {
		"thirdperson_righthand": {
			"scale": [0.5, 0.5, 0.5],
			"rotation": [44, 0, 0],
			"translation": [0, 1, 0]
		},
		"thirdperson_lefthand": {
			"scale": [0.5, 0.5, 0.5],
			"rotation": [-22, 0, 0],
			"translation": [0, 2.5, 0]
		},
		"firstperson_righthand": {
			"rotation": [-22, 0, 0],
			"translation": [0, 2.5, 0]
		},
		"firstperson_lefthand": {
			"rotation": [-22, 0, 0],
			"translation": [0, 2.5, 0]
		},
		"ground": {
			"scale": [0.5, 0.5, 0.5]
		},
		"fixed": {
			"rotation": [0, -90, 0],
			"translation": [0, 2.5, 0]
		},
		"gui": {
			"scale": [0.8, 0.8, 0.8],
			"rotation": [30, 135, 0],
			"translation": [0, 3.5, 0]
		},
		"head": {
			"scale": [4, 4, 4],
			"translation": [0, -14.7, -7.5]
		}
	},
	"groups": [
		{
			"name": "group",
			"isOpen": false,
			"shade": true,
			"display": {
				"visibility": true,
				"autouv": true
			},
			"children": [0, 1, 2, 3, 4, 5, 6, 7, 8, 9,
				{
					"name": "group",
					"isOpen": false,
					"shade": true,
					"display": {
						"visibility": true,
						"autouv": true
					},
					"children": [10, 11, 12, 13, 14, 15, 16, 17, 18, 19, 20, 21, 22]
				}
			]
		}
	]
}