{
	"credit": "Made with Blockbench",
	"textures": {
		"0": "block/iron_block",
		"1": "block/blast_furnace_top",
		"2": "block/anvil",
		"3": "block/comparator_on",
		"4": "block/blast_furnace_side",
		"particle": "block/iron_block"
	},
	"elements": [
		{
			"from": [5, 0, 4],
			"to": [11, 4, 12],
			"faces": {
				"north": {"uv": [0, 0, 6, 4], "texture": "#0"},
				"east": {"uv": [0, 0, 8, 4], "texture": "#0"},
				"south": {"uv": [0, 0, 6, 4], "texture": "#0"},
				"west": {"uv": [0, 0, 8, 4], "texture": "#0"},
				"up": {"uv": [5, 5, 11, 13], "texture": "#0", "rotation": 180},
				"down": {"uv": [5, 4, 11, 12], "texture": "#0"}
			}
		},
		{
			"from": [4.5, 0, 3.5],
			"to": [5, 3.5, 12.5],
			"faces": {
				"north": {"uv": [0, 3, 0.5, 10], "texture": "#4"},
				"east": {"uv": [0, 0, 9, 3.5], "texture": "#4"},
				"south": {"uv": [0, 3, 0.5, 10], "texture": "#4"},
				"west": {"uv": [0, 3, 16, 10], "texture": "#4"},
				"up": {"uv": [0, 0, 16, 0.5], "texture": "#4", "rotation": 90},
				"down": {"uv": [0, 9, 16, 9.5], "texture": "#4", "rotation": 90}
			}
		},
		{
			"from": [5, 0, 12],
			"to": [11, 4, 13],
			"faces": {
				"north": {"uv": [0, 0, 6, 4], "texture": "#1"},
				"east": {"uv": [0, 0, 1, 4], "texture": "#1"},
				"south": {"uv": [0, 0, 16, 4], "texture": "#1"},
				"west": {"uv": [0, 0, 1, 4], "texture": "#1"},
				"up": {"uv": [0, 0, 1, 6], "texture": "#1", "rotation": 90},
				"down": {"uv": [0, 0, 1, 6], "texture": "#1", "rotation": 270}
			}
		},
		{
			"from": [5, 0, 3],
			"to": [11, 3.5, 4],
			"faces": {
				"north": {"uv": [0, 0, 6, 3.5], "texture": "#1"},
				"east": {"uv": [0, 0, 1, 4], "texture": "#1"},
				"south": {"uv": [0, 0, 6, 3.5], "texture": "#1"},
				"west": {"uv": [0, 0, 1, 4], "texture": "#1"},
				"up": {"uv": [0, 0, 1, 6], "texture": "#1", "rotation": 90},
				"down": {"uv": [0, 0, 1, 6], "texture": "#1", "rotation": 270}
			}
		},
		{
			"from": [5, 0, 2.5],
			"to": [11, 3, 3],
			"faces": {
				"north": {"uv": [4, 0, 10, 3], "texture": "#1"},
				"east": {"uv": [0, 0, 0.5, 3], "texture": "#1"},
				"south": {"uv": [0, 0, 6, 3], "texture": "#1"},
				"west": {"uv": [0, 0, 0.5, 3], "texture": "#1"},
				"up": {"uv": [0, 0, 0.5, 6], "texture": "#1", "rotation": 90},
				"down": {"uv": [0, 0, 0.5, 6], "texture": "#1", "rotation": 270}
			}
		},
		{
			"from": [5.5, 0, 13],
			"to": [10.5, 4, 13.5],
			"faces": {
				"north": {"uv": [0, 0, 5, 4], "texture": "#1"},
				"east": {"uv": [0, 0, 0.5, 4], "texture": "#1"},
				"south": {"uv": [0, 0, 16, 16], "texture": "#3"},
				"west": {"uv": [0, 0, 0.5, 4], "texture": "#1"},
				"up": {"uv": [0, 0, 0.5, 5], "texture": "#1", "rotation": 90},
				"down": {"uv": [0, 0, 0.5, 5], "texture": "#1", "rotation": 270}
			}
		},
		{
			"from": [6, 4, 12],
			"to": [7, 4.5, 12.5],
			"faces": {
				"north": {"uv": [0, 0, 1, 0.5], "texture": "#2"},
				"east": {"uv": [0, 0, 0.5, 0.5], "texture": "#2"},
				"south": {"uv": [0, 0, 1, 0.5], "texture": "#2"},
				"west": {"uv": [0, 0, 0.5, 0.5], "texture": "#2"},
				"up": {"uv": [0, 0, 1, 0.5], "texture": "#2"},
				"down": {"uv": [0, 0, 1, 0.5], "texture": "#2"}
			}
		},
		{
			"from": [5, 4, 9],
			"to": [5.5, 4.5, 11],
			"faces": {
				"north": {"uv": [0, 0, 0.5, 0.5], "texture": "#2"},
				"east": {"uv": [0, 0, 2, 0.5], "texture": "#2"},
				"south": {"uv": [0, 0, 0.5, 0.5], "texture": "#2"},
				"west": {"uv": [0, 0, 2, 0.5], "texture": "#2"},
				"up": {"uv": [0, 0, 0.5, 2], "texture": "#2"},
				"down": {"uv": [0, 0, 0.5, 2], "texture": "#2"}
			}
		},
		{
			"from": [7, 4, 12.5],
			"to": [9, 4.5, 13],
			"faces": {
				"north": {"uv": [0, 0, 2, 0.5], "texture": "#2"},
				"east": {"uv": [0, 0, 0.5, 0.5], "texture": "#2"},
				"south": {"uv": [0, 0, 2, 0.5], "texture": "#2"},
				"west": {"uv": [0, 0, 0.5, 0.5], "texture": "#2"},
				"up": {"uv": [0, 0, 2, 0.5], "texture": "#2"},
				"down": {"uv": [0, 0, 2, 0.5], "texture": "#2"}
			}
		},
		{
			"from": [5.5, 4, 11],
			"to": [6, 4.5, 12],
			"faces": {
				"north": {"uv": [0, 0, 0.5, 0.5], "texture": "#2"},
				"east": {"uv": [0, 0, 1, 0.5], "texture": "#2"},
				"south": {"uv": [0, 0, 0.5, 0.5], "texture": "#2"},
				"west": {"uv": [0, 0, 1, 0.5], "texture": "#2"},
				"up": {"uv": [0, 0, 0.5, 1], "texture": "#2"},
				"down": {"uv": [0, 0, 0.5, 1], "texture": "#2"}
			}
		},
		{
			"from": [10, 4, 8],
			"to": [10.5, 4.5, 9],
			"faces": {
				"north": {"uv": [0, 0, 0.5, 0.5], "texture": "#2"},
				"east": {"uv": [0, 0, 1, 0.5], "texture": "#2"},
				"south": {"uv": [0, 0, 0.5, 0.5], "texture": "#2"},
				"west": {"uv": [0, 0, 1, 0.5], "texture": "#2"},
				"up": {"uv": [0, 0, 0.5, 1], "texture": "#2", "rotation": 180},
				"down": {"uv": [0, 0, 0.5, 1], "texture": "#2", "rotation": 180}
			}
		},
		{
			"from": [9, 4, 7.5],
			"to": [10, 4.5, 8],
			"faces": {
				"north": {"uv": [0, 0, 1, 0.5], "texture": "#2"},
				"east": {"uv": [0, 0, 0.5, 0.5], "texture": "#2"},
				"south": {"uv": [0, 0, 1, 0.5], "texture": "#2"},
				"west": {"uv": [0, 0, 0.5, 0.5], "texture": "#2"},
				"up": {"uv": [0, 0, 1, 0.5], "texture": "#2", "rotation": 180},
				"down": {"uv": [0, 0, 1, 0.5], "texture": "#2", "rotation": 180}
			}
		},
		{
			"from": [10.5, 4, 9],
			"to": [11, 4.5, 11],
			"faces": {
				"north": {"uv": [0, 0, 0.5, 0.5], "texture": "#2"},
				"east": {"uv": [0, 0, 2, 0.5], "texture": "#2"},
				"south": {"uv": [0, 0, 0.5, 0.5], "texture": "#2"},
				"west": {"uv": [0, 0, 2, 0.5], "texture": "#2"},
				"up": {"uv": [0, 0, 0.5, 2], "texture": "#2", "rotation": 180},
				"down": {"uv": [0, 0, 0.5, 2], "texture": "#2", "rotation": 180}
			}
		},
		{
			"from": [7, 4, 7],
			"to": [9, 4.5, 7.5],
			"faces": {
				"north": {"uv": [0, 0, 2, 0.5], "texture": "#2"},
				"east": {"uv": [0, 0, 0.5, 0.5], "texture": "#2"},
				"south": {"uv": [0, 0, 2, 0.5], "texture": "#2"},
				"west": {"uv": [0, 0, 0.5, 0.5], "texture": "#2"},
				"up": {"uv": [0, 0, 2, 0.5], "texture": "#2", "rotation": 180},
				"down": {"uv": [0, 0, 2, 0.5], "texture": "#2", "rotation": 180}
			}
		},
		{
			"from": [10, 4, 11],
			"to": [10.5, 4.5, 12],
			"faces": {
				"north": {"uv": [0, 0, 0.5, 0.5], "texture": "#2"},
				"east": {"uv": [0, 0, 1, 0.5], "texture": "#2"},
				"south": {"uv": [0, 0, 0.5, 0.5], "texture": "#2"},
				"west": {"uv": [0, 0, 1, 0.5], "texture": "#2"},
				"up": {"uv": [0, 0, 1, 0.5], "texture": "#2", "rotation": 270},
				"down": {"uv": [0, 0, 1, 0.5], "texture": "#2", "rotation": 90}
			}
		},
		{
			"from": [9, 4, 12],
			"to": [10, 4.5, 12.5],
			"faces": {
				"north": {"uv": [0, 0, 1, 0.5], "texture": "#2"},
				"east": {"uv": [0, 0, 0.5, 0.5], "texture": "#2"},
				"south": {"uv": [0, 0, 1, 0.5], "texture": "#2"},
				"west": {"uv": [0, 0, 0.5, 0.5], "texture": "#2"},
				"up": {"uv": [0, 0, 0.5, 1], "texture": "#2", "rotation": 270},
				"down": {"uv": [0, 0, 0.5, 1], "texture": "#2", "rotation": 90}
			}
		},
		{
			"from": [6, 4, 7.5],
			"to": [7, 4.5, 8],
			"faces": {
				"north": {"uv": [0, 0, 1, 0.5], "texture": "#2"},
				"east": {"uv": [0, 0, 0.5, 0.5], "texture": "#2"},
				"south": {"uv": [0, 0, 1, 0.5], "texture": "#2"},
				"west": {"uv": [0, 0, 0.5, 0.5], "texture": "#2"},
				"up": {"uv": [0, 0, 0.5, 1], "texture": "#2", "rotation": 90},
				"down": {"uv": [0, 0, 0.5, 1], "texture": "#2", "rotation": 270}
			}
		},
		{
			"from": [5.5, 4, 8],
			"to": [6, 4.5, 9],
			"faces": {
				"north": {"uv": [0, 0, 0.5, 0.5], "texture": "#2"},
				"east": {"uv": [0, 0, 1, 0.5], "texture": "#2"},
				"south": {"uv": [0, 0, 0.5, 0.5], "texture": "#2"},
				"west": {"uv": [0, 0, 1, 0.5], "texture": "#2"},
				"up": {"uv": [0, 0, 1, 0.5], "texture": "#2", "rotation": 90},
				"down": {"uv": [0, 0, 1, 0.5], "texture": "#2", "rotation": 270}
			}
		},
		{
			"from": [7, 4, 7.5],
			"to": [9, 4.5, 9],
			"faces": {
				"north": {"uv": [0, 0, 2, 0.5], "texture": "#2"},
				"east": {"uv": [0, 0, 1.5, 0.5], "texture": "#2"},
				"south": {"uv": [0, 0, 2, 0.5], "texture": "#2"},
				"west": {"uv": [0, 0, 1.5, 0.5], "texture": "#2"},
				"up": {"uv": [0, 0, 2, 1.5], "texture": "#2"},
				"down": {"uv": [0, 0, 2, 1.5], "texture": "#2"}
			}
		},
		{
			"from": [9, 4, 8],
			"to": [10, 4.5, 9],
			"faces": {
				"north": {"uv": [0, 0, 1, 0.5], "texture": "#2"},
				"east": {"uv": [0, 0, 1, 0.5], "texture": "#2"},
				"south": {"uv": [0, 0, 1, 0.5], "texture": "#2"},
				"west": {"uv": [0, 0, 1, 0.5], "texture": "#2"},
				"up": {"uv": [0, 0, 1, 1], "texture": "#2"},
				"down": {"uv": [0, 0, 1, 1], "texture": "#2"}
			}
		},
		{
			"from": [9, 4, 8],
			"to": [10, 4.5, 9],
			"faces": {
				"north": {"uv": [0, 0, 1, 0.5], "texture": "#2"},
				"east": {"uv": [0, 0, 1, 0.5], "texture": "#2"},
				"south": {"uv": [0, 0, 1, 0.5], "texture": "#2"},
				"west": {"uv": [0, 0, 1, 0.5], "texture": "#2"},
				"up": {"uv": [0, 0, 1, 1], "texture": "#2"},
				"down": {"uv": [0, 0, 1, 1], "texture": "#2"}
			}
		},
		{
			"from": [6, 4, 8],
			"to": [7, 4.5, 9],
			"faces": {
				"north": {"uv": [0, 0, 1, 0.5], "texture": "#2"},
				"east": {"uv": [0, 0, 1, 0.5], "texture": "#2"},
				"south": {"uv": [0, 0, 1, 0.5], "texture": "#2"},
				"west": {"uv": [0, 0, 1, 0.5], "texture": "#2"},
				"up": {"uv": [0, 0, 1, 1], "texture": "#2"},
				"down": {"uv": [0, 0, 1, 1], "texture": "#2"}
			}
		},
		{
			"from": [9, 4, 11],
			"to": [10, 4.5, 12],
			"faces": {
				"north": {"uv": [0, 0, 1, 0.5], "texture": "#2"},
				"east": {"uv": [0, 0, 1, 0.5], "texture": "#2"},
				"south": {"uv": [0, 0, 1, 0.5], "texture": "#2"},
				"west": {"uv": [0, 0, 1, 0.5], "texture": "#2"},
				"up": {"uv": [0, 0, 1, 1], "texture": "#2"},
				"down": {"uv": [0, 0, 1, 1], "texture": "#2"}
			}
		},
		{
			"from": [6, 4, 11],
			"to": [7, 4.5, 12],
			"faces": {
				"north": {"uv": [0, 0, 1, 0.5], "texture": "#2"},
				"east": {"uv": [0, 0, 1, 0.5], "texture": "#2"},
				"south": {"uv": [0, 0, 1, 0.5], "texture": "#2"},
				"west": {"uv": [0, 0, 1, 0.5], "texture": "#2"},
				"up": {"uv": [0, 0, 1, 1], "texture": "#2"},
				"down": {"uv": [0, 0, 1, 1], "texture": "#2"}
			}
		},
		{
			"from": [6, 4, 8],
			"to": [7, 4.5, 9],
			"faces": {
				"north": {"uv": [0, 0, 1, 0.5], "texture": "#2"},
				"east": {"uv": [0, 0, 1, 0.5], "texture": "#2"},
				"south": {"uv": [0, 0, 1, 0.5], "texture": "#2"},
				"west": {"uv": [0, 0, 1, 0.5], "texture": "#2"},
				"up": {"uv": [0, 0, 1, 1], "texture": "#2"},
				"down": {"uv": [0, 0, 1, 1], "texture": "#2"}
			}
		},
		{
			"from": [7, 4, 11],
			"to": [9, 4.5, 12.5],
			"faces": {
				"north": {"uv": [0, 0, 2, 0.5], "texture": "#2"},
				"east": {"uv": [0, 0, 1.5, 0.5], "texture": "#2"},
				"south": {"uv": [0, 0, 2, 0.5], "texture": "#2"},
				"west": {"uv": [0, 0, 1.5, 0.5], "texture": "#2"},
				"up": {"uv": [0, 0, 2, 1.5], "texture": "#2"},
				"down": {"uv": [0, 0, 2, 1.5], "texture": "#2"}
			}
		},
		{
			"from": [5.5, 4, 9],
			"to": [7, 4.5, 11],
			"faces": {
				"north": {"uv": [0, 0, 1.5, 0.5], "texture": "#2"},
				"east": {"uv": [0, 0, 2, 0.5], "texture": "#2"},
				"south": {"uv": [0, 0, 1.5, 0.5], "texture": "#2"},
				"west": {"uv": [0, 0, 2, 0.5], "texture": "#2"},
				"up": {"uv": [0, 0, 2, 1.5], "texture": "#2", "rotation": 90},
				"down": {"uv": [0, 0, 2, 1.5], "texture": "#2", "rotation": 270}
			}
		},
		{
			"from": [9, 4, 9],
			"to": [10.5, 4.5, 11],
			"faces": {
				"north": {"uv": [0, 0, 1.5, 0.5], "texture": "#2"},
				"east": {"uv": [0, 0, 2, 0.5], "texture": "#2"},
				"south": {"uv": [0, 0, 1.5, 0.5], "texture": "#2"},
				"west": {"uv": [0, 0, 2, 0.5], "texture": "#2"},
				"up": {"uv": [0, 0, 2, 1.5], "texture": "#2", "rotation": 90},
				"down": {"uv": [0, 0, 2, 1.5], "texture": "#2", "rotation": 270}
			}
		},
		{
			"from": [7, 4, 9],
			"to": [9, 4.5, 11],
			"faces": {
				"north": {"uv": [0, 0, 2, 0.5], "texture": "#2"},
				"east": {"uv": [0, 0, 2, 0.5], "texture": "#2"},
				"south": {"uv": [0, 0, 2, 0.5], "texture": "#2"},
				"west": {"uv": [0, 0, 2, 0.5], "texture": "#2"},
				"up": {"uv": [0, 0, 2, 2], "texture": "#2"},
				"down": {"uv": [0, 0, 2, 2], "texture": "#2"}
			}
		},
		{
			"from": [11, 0, 3.5],
			"to": [11.5, 3.5, 12.5],
			"faces": {
				"north": {"uv": [0, 3, 0.5, 10], "texture": "#4"},
				"east": {"uv": [0, 3, 16, 10], "texture": "#4"},
				"south": {"uv": [0, 3, 0.5, 10], "texture": "#4"},
				"west": {"uv": [0, 0, 9, 3.5], "texture": "#4"},
				"up": {"uv": [0, 0, 16, 0.5], "texture": "#4", "rotation": 270},
				"down": {"uv": [0, 9, 16, 9.5], "texture": "#4", "rotation": 270}
			}
		}
	],
	"display": {
		"thirdperson_righthand": {
			"scale": [0.5, 0.5, 0.5],
			"rotation": [44, 0, 0],
			"translation": [0, 1, 0]
		},
		"thirdperson_lefthand": {
			"scale": [0.5, 0.5, 0.5],
			"rotation": [-22, 0, 0],
			"translation": [0, 2.5, 0]
		},
		"firstperson_righthand": {
			"rotation": [-22, 0, 0],
			"translation": [0, 2.5, 0]
		},
		"firstperson_lefthand": {
			"rotation": [-22, 0, 0],
			"translation": [0, 2.5, 0]
		},
		"ground": {
			"scale": [0.5, 0.5, 0.5]
		},
		"fixed": {
			"rotation": [0, -90, 0],
			"translation": [0, 2.5, 0]
		},
		"gui": {
			"scale": [0.8, 0.8, 0.8],
			"rotation": [30, 135, 0],
			"translation": [0, 3.5, 0]
		},
		"head": {
			"scale": [4, 4, 4],
			"translation": [0, -14.7, 0]
		}
	},
	"groups": [
		{
			"name": "group",
			"isOpen": false,
			"shade": true,
			"display": {
				"visibility": true,
				"autouv": true
			},
			"children": [0, 1, 2, 3, 4, 5, 6, 7, 8, 9, 10, 11, 12, 13, 14, 15, 16, 17, 18, 19, 20, 21, 22, 23, 24, 25, 26, 27, 28, 29]
		}
	]
}