{
	"credit": "Made with Blockbench",
	"textures": {
		"0": "rf:line/line",
		"1": "rf:line/line_t",
		"particle": "rf:line/line"
	},
	"elements": [
		{
			"from": [1, 0, 0],
			"to": [15, 1, 16],
			"faces": {
				"north": {"uv": [15, 0, 16, 16], "rotation": 90, "texture": "#0"},
				"east": {"uv": [0, 0, 16, 1], "texture": "#0"},
				"south": {"uv": [0, 0, 1, 16], "rotation": 90, "texture": "#0"},
				"west": {"uv": [0, 0, 16, 1], "texture": "#0"},
				"up": {"uv": [1, 0, 15, 16], "rotation": 270, "texture": "#0"},
				"down": {"uv": [1, 0, 15, 16], "rotation": 270, "texture": "#0"}
			}
		},
		{
			"from": [15, 0, 0],
			"to": [16, 2, 16],
			"faces": {
				"north": {"uv": [0, 4, 1, 5], "texture": "#1"},
				"east": {"uv": [0, 4, 16, 5], "texture": "#1"},
				"south": {"uv": [0, 4, 1, 5], "texture": "#1"},
				"west": {"uv": [0, 4, 16, 5], "texture": "#1"},
				"up": {"uv": [0, 4, 16, 5], "rotation": 270, "texture": "#1"},
				"down": {"uv": [0, 4, 16, 5], "rotation": 270, "texture": "#1"}
			}
		},
		{
			"from": [0, 0, 0],
			"to": [1, 2, 1],
			"faces": {
				"north": {"uv": [0, 4, 1, 5], "texture": "#1"},
				"east": {"uv": [0, 4, 1, 6], "texture": "#1"},
				"south": {"uv": [0, 4, 1, 5], "texture": "#1"},
				"west": {"uv": [0, 4, 1, 5], "texture": "#1"},
				"up": {"uv": [0, 4, 1, 5], "rotation": 270, "texture": "#1"},
				"down": {"uv": [0, 4, 1, 5], "rotation": 270, "texture": "#1"}
			}
		},
		{
			"from": [0, 0, 15],
			"to": [1, 2, 16],
			"faces": {
				"north": {"uv": [0, 4, 1, 5], "texture": "#1"},
				"east": {"uv": [0, 4, 1, 6], "texture": "#1"},
				"south": {"uv": [0, 4, 1, 5], "texture": "#1"},
				"west": {"uv": [0, 4, 1, 5], "texture": "#1"},
				"up": {"uv": [0, 4, 1, 5], "rotation": 270, "texture": "#1"},
				"down": {"uv": [0, 4, 1, 5], "rotation": 270, "texture": "#1"}
			}
		},
		{
			"from": [0, 0, 1],
			"to": [1, 1, 15],
			"faces": {
				"north": {"uv": [0, 0, 1, 1], "texture": "#0"},
				"east": {"uv": [0, 0, 14, 1], "texture": "#0"},
				"south": {"uv": [0, 0, 1, 1], "texture": "#0"},
				"west": {"uv": [0, 0, 14, 1], "texture": "#0"},
				"up": {"uv": [0, 0, 14, 1], "rotation": 270, "texture": "#0"},
				"down": {"uv": [0, 0, 14, 1], "rotation": 270, "texture": "#0"}
			}
		}
	],
	"display": {
		"thirdperson_righthand": {
			"rotation": [90, 0, 0],
			"translation": [0, 0, 3.25],
			"scale": [0.5, 0.5, 0.5]
		},
		"thirdperson_lefthand": {
			"rotation": [90, 0, 0],
			"translation": [0, 0, 3.25],
			"scale": [0.5, 0.5, 0.5]
		},
		"firstperson_righthand": {
			"translation": [0, 2.5, 0],
			"scale": [0.6, 0.6, 0.6]
		},
		"firstperson_lefthand": {
			"translation": [0, 2.5, 0],
			"scale": [0.6, 0.6, 0.6]
		},
		"ground": {
			"translation": [0, -1, 0],
			"scale": [0.5, 0.5, 0.5]
		},
		"gui": {
			"rotation": [30, 135, 0],
			"translation": [0, 4.25, 0],
			"scale": [0.625, 0.625, 0.625]
		},
		"head": {
			"translation": [0, -14.7, 0],
			"scale": [2.285, 2.285, 2.285]
		},
		"fixed": {
			"scale": [0.625, 0.625, 0.625]
		}
	},
	"groups": [
		{
			"name": "moveline",
			"children": [0, 1, 2, 3]
		}, 4]
}