{
	"credit": "Made with Blockbench",
	"textures": {
		"0": "block/iron_block",
		"1": "block/sandstone_top",
		"2": "block/gray_concrete",
		"1_2": "block/stone",
		"2_0": "block/iron_block",
		"particle": "block/iron_block",
		"2_2": "block/gray_concrete",
		"2_1_2": "block/stone"
	},
	"elements": [
		{
			"from": [0, -12, 0],
			"to": [16, 4, 16],
			"faces": {
				"north": {"uv": [0, 0, 16, 16], "texture": "#0"},
				"east": {"uv": [0, 0, 16, 16], "texture": "#0"},
				"south": {"uv": [0, 0, 16, 16], "texture": "#0"},
				"west": {"uv": [0, 0, 16, 16], "texture": "#0"},
				"up": {"uv": [0, 0, 16, 16], "texture": "#0"},
				"down": {"uv": [0, 0, 16, 16], "texture": "#0"}
			}
		},
		{
			"from": [1, -12, 16],
			"to": [15, 4, 17.5],
			"faces": {
				"north": {"uv": [0, 0, 14, 16], "texture": "#1_2"},
				"east": {"uv": [0, 0, 1.5, 16], "texture": "#1_2"},
				"south": {"uv": [1, 0, 15, 16], "texture": "#1_2"},
				"west": {"uv": [0, 0, 1.5, 16], "texture": "#1_2"},
				"up": {"uv": [0, 0, 14, 1.5], "texture": "#1_2"},
				"down": {"uv": [0, 0, 14, 1.5], "texture": "#1_2"}
			}
		},
		{
			"from": [0.5, -11.5, -0.5],
			"to": [16, 4, 0],
			"faces": {
				"north": {"uv": [0.5, 0, 16, 15.5], "texture": "#0"},
				"east": {"uv": [0, 0, 0.5, 15.5], "texture": "#0"},
				"south": {"uv": [0, 0, 15.5, 15.5], "texture": "#0"},
				"west": {"uv": [1, 0, 1.5, 15.5], "texture": "#0"},
				"up": {"uv": [0, 0, 15.5, 0.5], "texture": "#0"},
				"down": {"uv": [0, 0, 15.5, 0.5], "texture": "#0"}
			}
		},
		{
			"from": [2, -10, -2.5],
			"to": [3, -9, -0.5],
			"faces": {
				"north": {"uv": [0, 0, 1, 1], "texture": "#2"},
				"east": {"uv": [0, 0, 2, 1], "texture": "#2"},
				"south": {"uv": [0, 0, 1, 1], "texture": "#2"},
				"west": {"uv": [0, 0, 2, 1], "texture": "#2"},
				"up": {"uv": [0, 0, 1, 2], "texture": "#2"},
				"down": {"uv": [0, 0, 1, 2], "texture": "#2"}
			}
		},
		{
			"from": [2, 1, -2.5],
			"to": [3, 2, -0.5],
			"faces": {
				"north": {"uv": [0, 0, 1, 1], "texture": "#2"},
				"east": {"uv": [0, 0, 2, 1], "texture": "#2"},
				"south": {"uv": [0, 0, 1, 1], "texture": "#2"},
				"west": {"uv": [0, 0, 2, 1], "texture": "#2"},
				"up": {"uv": [0, 0, 1, 2], "texture": "#2"},
				"down": {"uv": [0, 0, 1, 2], "texture": "#2"}
			}
		},
		{
			"from": [2, -9, -2.5],
			"to": [3, 1, -1.5],
			"faces": {
				"north": {"uv": [0, 0, 1, 10], "texture": "#2"},
				"east": {"uv": [0, 0, 1, 10], "texture": "#2"},
				"south": {"uv": [0, 0, 1, 10], "texture": "#2"},
				"west": {"uv": [0, 0, 1, 10], "texture": "#2"},
				"up": {"uv": [0, 0, 1, 1], "texture": "#2"},
				"down": {"uv": [0, 0, 1, 1], "texture": "#2"}
			}
		},
		{
			"from": [0, 4, -0.1],
			"to": [16, 25, 16],
			"faces": {
				"north": {"uv": [0, 0, 16, 16], "texture": "#2_0"},
				"east": {"uv": [0, 0, 16, 16], "texture": "#2_0"},
				"south": {"uv": [0, 0, 16, 16], "texture": "#2_0"},
				"west": {"uv": [0, 0, 16, 16], "texture": "#2_0"},
				"up": {"uv": [0, 0, 16, 16], "texture": "#2_0"},
				"down": {"uv": [0, 0, 16, 16], "texture": "#2_0"}
			}
		},
		{
			"from": [0, 25, 0],
			"to": [16, 25.5, 16],
			"faces": {
				"north": {"uv": [0, 0, 16, 0.5], "texture": "#1"},
				"east": {"uv": [0, 0, 16, 0.5], "texture": "#1"},
				"south": {"uv": [0, 0, 16, 0.5], "texture": "#1"},
				"west": {"uv": [0, 0, 16, 0.5], "texture": "#1"},
				"up": {"uv": [0, 0, 16, 16], "texture": "#1"},
				"down": {"uv": [0, 0, 16, 16], "texture": "#1"}
			}
		},
		{
			"from": [2, 4, 16],
			"to": [14, 20, 16.5],
			"faces": {
				"north": {"uv": [0, 0, 12, 16], "texture": "#2_1_2"},
				"east": {"uv": [0, 0, 0.5, 16], "texture": "#2_1_2"},
				"south": {"uv": [2, 0, 14, 16], "texture": "#2_1_2"},
				"west": {"uv": [0, 0, 0.5, 16], "texture": "#2_1_2"},
				"up": {"uv": [0, 0, 12, 0.5], "texture": "#2_1_2"},
				"down": {"uv": [0, 0, 12, 0.5], "texture": "#2_1_2"}
			}
		},
		{
			"from": [0.5, 4, -0.5],
			"to": [16, 24.5, 0],
			"faces": {
				"north": {"uv": [0.5, 0, 16, 16], "texture": "#2_0"},
				"east": {"uv": [0, 0, 0.5, 16], "texture": "#2_0"},
				"south": {"uv": [0, 0, 15.5, 16], "texture": "#2_0"},
				"west": {"uv": [1, 0, 1.5, 16], "texture": "#2_0"},
				"up": {"uv": [0, 0, 15.5, 0.5], "texture": "#2_0"},
				"down": {"uv": [0, 0, 15.5, 0.5], "texture": "#2_0"}
			}
		},
		{
			"from": [2, 7.5, -2.5],
			"to": [3, 8.5, -0.5],
			"faces": {
				"north": {"uv": [0, 0, 1, 1], "texture": "#2_2"},
				"east": {"uv": [0, 0, 2, 1], "texture": "#2_2"},
				"south": {"uv": [0, 0, 1, 1], "texture": "#2_2"},
				"west": {"uv": [0, 0, 2, 1], "texture": "#2_2"},
				"up": {"uv": [0, 0, 1, 2], "texture": "#2_2"},
				"down": {"uv": [0, 0, 1, 2], "texture": "#2_2"}
			}
		},
		{
			"from": [2, 20.5, -2.5],
			"to": [3, 21.5, -0.5],
			"faces": {
				"north": {"uv": [0, 0, 1, 1], "texture": "#2_2"},
				"east": {"uv": [0, 0, 2, 1], "texture": "#2_2"},
				"south": {"uv": [0, 0, 1, 1], "texture": "#2_2"},
				"west": {"uv": [0, 0, 2, 1], "texture": "#2_2"},
				"up": {"uv": [0, 0, 1, 2], "texture": "#2_2"},
				"down": {"uv": [0, 0, 1, 2], "texture": "#2_2"}
			}
		},
		{
			"from": [2, 8.5, -2.5],
			"to": [3, 20.5, -1.5],
			"faces": {
				"north": {"uv": [0, 0, 1, 12], "texture": "#2_2"},
				"east": {"uv": [0, 0, 1, 12], "texture": "#2_2"},
				"south": {"uv": [0, 0, 1, 12], "texture": "#2_2"},
				"west": {"uv": [0, 0, 1, 12], "texture": "#2_2"},
				"up": {"uv": [0, 0, 1, 1], "texture": "#2_2"},
				"down": {"uv": [0, 0, 1, 1], "texture": "#2_2"}
			}
		}
	],
	"display": {
		"gui": {
			"rotation": [30, 135, 0],
			"scale": [0.35, 0.35, 0.35]
		},
		"ground": {
			"rotation": [0, 0, 0],
			"translation": [0, 0, 0]
		},
		"fixed": {
			"rotation": [0, 0, 0],
			"scale": [0.5, 0.5, 0.5]
		},
		"thirdperson_righthand": {
			"rotation": [75, 45, 0],
			"translation": [0, 2.5, 0],
			"scale": [0.375, 0.375, 0.375]
		},
		"firstperson_righthand": {
			"rotation": [0, 135, 0],
			"translation": [0, 0, 0],
			"scale": [0.4, 0.4, 0.4]
		},
		"firstperson_lefthand": {
			"rotation": [0, 135, 0],
			"translation": [0, 0, 0],
			"scale": [0.4, 0.4, 0.4]
		},
		"thirdperson_lefthand": {
			"scale": [0.375, 0.375, 0.375],
			"rotation": [75, 45, 0],
			"translation": [0, 2.5, 0]
		},
		"head": {
			"scale": [2.285, 2.285, 2.285],
			"translation": [0, -14.7, 0]
		}
	},
	"groups": [
		{
			"name": "refrigerator_bottom_left",
			"shade": true,
			"display": {
				"visibility": true,
				"autouv": true
			},
			"children": [
				{
					"name": "group",
					"isOpen": true,
					"shade": true,
					"display": {
						"visibility": true,
						"autouv": true
					},
					"children": [0, 1, 2, 3, 4, 5]
				}
			]
		},
		{
			"name": "refrigerator_top_left",
			"shade": true,
			"display": {
				"visibility": true,
				"autouv": true
			},
			"children": [
				{
					"name": "group",
					"isOpen": true,
					"shade": true,
					"display": {
						"visibility": true,
						"autouv": true
					},
					"children": [6, 7, 8, 9, 10, 11, 12]
				}
			]
		}
	]
}