﻿{
	"credit": "Made with Blockbench, a free, modern block model editor by JannisX11",
	"textures": {
		"0": "block/cyan_terracotta",
		"1": "block/sea_lantern",
		"2": "block/anvil",
		"particle": "block/cyan_terracotta"
	},
	"elements": [
		{
			"from": [4, 20, 4],
			"to": [12, 30, 12],
			"rotation": {"angle": 0, "axis": "y", "origin": [0.5, 20.5, 0.5]},
			"faces": {
				"north": {"uv": [4, 3, 12, 13], "texture": "#1"},
				"east": {"uv": [4, 3, 12, 13], "texture": "#1"},
				"south": {"uv": [4, 3, 12, 13], "texture": "#1"},
				"west": {"uv": [4, 3, 12, 13], "texture": "#1"},
				"up": {"uv": [4, 4, 12, 12], "texture": "#1"},
				"down": {"uv": [4, 4, 12, 12], "texture": "#1"}
			}
		},
		{
			"from": [3, 20, 3],
			"to": [4, 30, 4],
			"faces": {
				"north": {"uv": [0, 0, 1, 10], "texture": "#0"},
				"east": {"uv": [0, 0, 1, 10], "texture": "#0"},
				"south": {"uv": [0, 0, 1, 10], "texture": "#0"},
				"west": {"uv": [0, 0, 1, 10], "texture": "#0"},
				"up": {"uv": [0, 0, 1, 1], "texture": "#0"},
				"down": {"uv": [0, 0, 1, 1], "texture": "#0"}
			}
		},
		{
			"from": [3, 20, 12],
			"to": [4, 30, 13],
			"faces": {
				"north": {"uv": [0, 0, 1, 10], "texture": "#0"},
				"east": {"uv": [0, 0, 1, 10], "texture": "#0"},
				"south": {"uv": [0, 0, 1, 10], "texture": "#0"},
				"west": {"uv": [0, 0, 1, 10], "texture": "#0"},
				"up": {"uv": [0, 0, 1, 1], "texture": "#0"},
				"down": {"uv": [0, 0, 1, 1], "texture": "#0"}
			}
		},
		{
			"from": [12, 20, 3],
			"to": [13, 30, 4],
			"faces": {
				"north": {"uv": [0, 0, 1, 10], "texture": "#0"},
				"east": {"uv": [0, 0, 1, 10], "texture": "#0"},
				"south": {"uv": [0, 0, 1, 10], "texture": "#0"},
				"west": {"uv": [0, 0, 1, 10], "texture": "#0"},
				"up": {"uv": [0, 0, 1, 1], "texture": "#0"},
				"down": {"uv": [0, 0, 1, 1], "texture": "#0"}
			}
		},
		{
			"from": [12, 20, 12],
			"to": [13, 30, 13],
			"faces": {
				"north": {"uv": [0, 0, 1, 10], "texture": "#0"},
				"east": {"uv": [0, 0, 1, 10], "texture": "#0"},
				"south": {"uv": [0, 0, 1, 10], "texture": "#0"},
				"west": {"uv": [0, 0, 1, 10], "texture": "#0"},
				"up": {"uv": [0, 0, 1, 1], "texture": "#0"},
				"down": {"uv": [0, 0, 1, 1], "texture": "#0"}
			}
		},
		{
			"from": [3, 19, 3],
			"to": [13, 20, 13],
			"faces": {
				"north": {"uv": [0, 0, 10, 1], "texture": "#0"},
				"east": {"uv": [0, 0, 10, 1], "texture": "#0"},
				"south": {"uv": [0, 0, 10, 1], "texture": "#0"},
				"west": {"uv": [0, 0, 10, 1], "texture": "#0"},
				"up": {"uv": [0, 0, 10, 10], "texture": "#0"},
				"down": {"uv": [0, 0, 10, 10], "texture": "#0"}
			}
		},
		{
			"from": [3, 30, 3],
			"to": [13, 31, 13],
			"faces": {
				"north": {"uv": [0, 0, 10, 1], "texture": "#0"},
				"east": {"uv": [0, 0, 10, 1], "texture": "#0"},
				"south": {"uv": [0, 0, 10, 1], "texture": "#0"},
				"west": {"uv": [0, 0, 10, 1], "texture": "#0"},
				"up": {"uv": [0, 0, 10, 10], "texture": "#0"},
				"down": {"uv": [0, 0, 10, 10], "texture": "#0"}
			}
		},
		{
			"from": [4, 31, 4],
			"to": [12, 32, 12],
			"faces": {
				"north": {"uv": [0, 0, 8, 1], "texture": "#0"},
				"east": {"uv": [0, 0, 8, 1], "texture": "#0"},
				"south": {"uv": [0, 0, 8, 1], "texture": "#0"},
				"west": {"uv": [0, 0, 8, 1], "texture": "#0"},
				"up": {"uv": [0, 0, 8, 8], "texture": "#0"},
				"down": {"uv": [0, 0, 8, 8], "texture": "#0"}
			}
		},
		{
			"from": [4, 18, 4],
			"to": [12, 19, 12],
			"faces": {
				"north": {"uv": [0, 0, 8, 1], "texture": "#0"},
				"east": {"uv": [0, 0, 8, 1], "texture": "#0"},
				"south": {"uv": [0, 0, 8, 1], "texture": "#0"},
				"west": {"uv": [0, 0, 8, 1], "texture": "#0"},
				"up": {"uv": [0, 0, 8, 8], "texture": "#0"},
				"down": {"uv": [0, 0, 8, 8], "texture": "#0"}
			}
		},
		{
			"from": [5, 17, 5],
			"to": [11, 18, 11],
			"faces": {
				"north": {"uv": [5, 0, 11, 1], "texture": "#2"},
				"east": {"uv": [5, 0, 11, 1], "texture": "#2"},
				"south": {"uv": [5, 0, 11, 1], "texture": "#2"},
				"west": {"uv": [5, 0, 11, 1], "texture": "#2"},
				"up": {"uv": [5, 4, 11, 10], "texture": "#2"},
				"down": {"uv": [5, 4, 11, 10], "texture": "#2"}
			}
		},
		{
			"from": [6, 1, 6],
			"to": [10, 17, 10],
			"faces": {
				"north": {"uv": [6, 0, 10, 16], "texture": "#2"},
				"east": {"uv": [6, 0, 10, 16], "texture": "#2"},
				"south": {"uv": [6, 0, 10, 16], "texture": "#2"},
				"west": {"uv": [6, 0, 10, 16], "texture": "#2"},
				"up": {"uv": [6, 6, 10, 10], "texture": "#2"},
				"down": {"uv": [6, 6, 10, 10], "texture": "#2"}
			}
		},
		{
			"from": [5, -15, 5],
			"to": [11, -7, 11],
			"faces": {
				"north": {"uv": [5, 4, 11, 12], "texture": "#2"},
				"east": {"uv": [5, 4, 11, 12], "texture": "#2"},
				"south": {"uv": [5, 4, 11, 12], "texture": "#2"},
				"west": {"uv": [5, 4, 11, 12], "texture": "#2"},
				"up": {"uv": [5, 5, 11, 11], "texture": "#2"},
				"down": {"uv": [5, 5, 11, 11], "texture": "#2"}
			}
		},
		{
			"from": [6, -7, 6],
			"to": [10, 1, 10],
			"faces": {
				"north": {"uv": [0, 0, 4, 8], "texture": "#2"},
				"east": {"uv": [0, 0, 4, 8], "texture": "#2"},
				"south": {"uv": [0, 0, 4, 8], "texture": "#2"},
				"west": {"uv": [0, 0, 4, 8], "texture": "#2"},
				"up": {"uv": [0, 0, 4, 4], "texture": "#2"},
				"down": {"uv": [0, 0, 4, 4], "texture": "#2"}
			}
		}
	],
	"display": {
		"thirdperson_righthand": {
			"scale": [0.5, 0.5, 0.5],
			"rotation": [0, 45, 0]
		},
		"gui": {
			"scale": [0.3, 0.3, 0.3],
			"rotation": [30, -45, 0]
		},
		"fixed": {
			"scale": [0.4, 0.4, 0.4],
			"translation": [0, 0.5, 0]
		},
		"firstperson_lefthand": {
			"scale": [0.8, 0.8, 0.8],
			"rotation": [-15, 22.5, 0]
		},
		"firstperson_righthand": {
			"scale": [0.8, 0.8, 0.8],
			"rotation": [-15, 22.5, 0],
			"translation": [0, 0, 0]
		},
		"thirdperson_lefthand": {
			"scale": [0.5, 0.5, 0.5],
			"rotation": [0, 45, 0],
			"translation": [0, 0, 0]
		},
		"head": {
			"scale": [2.4, 2.4, 2.4],
			"translation": [0, 22, 0]
		}
	},
	"groups": [
		{
			"name": "top",
			"isOpen": true,
			"shade": true,
			"display": {
				"visibility": true,
				"autouv": true
			},
			"children": [0, 1, 2, 3, 4, 5, 6, 7, 8, 9]
		},
		{
			"name": "middle",
			"isOpen": true,
			"shade": true,
			"display": {
				"visibility": true,
				"autouv": true
			},
			"children": [10]
		},
		{
			"name": "button",
			"isOpen": true,
			"shade": true,
			"display": {
				"visibility": true,
				"autouv": true
			},
			"children": [11, 12]
		}
	]
}