{
	"credit": "Made with Blockbench",
	"textures": {
		"0": "block/gray_wool",
		"1": "block/black_terracotta",
		"2": "block/anvil",
		"3": "block/iron_block",
		"4": "block/black_concrete",
		"5": "block/gray_concrete",
		"particle": "block/gray_wool",
		"2_4": "block/black_concrete"
	},
	"elements": [
		{
			"from": [3, 8, 13.85],
			"to": [13, 23, 14.45],
			"rotation": {"angle": 0, "axis": "x", "origin": [7, 8, 12]},
			"faces": {
				"north": {"uv": [0, 0, 10, 15], "texture": "#0", "rotation": 180},
				"east": {"uv": [0, 0, 15, 0.6], "texture": "#0", "rotation": 270},
				"south": {"uv": [0, 0, 10, 15], "texture": "#0"},
				"west": {"uv": [0, 0, 15, 0.6], "texture": "#0", "rotation": 90},
				"up": {"uv": [0, 0, 10, 0.6], "texture": "#0", "rotation": 180},
				"down": {"uv": [0, 0, 10, 0.6], "texture": "#0"}
			}
		},
		{
			"from": [3, 7.85, 2],
			"to": [13, 8.45, 14],
			"rotation": {"angle": 0, "axis": "x", "origin": [7, 9, 12]},
			"faces": {
				"north": {"uv": [0, 0, 10, 0.6], "texture": "#0", "rotation": 180},
				"east": {"uv": [0, 0, 12, 0.6], "texture": "#0", "rotation": 180},
				"south": {"uv": [0, 0, 10, 0.6], "texture": "#0", "rotation": 180},
				"west": {"uv": [0, 0, 12, 0.6], "texture": "#0", "rotation": 180},
				"up": {"uv": [0, 0, 10, 12], "texture": "#0"},
				"down": {"uv": [0, 0, 10, 12], "texture": "#0"}
			}
		},
		{
			"from": [4.5, 7, 4],
			"to": [11.5, 8, 12],
			"faces": {
				"north": {"uv": [0, 0, 7, 1], "texture": "#4"},
				"east": {"uv": [0, 0, 8, 1], "texture": "#4"},
				"south": {"uv": [0, 0, 7, 1], "texture": "#4"},
				"west": {"uv": [0, 0, 8, 1], "texture": "#4"},
				"up": {"uv": [0, 0, 7, 8], "texture": "#4"},
				"down": {"uv": [0, 0, 7, 8], "texture": "#4"}
			}
		},
		{
			"from": [12.5, 7.5, 5],
			"to": [13.5, 12.5, 6],
			"rotation": {"angle": -22.5, "axis": "x", "origin": [13, 10, 5.5]},
			"faces": {
				"north": {"uv": [0, 0, 1, 5], "texture": "#5"},
				"east": {"uv": [0, 0, 1, 5], "texture": "#5"},
				"south": {"uv": [0, 0, 1, 5], "texture": "#5"},
				"west": {"uv": [0, 0, 1, 5], "texture": "#5"},
				"up": {"uv": [0, 0, 1, 1], "texture": "#5"},
				"down": {"uv": [0, 0, 1, 1], "texture": "#5"}
			}
		},
		{
			"from": [2.5, 7.5, 5],
			"to": [3.5, 12.5, 6],
			"rotation": {"angle": -22.5, "axis": "x", "origin": [3, 10, 5.5]},
			"faces": {
				"north": {"uv": [0, 0, 1, 5], "texture": "#5"},
				"east": {"uv": [0, 0, 1, 5], "texture": "#5"},
				"south": {"uv": [0, 0, 1, 5], "texture": "#5"},
				"west": {"uv": [0, 0, 1, 5], "texture": "#5"},
				"up": {"uv": [0, 0, 1, 1], "texture": "#5"},
				"down": {"uv": [0, 0, 1, 1], "texture": "#5"}
			}
		},
		{
			"from": [12, 12, 1],
			"to": [14, 12.5, 14],
			"faces": {
				"north": {"uv": [0, 0, 2, 0.5], "texture": "#5"},
				"east": {"uv": [0, 0, 13, 0.5], "texture": "#5"},
				"south": {"uv": [0, 0, 2, 0.5], "texture": "#5"},
				"west": {"uv": [0, 0, 13, 0.5], "texture": "#5"},
				"up": {"uv": [0, 0, 2, 13], "texture": "#5"},
				"down": {"uv": [0, 0, 2, 13], "texture": "#5"}
			}
		},
		{
			"from": [7.25, 6, 7.25],
			"to": [8.75, 7, 8.75],
			"faces": {
				"north": {"uv": [0, 0, 1.5, 1], "texture": "#2_4"},
				"east": {"uv": [0, 0, 1.5, 1], "texture": "#2_4"},
				"south": {"uv": [0, 0, 1.5, 1], "texture": "#2_4"},
				"west": {"uv": [0, 0, 1.5, 1], "texture": "#2_4"},
				"up": {"uv": [0, 0, 1.5, 1.5], "texture": "#2_4"},
				"down": {"uv": [0, 0, 1.5, 1.5], "texture": "#2_4"}
			}
		},
		{
			"from": [7.5, 4, 7.5],
			"to": [8.5, 6, 8.5],
			"faces": {
				"north": {"uv": [1, 1, 2, 3], "texture": "#3"},
				"east": {"uv": [1, 1, 2, 3], "texture": "#3"},
				"south": {"uv": [1, 1, 2, 3], "texture": "#3"},
				"west": {"uv": [1, 1, 2, 3], "texture": "#3"},
				"up": {"uv": [0, 0, 1, 1], "texture": "#3"},
				"down": {"uv": [0, 0, 1, 1], "texture": "#3"}
			}
		},
		{
			"from": [7.25, 3, 7.25],
			"to": [8.75, 4, 8.75],
			"faces": {
				"north": {"uv": [2, 0, 3.5, 1], "texture": "#2"},
				"east": {"uv": [2, 0, 3.5, 1], "texture": "#2"},
				"south": {"uv": [2, 0, 3.5, 1], "texture": "#2"},
				"west": {"uv": [2, 0, 3.5, 1], "texture": "#2"},
				"up": {"uv": [7, 6, 8.5, 7.5], "texture": "#2"},
				"down": {"uv": [7, 6, 8.5, 7.5], "texture": "#2"}
			}
		},
		{
			"from": [7, 2, 7],
			"to": [9, 3, 9],
			"faces": {
				"north": {"uv": [7, 5, 9, 6], "texture": "#2"},
				"east": {"uv": [2, 0, 4, 1], "texture": "#2"},
				"south": {"uv": [7, 5, 9, 6], "texture": "#2"},
				"west": {"uv": [7, 5, 9, 6], "texture": "#2"},
				"up": {"uv": [7, 6, 9, 8], "texture": "#2"},
				"down": {"uv": [7, 6, 9, 8], "texture": "#2"}
			}
		},
		{
			"from": [4, 1.3, 7.5],
			"to": [7.6, 1.9, 8.1],
			"rotation": {"angle": 22.5, "axis": "z", "origin": [5.8, 1.3, 7.8]},
			"faces": {
				"north": {"uv": [2, 2, 5.6, 2.6], "texture": "#2"},
				"east": {"uv": [2, 0, 2.6, 0.6], "texture": "#2", "rotation": 90},
				"south": {"uv": [2, 2, 5.6, 2.6], "texture": "#2", "rotation": 180},
				"west": {"uv": [2, 0, 2.6, 0.6], "texture": "#2", "rotation": 270},
				"up": {"uv": [2, 2, 5.6, 2.6], "texture": "#2"},
				"down": {"uv": [2, 2, 5.6, 2.6], "texture": "#2", "rotation": 180}
			}
		},
		{
			"from": [8, 0, 9],
			"to": [8.6, 0.6, 12.6],
			"rotation": {"angle": 22.5, "axis": "x", "origin": [7.3, 1.3, 13.8]},
			"faces": {
				"north": {"uv": [2, 2, 2.6, 2.6], "texture": "#2"},
				"east": {"uv": [2, 2, 5.6, 2.6], "texture": "#2"},
				"south": {"uv": [2, 2, 2.6, 2.6], "texture": "#2"},
				"west": {"uv": [2, 2, 5.6, 2.6], "texture": "#2"},
				"up": {"uv": [2, 2, 2.6, 5.6], "texture": "#2"},
				"down": {"uv": [2, 2, 2.6, 5.6], "texture": "#2"}
			}
		},
		{
			"from": [8, 2.9, 8],
			"to": [11.6, 3.5, 8.6],
			"rotation": {"angle": -22.5, "axis": "z", "origin": [5.8, 1.3, 8.3]},
			"faces": {
				"north": {"uv": [2, 2, 5.6, 2.6], "texture": "#2", "rotation": 180},
				"east": {"uv": [2, 0, 2.6, 0.6], "texture": "#2", "rotation": 270},
				"south": {"uv": [2, 2, 5.6, 2.6], "texture": "#2"},
				"west": {"uv": [2, 0, 2.6, 0.6], "texture": "#2", "rotation": 90},
				"up": {"uv": [2, 2, 5.6, 2.6], "texture": "#2", "rotation": 180},
				"down": {"uv": [2, 2, 5.6, 2.6], "texture": "#2"}
			}
		},
		{
			"from": [7.6, 4.2, 5],
			"to": [8.2, 4.8, 8.6],
			"rotation": {"angle": -22.5, "axis": "x", "origin": [7.3, 1.3, 13.8]},
			"faces": {
				"north": {"uv": [2, 2, 2.6, 2.6], "texture": "#2"},
				"east": {"uv": [2, 2, 5.6, 2.6], "texture": "#2"},
				"south": {"uv": [2, 2, 2.6, 2.6], "texture": "#2"},
				"west": {"uv": [2, 2, 5.6, 2.6], "texture": "#2"},
				"up": {"uv": [2, 2, 2.6, 5.6], "texture": "#2", "rotation": 180},
				"down": {"uv": [2, 2, 2.6, 5.6], "texture": "#2", "rotation": 180}
			}
		},
		{
			"from": [7.4, 0, 4.5],
			"to": [8.4, 1, 5.5],
			"faces": {
				"north": {"uv": [0, 0, 1, 1], "texture": "#1"},
				"east": {"uv": [0, 0, 1, 1], "texture": "#1"},
				"south": {"uv": [0, 0, 1, 1], "texture": "#1"},
				"west": {"uv": [0, 0, 1, 1], "texture": "#1"},
				"up": {"uv": [0, 0, 1, 1], "texture": "#1"},
				"down": {"uv": [0, 0, 1, 1], "texture": "#1"}
			}
		},
		{
			"from": [4, 0, 7.3],
			"to": [5, 1, 8.3],
			"faces": {
				"north": {"uv": [0, 0, 1, 1], "texture": "#1"},
				"east": {"uv": [0, 0, 1, 1], "texture": "#1"},
				"south": {"uv": [0, 0, 1, 1], "texture": "#1"},
				"west": {"uv": [0, 0, 1, 1], "texture": "#1"},
				"up": {"uv": [0, 0, 1, 1], "texture": "#1"},
				"down": {"uv": [0, 0, 1, 1], "texture": "#1"}
			}
		},
		{
			"from": [7.8, 0, 11.3],
			"to": [8.8, 1, 12.3],
			"faces": {
				"north": {"uv": [0, 0, 1, 1], "texture": "#1"},
				"east": {"uv": [0, 0, 1, 1], "texture": "#1"},
				"south": {"uv": [0, 0, 1, 1], "texture": "#1"},
				"west": {"uv": [0, 0, 1, 1], "texture": "#1"},
				"up": {"uv": [0, 0, 1, 1], "texture": "#1"},
				"down": {"uv": [0, 0, 1, 1], "texture": "#1"}
			}
		},
		{
			"from": [10.9, 0, 7.8],
			"to": [11.9, 1, 8.8],
			"faces": {
				"north": {"uv": [0, 0, 1, 1], "texture": "#1"},
				"east": {"uv": [0, 0, 1, 1], "texture": "#1"},
				"south": {"uv": [0, 0, 1, 1], "texture": "#1"},
				"west": {"uv": [0, 0, 1, 1], "texture": "#1"},
				"up": {"uv": [0, 0, 1, 1], "texture": "#1"},
				"down": {"uv": [0, 0, 1, 1], "texture": "#1"}
			}
		},
		{
			"from": [2, 12, 1],
			"to": [4, 12.5, 14],
			"faces": {
				"north": {"uv": [0, 0, 2, 0.5], "texture": "#5"},
				"east": {"uv": [0, 0, 13, 0.5], "texture": "#5"},
				"south": {"uv": [0, 0, 2, 0.5], "texture": "#5"},
				"west": {"uv": [0, 0, 13, 0.5], "texture": "#5"},
				"up": {"uv": [0, 0, 2, 13], "texture": "#5"},
				"down": {"uv": [0, 0, 2, 13], "texture": "#5"}
			}
		}
	],
	"display": {
		"thirdperson_righthand": {
			"scale": [0.5, 0.5, 0.5],
			"rotation": [0, 135, 0]
		},
		"head": {
			"scale": [2.4, 2.4, 2.4],
			"translation": [0, -14, 0]
		},
		"fixed": {
			"scale": [0.5, 0.5, 0.5],
			"rotation": [0, 90, 0],
			"translation": [0, -3, 0]
		},
		"gui": {
			"scale": [0.5, 0.5, 0.5],
			"rotation": [30, 135, 0],
			"translation": [0, -1, 0]
		},
		"firstperson_lefthand": {
			"scale": [0.6, 0.6, 0.6],
			"translation": [0, 4, 0],
			"rotation": [15, 120, 0]
		},
		"firstperson_righthand": {
			"scale": [0.6, 0.6, 0.6],
			"rotation": [15, 120, 0],
			"translation": [0, 4, 0]
		},
		"thirdperson_lefthand": {
			"scale": [0.5, 0.5, 0.5],
			"rotation": [0, 135, 0]
		}
	},
	"groups": [
		{
			"name": "swivel_chair_all",
			"isOpen": false,
			"shade": true,
			"display": {
				"visibility": true,
				"autouv": true
			},
			"children": [0, 1, 2, 3, 4, 5, 6, 7, 8, 9, 10, 11, 12, 13, 14, 15, 16, 17, 18]
		}
	]
}