{
	"credit": "Made with Blockbench",
	"textures": {
		"0": "block/black_wool",
		"1": "block/blue_wool",
		"2": "block/anvil",
		"particle": "block/black_wool"
	},
	"elements": [
		{
			"from": [-16, 14, -16],
			"to": [-10, 17, -10],
			"faces": {
				"north": {"uv": [0, 0, 6, 3], "texture": "#1"},
				"east": {"uv": [0, 0, 6, 3], "texture": "#1"},
				"south": {"uv": [0, 0, 6, 3], "texture": "#1"},
				"west": {"uv": [0, 0, 6, 3], "texture": "#1"},
				"up": {"uv": [0, 0, 16, 16], "texture": "#1"},
				"down": {"uv": [0, 0, 16, 16], "texture": "#1"}
			}
		},
		{
			"from": [-16, 14, -10],
			"to": [-10, 17, -4],
			"faces": {
				"north": {"uv": [0, 0, 6, 3], "texture": "#1"},
				"east": {"uv": [0, 0, 6, 3], "texture": "#1"},
				"south": {"uv": [0, 0, 6, 3], "texture": "#1"},
				"west": {"uv": [0, 0, 6, 3], "texture": "#1"},
				"up": {"uv": [0, 0, 16, 16], "texture": "#1"},
				"down": {"uv": [0, 0, 16, 16], "texture": "#1"}
			}
		},
		{
			"from": [-16, 14, -4],
			"to": [-10, 17, 2],
			"faces": {
				"north": {"uv": [0, 0, 6, 3], "texture": "#1"},
				"east": {"uv": [0, 0, 6, 3], "texture": "#1"},
				"south": {"uv": [0, 0, 6, 3], "texture": "#1"},
				"west": {"uv": [0, 0, 6, 3], "texture": "#1"},
				"up": {"uv": [0, 0, 16, 16], "texture": "#1"},
				"down": {"uv": [0, 0, 16, 16], "texture": "#1"}
			}
		},
		{
			"from": [-16, 14, 2],
			"to": [-10, 17, 8],
			"faces": {
				"north": {"uv": [0, 0, 6, 3], "texture": "#1"},
				"east": {"uv": [0, 0, 6, 3], "texture": "#1"},
				"south": {"uv": [0, 0, 6, 3], "texture": "#1"},
				"west": {"uv": [0, 0, 6, 3], "texture": "#1"},
				"up": {"uv": [0, 0, 16, 16], "texture": "#1"},
				"down": {"uv": [0, 0, 16, 16], "texture": "#1"}
			}
		},
		{
			"from": [-16, 14, 8],
			"to": [-10, 17, 14],
			"faces": {
				"north": {"uv": [0, 0, 6, 3], "texture": "#1"},
				"east": {"uv": [0, 0, 6, 3], "texture": "#1"},
				"south": {"uv": [0, 0, 6, 3], "texture": "#1"},
				"west": {"uv": [0, 0, 6, 3], "texture": "#1"},
				"up": {"uv": [0, 0, 16, 16], "texture": "#1"},
				"down": {"uv": [0, 0, 16, 16], "texture": "#1"}
			}
		},
		{
			"from": [-16, 14, 14],
			"to": [-10, 17, 20],
			"faces": {
				"north": {"uv": [0, 0, 6, 3], "texture": "#1"},
				"east": {"uv": [0, 0, 6, 3], "texture": "#1"},
				"south": {"uv": [0, 0, 6, 3], "texture": "#1"},
				"west": {"uv": [0, 0, 6, 3], "texture": "#1"},
				"up": {"uv": [0, 0, 16, 16], "texture": "#1"},
				"down": {"uv": [0, 0, 16, 16], "texture": "#1"}
			}
		},
		{
			"from": [-16, 14, 20],
			"to": [-10, 17, 26],
			"faces": {
				"north": {"uv": [0, 0, 6, 3], "texture": "#1"},
				"east": {"uv": [0, 0, 6, 3], "texture": "#1"},
				"south": {"uv": [0, 0, 6, 3], "texture": "#1"},
				"west": {"uv": [0, 0, 6, 3], "texture": "#1"},
				"up": {"uv": [0, 0, 16, 16], "texture": "#1"},
				"down": {"uv": [0, 0, 16, 16], "texture": "#1"}
			}
		},
		{
			"from": [26, 14, 26],
			"to": [32, 17, 32],
			"rotation": {"angle": 0, "axis": "y", "origin": [8, 15.5, 8]},
			"faces": {
				"north": {"uv": [0, 0, 6, 3], "texture": "#1"},
				"east": {"uv": [0, 0, 6, 3], "texture": "#1"},
				"south": {"uv": [0, 0, 6, 3], "texture": "#1"},
				"west": {"uv": [0, 0, 6, 3], "texture": "#1"},
				"up": {"uv": [0, 0, 16, 16], "texture": "#1", "rotation": 180},
				"down": {"uv": [0, 0, 16, 16], "texture": "#1", "rotation": 180}
			}
		},
		{
			"from": [26, 14, 20],
			"to": [32, 17, 26],
			"rotation": {"angle": 0, "axis": "y", "origin": [8, 15.5, 8]},
			"faces": {
				"north": {"uv": [0, 0, 6, 3], "texture": "#1"},
				"east": {"uv": [0, 0, 6, 3], "texture": "#1"},
				"south": {"uv": [0, 0, 6, 3], "texture": "#1"},
				"west": {"uv": [0, 0, 6, 3], "texture": "#1"},
				"up": {"uv": [0, 0, 16, 16], "texture": "#1", "rotation": 180},
				"down": {"uv": [0, 0, 16, 16], "texture": "#1", "rotation": 180}
			}
		},
		{
			"from": [26, 14, 14],
			"to": [32, 17, 20],
			"rotation": {"angle": 0, "axis": "y", "origin": [8, 15.5, 8]},
			"faces": {
				"north": {"uv": [0, 0, 6, 3], "texture": "#1"},
				"east": {"uv": [0, 0, 6, 3], "texture": "#1"},
				"south": {"uv": [0, 0, 6, 3], "texture": "#1"},
				"west": {"uv": [0, 0, 6, 3], "texture": "#1"},
				"up": {"uv": [0, 0, 16, 16], "texture": "#1", "rotation": 180},
				"down": {"uv": [0, 0, 16, 16], "texture": "#1", "rotation": 180}
			}
		},
		{
			"from": [26, 14, 8],
			"to": [32, 17, 14],
			"rotation": {"angle": 0, "axis": "y", "origin": [8, 15.5, 8]},
			"faces": {
				"north": {"uv": [0, 0, 6, 3], "texture": "#1"},
				"east": {"uv": [0, 0, 6, 3], "texture": "#1"},
				"south": {"uv": [0, 0, 6, 3], "texture": "#1"},
				"west": {"uv": [0, 0, 6, 3], "texture": "#1"},
				"up": {"uv": [0, 0, 16, 16], "texture": "#1", "rotation": 180},
				"down": {"uv": [0, 0, 16, 16], "texture": "#1", "rotation": 180}
			}
		},
		{
			"from": [26, 14, 2],
			"to": [32, 17, 8],
			"rotation": {"angle": 0, "axis": "y", "origin": [8, 15.5, 8]},
			"faces": {
				"north": {"uv": [0, 0, 6, 3], "texture": "#1"},
				"east": {"uv": [0, 0, 6, 3], "texture": "#1"},
				"south": {"uv": [0, 0, 6, 3], "texture": "#1"},
				"west": {"uv": [0, 0, 6, 3], "texture": "#1"},
				"up": {"uv": [0, 0, 16, 16], "texture": "#1", "rotation": 180},
				"down": {"uv": [0, 0, 16, 16], "texture": "#1", "rotation": 180}
			}
		},
		{
			"from": [26, 14, -4],
			"to": [32, 17, 2],
			"rotation": {"angle": 0, "axis": "y", "origin": [8, 15.5, 8]},
			"faces": {
				"north": {"uv": [0, 0, 6, 3], "texture": "#1"},
				"east": {"uv": [0, 0, 6, 3], "texture": "#1"},
				"south": {"uv": [0, 0, 6, 3], "texture": "#1"},
				"west": {"uv": [0, 0, 6, 3], "texture": "#1"},
				"up": {"uv": [0, 0, 16, 16], "texture": "#1", "rotation": 180},
				"down": {"uv": [0, 0, 16, 16], "texture": "#1", "rotation": 180}
			}
		},
		{
			"from": [26, 14, -10],
			"to": [32, 17, -4],
			"rotation": {"angle": 0, "axis": "y", "origin": [8, 15.5, 8]},
			"faces": {
				"north": {"uv": [0, 0, 6, 3], "texture": "#1"},
				"east": {"uv": [0, 0, 6, 3], "texture": "#1"},
				"south": {"uv": [0, 0, 6, 3], "texture": "#1"},
				"west": {"uv": [0, 0, 6, 3], "texture": "#1"},
				"up": {"uv": [0, 0, 16, 16], "texture": "#1", "rotation": 180},
				"down": {"uv": [0, 0, 16, 16], "texture": "#1", "rotation": 180}
			}
		},
		{
			"from": [-16, 14, 26],
			"to": [-10, 17, 32],
			"rotation": {"angle": 0, "axis": "y", "origin": [-13, 15.5, 29]},
			"faces": {
				"north": {"uv": [0, 0, 6, 3], "texture": "#1"},
				"east": {"uv": [0, 0, 6, 3], "texture": "#1"},
				"south": {"uv": [0, 0, 6, 3], "texture": "#1"},
				"west": {"uv": [0, 0, 6, 3], "texture": "#1"},
				"up": {"uv": [0, 0, 16, 16], "texture": "#1", "rotation": 270},
				"down": {"uv": [0, 0, 16, 16], "texture": "#1", "rotation": 90}
			}
		},
		{
			"from": [-10, 14, 26],
			"to": [-4, 17, 32],
			"rotation": {"angle": 0, "axis": "y", "origin": [-7, 15.5, 29]},
			"faces": {
				"north": {"uv": [0, 0, 6, 3], "texture": "#1"},
				"east": {"uv": [0, 0, 6, 3], "texture": "#1"},
				"south": {"uv": [0, 0, 6, 3], "texture": "#1"},
				"west": {"uv": [0, 0, 6, 3], "texture": "#1"},
				"up": {"uv": [0, 0, 16, 16], "texture": "#1", "rotation": 270},
				"down": {"uv": [0, 0, 16, 16], "texture": "#1", "rotation": 90}
			}
		},
		{
			"from": [-4, 14, 26],
			"to": [2, 17, 32],
			"rotation": {"angle": 0, "axis": "y", "origin": [-1, 15.5, 29]},
			"faces": {
				"north": {"uv": [0, 0, 6, 3], "texture": "#1"},
				"east": {"uv": [0, 0, 6, 3], "texture": "#1"},
				"south": {"uv": [0, 0, 6, 3], "texture": "#1"},
				"west": {"uv": [0, 0, 6, 3], "texture": "#1"},
				"up": {"uv": [0, 0, 16, 16], "texture": "#1", "rotation": 270},
				"down": {"uv": [0, 0, 16, 16], "texture": "#1", "rotation": 90}
			}
		},
		{
			"from": [2, 14, 26],
			"to": [8, 17, 32],
			"rotation": {"angle": 0, "axis": "y", "origin": [5, 15.5, 29]},
			"faces": {
				"north": {"uv": [0, 0, 6, 3], "texture": "#1"},
				"east": {"uv": [0, 0, 6, 3], "texture": "#1"},
				"south": {"uv": [0, 0, 6, 3], "texture": "#1"},
				"west": {"uv": [0, 0, 6, 3], "texture": "#1"},
				"up": {"uv": [0, 0, 16, 16], "texture": "#1", "rotation": 270},
				"down": {"uv": [0, 0, 16, 16], "texture": "#1", "rotation": 90}
			}
		},
		{
			"from": [8, 14, 26],
			"to": [14, 17, 32],
			"rotation": {"angle": 0, "axis": "y", "origin": [11, 15.5, 29]},
			"faces": {
				"north": {"uv": [0, 0, 6, 3], "texture": "#1"},
				"east": {"uv": [0, 0, 6, 3], "texture": "#1"},
				"south": {"uv": [0, 0, 6, 3], "texture": "#1"},
				"west": {"uv": [0, 0, 6, 3], "texture": "#1"},
				"up": {"uv": [0, 0, 16, 16], "texture": "#1", "rotation": 270},
				"down": {"uv": [0, 0, 16, 16], "texture": "#1", "rotation": 90}
			}
		},
		{
			"from": [14, 14, 26],
			"to": [20, 17, 32],
			"rotation": {"angle": 0, "axis": "y", "origin": [17, 15.5, 29]},
			"faces": {
				"north": {"uv": [0, 0, 6, 3], "texture": "#1"},
				"east": {"uv": [0, 0, 6, 3], "texture": "#1"},
				"south": {"uv": [0, 0, 6, 3], "texture": "#1"},
				"west": {"uv": [0, 0, 6, 3], "texture": "#1"},
				"up": {"uv": [0, 0, 16, 16], "texture": "#1", "rotation": 270},
				"down": {"uv": [0, 0, 16, 16], "texture": "#1", "rotation": 90}
			}
		},
		{
			"from": [20, 14, 26],
			"to": [26, 17, 32],
			"rotation": {"angle": 0, "axis": "y", "origin": [23, 15.5, 29]},
			"faces": {
				"north": {"uv": [0, 0, 6, 3], "texture": "#1"},
				"east": {"uv": [0, 0, 6, 3], "texture": "#1"},
				"south": {"uv": [0, 0, 6, 3], "texture": "#1"},
				"west": {"uv": [0, 0, 6, 3], "texture": "#1"},
				"up": {"uv": [0, 0, 16, 16], "texture": "#1", "rotation": 270},
				"down": {"uv": [0, 0, 16, 16], "texture": "#1", "rotation": 90}
			}
		},
		{
			"from": [26, 14, -16],
			"to": [32, 17, -10],
			"rotation": {"angle": 0, "axis": "y", "origin": [8, 15.5, 8]},
			"faces": {
				"north": {"uv": [0, 0, 6, 3], "texture": "#1"},
				"east": {"uv": [0, 0, 6, 3], "texture": "#1"},
				"south": {"uv": [0, 0, 6, 3], "texture": "#1"},
				"west": {"uv": [0, 0, 6, 3], "texture": "#1"},
				"up": {"uv": [0, 0, 16, 16], "texture": "#1", "rotation": 90},
				"down": {"uv": [0, 0, 16, 16], "texture": "#1", "rotation": 270}
			}
		},
		{
			"from": [20, 14, -16],
			"to": [26, 17, -10],
			"rotation": {"angle": 0, "axis": "y", "origin": [8, 15.5, 8]},
			"faces": {
				"north": {"uv": [0, 0, 6, 3], "texture": "#1"},
				"east": {"uv": [0, 0, 6, 3], "texture": "#1"},
				"south": {"uv": [0, 0, 6, 3], "texture": "#1"},
				"west": {"uv": [0, 0, 6, 3], "texture": "#1"},
				"up": {"uv": [0, 0, 16, 16], "texture": "#1", "rotation": 90},
				"down": {"uv": [0, 0, 16, 16], "texture": "#1", "rotation": 270}
			}
		},
		{
			"from": [14, 14, -16],
			"to": [20, 17, -10],
			"rotation": {"angle": 0, "axis": "y", "origin": [8, 15.5, 8]},
			"faces": {
				"north": {"uv": [0, 0, 6, 3], "texture": "#1"},
				"east": {"uv": [0, 0, 6, 3], "texture": "#1"},
				"south": {"uv": [0, 0, 6, 3], "texture": "#1"},
				"west": {"uv": [0, 0, 6, 3], "texture": "#1"},
				"up": {"uv": [0, 0, 16, 16], "texture": "#1", "rotation": 90},
				"down": {"uv": [0, 0, 16, 16], "texture": "#1", "rotation": 270}
			}
		},
		{
			"from": [8, 14, -16],
			"to": [14, 17, -10],
			"rotation": {"angle": 0, "axis": "y", "origin": [8, 15.5, 8]},
			"faces": {
				"north": {"uv": [0, 0, 6, 3], "texture": "#1"},
				"east": {"uv": [0, 0, 6, 3], "texture": "#1"},
				"south": {"uv": [0, 0, 6, 3], "texture": "#1"},
				"west": {"uv": [0, 0, 6, 3], "texture": "#1"},
				"up": {"uv": [0, 0, 16, 16], "texture": "#1", "rotation": 90},
				"down": {"uv": [0, 0, 16, 16], "texture": "#1", "rotation": 270}
			}
		},
		{
			"from": [2, 14, -16],
			"to": [8, 17, -10],
			"rotation": {"angle": 0, "axis": "y", "origin": [8, 15.5, 8]},
			"faces": {
				"north": {"uv": [0, 0, 6, 3], "texture": "#1"},
				"east": {"uv": [0, 0, 6, 3], "texture": "#1"},
				"south": {"uv": [0, 0, 6, 3], "texture": "#1"},
				"west": {"uv": [0, 0, 6, 3], "texture": "#1"},
				"up": {"uv": [0, 0, 16, 16], "texture": "#1", "rotation": 90},
				"down": {"uv": [0, 0, 16, 16], "texture": "#1", "rotation": 270}
			}
		},
		{
			"from": [-4, 14, -16],
			"to": [2, 17, -10],
			"rotation": {"angle": 0, "axis": "y", "origin": [8, 15.5, 8]},
			"faces": {
				"north": {"uv": [0, 0, 6, 3], "texture": "#1"},
				"east": {"uv": [0, 0, 6, 3], "texture": "#1"},
				"south": {"uv": [0, 0, 6, 3], "texture": "#1"},
				"west": {"uv": [0, 0, 6, 3], "texture": "#1"},
				"up": {"uv": [0, 0, 16, 16], "texture": "#1", "rotation": 90},
				"down": {"uv": [0, 0, 16, 16], "texture": "#1", "rotation": 270}
			}
		},
		{
			"from": [-10, 14, -16],
			"to": [-4, 17, -10],
			"rotation": {"angle": 0, "axis": "y", "origin": [8, 15.5, 8]},
			"faces": {
				"north": {"uv": [0, 0, 6, 3], "texture": "#1"},
				"east": {"uv": [0, 0, 6, 3], "texture": "#1"},
				"south": {"uv": [0, 0, 6, 3], "texture": "#1"},
				"west": {"uv": [0, 0, 6, 3], "texture": "#1"},
				"up": {"uv": [0, 0, 16, 16], "texture": "#1", "rotation": 90},
				"down": {"uv": [0, 0, 16, 16], "texture": "#1", "rotation": 270}
			}
		},
		{
			"from": [14, 15, 14],
			"to": [26, 16, 26],
			"faces": {
				"north": {"uv": [0, 0, 12, 1], "texture": "#0"},
				"east": {"uv": [0, 0, 12, 1], "texture": "#0"},
				"south": {"uv": [0, 0, 12, 1], "texture": "#0"},
				"west": {"uv": [0, 0, 12, 1], "texture": "#0"},
				"up": {"uv": [0, 0, 12, 12], "texture": "#0"},
				"down": {"uv": [0, 0, 12, 12], "texture": "#0"}
			}
		},
		{
			"from": [2, 15, 14],
			"to": [14, 16, 26],
			"faces": {
				"north": {"uv": [0, 0, 12, 1], "texture": "#0"},
				"east": {"uv": [0, 0, 12, 1], "texture": "#0"},
				"south": {"uv": [0, 0, 12, 1], "texture": "#0"},
				"west": {"uv": [0, 0, 12, 1], "texture": "#0"},
				"up": {"uv": [0, 0, 12, 12], "texture": "#0"},
				"down": {"uv": [0, 0, 12, 12], "texture": "#0"}
			}
		},
		{
			"from": [-10, 15, 14],
			"to": [2, 16, 26],
			"faces": {
				"north": {"uv": [0, 0, 12, 1], "texture": "#0"},
				"east": {"uv": [0, 0, 12, 1], "texture": "#0"},
				"south": {"uv": [0, 0, 12, 1], "texture": "#0"},
				"west": {"uv": [0, 0, 12, 1], "texture": "#0"},
				"up": {"uv": [0, 0, 12, 12], "texture": "#0"},
				"down": {"uv": [0, 0, 12, 12], "texture": "#0"}
			}
		},
		{
			"from": [-10, 15, 2],
			"to": [2, 16, 14],
			"faces": {
				"north": {"uv": [0, 0, 12, 1], "texture": "#0"},
				"east": {"uv": [0, 0, 12, 1], "texture": "#0"},
				"south": {"uv": [0, 0, 12, 1], "texture": "#0"},
				"west": {"uv": [0, 0, 12, 1], "texture": "#0"},
				"up": {"uv": [0, 0, 12, 12], "texture": "#0"},
				"down": {"uv": [0, 0, 12, 12], "texture": "#0"}
			}
		},
		{
			"from": [14, 15, 2],
			"to": [26, 16, 14],
			"faces": {
				"north": {"uv": [0, 0, 12, 1], "texture": "#0"},
				"east": {"uv": [0, 0, 12, 1], "texture": "#0"},
				"south": {"uv": [0, 0, 12, 1], "texture": "#0"},
				"west": {"uv": [0, 0, 12, 1], "texture": "#0"},
				"up": {"uv": [0, 0, 12, 12], "texture": "#0"},
				"down": {"uv": [0, 0, 12, 12], "texture": "#0"}
			}
		},
		{
			"from": [2, 15, 2],
			"to": [14, 16, 14],
			"faces": {
				"north": {"uv": [0, 0, 12, 1], "texture": "#0"},
				"east": {"uv": [0, 0, 12, 1], "texture": "#0"},
				"south": {"uv": [0, 0, 12, 1], "texture": "#0"},
				"west": {"uv": [0, 0, 12, 1], "texture": "#0"},
				"up": {"uv": [0, 0, 12, 12], "texture": "#0"},
				"down": {"uv": [0, 0, 12, 12], "texture": "#0"}
			}
		},
		{
			"from": [-10, 15, -10],
			"to": [2, 16, 2],
			"faces": {
				"north": {"uv": [0, 0, 12, 1], "texture": "#0"},
				"east": {"uv": [0, 0, 12, 1], "texture": "#0"},
				"south": {"uv": [0, 0, 12, 1], "texture": "#0"},
				"west": {"uv": [0, 0, 12, 1], "texture": "#0"},
				"up": {"uv": [0, 0, 12, 12], "texture": "#0"},
				"down": {"uv": [0, 0, 12, 12], "texture": "#0"}
			}
		},
		{
			"from": [14, 15, -10],
			"to": [26, 16, 2],
			"faces": {
				"north": {"uv": [0, 0, 12, 1], "texture": "#0"},
				"east": {"uv": [0, 0, 12, 1], "texture": "#0"},
				"south": {"uv": [0, 0, 12, 1], "texture": "#0"},
				"west": {"uv": [0, 0, 12, 1], "texture": "#0"},
				"up": {"uv": [0, 0, 12, 12], "texture": "#0"},
				"down": {"uv": [0, 0, 12, 12], "texture": "#0"}
			}
		},
		{
			"from": [2, 15, -10],
			"to": [14, 16, 2],
			"faces": {
				"north": {"uv": [0, 0, 12, 1], "texture": "#0"},
				"east": {"uv": [0, 0, 12, 1], "texture": "#0"},
				"south": {"uv": [0, 0, 12, 1], "texture": "#0"},
				"west": {"uv": [0, 0, 12, 1], "texture": "#0"},
				"up": {"uv": [0, 0, 12, 12], "texture": "#0"},
				"down": {"uv": [0, 0, 12, 12], "texture": "#0"}
			}
		},
		{
			"from": [-14, 0, -14],
			"to": [-10, 14, -10],
			"faces": {
				"north": {"uv": [0, 0, 4, 14], "texture": "#2"},
				"east": {"uv": [6, 0, 10, 14], "texture": "#2"},
				"south": {"uv": [0, 0, 4, 14], "texture": "#2"},
				"west": {"uv": [6, 0, 10, 14], "texture": "#2"},
				"up": {"uv": [0, 0, 4, 4], "texture": "#2"},
				"down": {"uv": [0, 0, 4, 4], "texture": "#2"}
			}
		},
		{
			"from": [-14, 0, 26],
			"to": [-10, 14, 30],
			"faces": {
				"north": {"uv": [0, 0, 4, 14], "texture": "#2"},
				"east": {"uv": [6, 0, 10, 14], "texture": "#2"},
				"south": {"uv": [0, 0, 4, 14], "texture": "#2"},
				"west": {"uv": [6, 0, 10, 14], "texture": "#2"},
				"up": {"uv": [0, 0, 4, 4], "texture": "#2"},
				"down": {"uv": [0, 0, 4, 4], "texture": "#2"}
			}
		},
		{
			"from": [-14, 0, -10],
			"to": [-10, 4, 6],
			"faces": {
				"north": {"uv": [0, 0, 4, 4], "texture": "#2"},
				"east": {"uv": [0, 0, 16, 4], "texture": "#2"},
				"south": {"uv": [0, 0, 4, 4], "texture": "#2"},
				"west": {"uv": [0, 0, 16, 4], "texture": "#2"},
				"up": {"uv": [0, 0, 4, 16], "texture": "#2"},
				"down": {"uv": [0, 0, 4, 16], "texture": "#2"}
			}
		},
		{
			"from": [-14, 0, 10],
			"to": [-10, 4, 26],
			"faces": {
				"north": {"uv": [0, 0, 4, 4], "texture": "#2"},
				"east": {"uv": [0, 0, 16, 4], "texture": "#2"},
				"south": {"uv": [0, 0, 4, 4], "texture": "#2"},
				"west": {"uv": [0, 0, 16, 4], "texture": "#2"},
				"up": {"uv": [0, 0, 4, 16], "texture": "#2"},
				"down": {"uv": [0, 0, 4, 16], "texture": "#2"}
			}
		},
		{
			"from": [-14, 0, 6],
			"to": [-10, 4, 10],
			"faces": {
				"north": {"uv": [0, 0, 4, 4], "texture": "#2"},
				"east": {"uv": [0, 0, 4, 4], "texture": "#2"},
				"south": {"uv": [0, 0, 4, 4], "texture": "#2"},
				"west": {"uv": [0, 0, 4, 4], "texture": "#2"},
				"up": {"uv": [0, 0, 4, 4], "texture": "#2"},
				"down": {"uv": [0, 0, 4, 4], "texture": "#2"}
			}
		},
		{
			"from": [26, 0, -14],
			"to": [30, 14, -10],
			"faces": {
				"north": {"uv": [0, 0, 4, 14], "texture": "#2"},
				"east": {"uv": [6, 0, 10, 14], "texture": "#2"},
				"south": {"uv": [0, 0, 4, 14], "texture": "#2"},
				"west": {"uv": [6, 0, 10, 14], "texture": "#2"},
				"up": {"uv": [0, 0, 4, 4], "texture": "#2"},
				"down": {"uv": [0, 0, 4, 4], "texture": "#2"}
			}
		},
		{
			"from": [26, 0, 26],
			"to": [30, 14, 30],
			"faces": {
				"north": {"uv": [0, 0, 4, 14], "texture": "#2"},
				"east": {"uv": [6, 0, 10, 14], "texture": "#2"},
				"south": {"uv": [0, 0, 4, 14], "texture": "#2"},
				"west": {"uv": [6, 0, 10, 14], "texture": "#2"},
				"up": {"uv": [0, 0, 4, 4], "texture": "#2"},
				"down": {"uv": [0, 0, 4, 4], "texture": "#2"}
			}
		},
		{
			"from": [26, 0, -10],
			"to": [30, 4, 6],
			"faces": {
				"north": {"uv": [0, 0, 4, 4], "texture": "#2"},
				"east": {"uv": [0, 0, 16, 4], "texture": "#2"},
				"south": {"uv": [0, 0, 4, 4], "texture": "#2"},
				"west": {"uv": [0, 0, 16, 4], "texture": "#2"},
				"up": {"uv": [0, 0, 4, 16], "texture": "#2"},
				"down": {"uv": [0, 0, 4, 16], "texture": "#2"}
			}
		},
		{
			"from": [26, 0, 10],
			"to": [30, 4, 26],
			"faces": {
				"north": {"uv": [0, 0, 4, 4], "texture": "#2"},
				"east": {"uv": [0, 0, 16, 4], "texture": "#2"},
				"south": {"uv": [0, 0, 4, 4], "texture": "#2"},
				"west": {"uv": [0, 0, 16, 4], "texture": "#2"},
				"up": {"uv": [0, 0, 4, 16], "texture": "#2"},
				"down": {"uv": [0, 0, 4, 16], "texture": "#2"}
			}
		},
		{
			"from": [26, 0, 6],
			"to": [30, 4, 10],
			"faces": {
				"north": {"uv": [0, 0, 4, 4], "texture": "#2"},
				"east": {"uv": [0, 0, 4, 4], "texture": "#2"},
				"south": {"uv": [0, 0, 4, 4], "texture": "#2"},
				"west": {"uv": [0, 0, 4, 4], "texture": "#2"},
				"up": {"uv": [0, 0, 4, 4], "texture": "#2"},
				"down": {"uv": [0, 0, 4, 4], "texture": "#2"}
			}
		}
	],
	"display": {
		"thirdperson_righthand": {
			"scale": [0.2, 0.2, 0.2],
			"rotation": [60, 0, 0]
		},
		"gui": {
			"scale": [0.2, 0.2, 0.2],
			"rotation": [30, 45, 0]
		},
		"fixed": {
			"scale": [0.3, 0.3, 0.3]
		},
		"ground": {
			"scale": [0.3, 0.3, 0.3]
		},
		"head": {
			"scale": [2.285, 2.285, 2.285],
			"translation": [0, -14.7, 0]
		},
		"firstperson_lefthand": {
			"scale": [0.2, 0.2, 0.2],
			"rotation": [60, 0, 0]
		},
		"firstperson_righthand": {
			"scale": [0.2, 0.2, 0.2],
			"rotation": [60, 0, 0]
		},
		"thirdperson_lefthand": {
			"scale": [0.2, 0.2, 0.2],
			"rotation": [60, 0, 0]
		}
	},
	"groups": [
		{
			"name": "group",
			"isOpen": false,
			"shade": true,
			"display": {
				"visibility": true,
				"autouv": true
			},
			"children": [0, 1, 2, 3, 4, 5, 6, 7, 8, 9, 10, 11, 12, 13, 14, 15, 16, 17, 18, 19, 20, 21, 22, 23, 24, 25, 26, 27]
		},
		{
			"name": "group",
			"isOpen": false,
			"shade": true,
			"display": {
				"visibility": true,
				"autouv": true
			},
			"children": [28, 29, 30, 31, 32, 33, 34, 35, 36]
		},
		{
			"name": "group",
			"isOpen": false,
			"shade": true,
			"display": {
				"visibility": true,
				"autouv": true
			},
			"children": [37, 38, 39, 40, 41, 42, 43, 44, 45, 46]
		}
	]
}