{
	"credit": "Made with Blockbench",
	"textures": {
		"0": "rf:item/blueprint",
		"1": "block/spruce_planks",
		"2": "block/anvil",
		"3": "block/bone_block_side",
		"4": "block/brown_concrete",
		"5": "block/iron_block",
		"7": "block/rfcrafting_table_side",
		"8": "block/smithing_table_bottom",
		"9": "block/smithing_table_front",
		"10": "block/smithing_table_side",
		"11": "block/crafting_table_front",
		"particle": "block/smithing_table_bottom"
	},
	"elements": [
		{
			"from": [0, 0, 0],
			"to": [16, 16, 16],
			"faces": {
				"north": {"uv": [0, 0, 16, 16], "texture": "#9"},
				"east": {"uv": [0, 0, 16, 16], "texture": "#7"},
				"south": {"uv": [0, 0, 16, 16], "texture": "#10"},
				"west": {"uv": [0, 0, 16, 16], "texture": "#7"},
				"up": {"uv": [0, 0, 16, 16], "texture": "#2"},
				"down": {"uv": [0, 0, 16, 16], "texture": "#8"}
			}
		},
		{
			"from": [-15.5, 14.5, 0],
			"to": [0, 16, 16],
			"faces": {
				"north": {"uv": [0, 0, 15.5, 1.5], "texture": "#1"},
				"east": {"uv": [0, 0, 16, 1.5], "texture": "#1"},
				"south": {"uv": [0, 0, 15.5, 1.5], "texture": "#1"},
				"west": {"uv": [0, 0, 16, 1.5], "texture": "#1"},
				"up": {"uv": [0, 0, 15.5, 16], "texture": "#1"},
				"down": {"uv": [0, 0, 15.5, 16], "texture": "#1"}
			}
		},
		{
			"from": [-14.75, 0, 0.5],
			"to": [-13, 14.5, 2.5],
			"faces": {
				"north": {"uv": [0, 0, 1.75, 14.5], "texture": "#2"},
				"east": {"uv": [0, 0, 2, 14.5], "texture": "#2"},
				"south": {"uv": [0, 0, 1.75, 14.5], "texture": "#2"},
				"west": {"uv": [0, 0, 2, 14.5], "texture": "#2"},
				"up": {"uv": [0, 0, 1.75, 2], "texture": "#2"},
				"down": {"uv": [0, 0, 1.75, 2], "texture": "#2"}
			}
		},
		{
			"from": [-14.75, 0, 13.5],
			"to": [-13, 14.5, 15.5],
			"faces": {
				"north": {"uv": [0, 0, 1.75, 14.5], "texture": "#2"},
				"east": {"uv": [0, 0, 2, 14.5], "texture": "#2"},
				"south": {"uv": [0, 0, 1.75, 14.5], "texture": "#2"},
				"west": {"uv": [0, 0, 2, 14.5], "texture": "#2"},
				"up": {"uv": [0, 0, 1.75, 2], "texture": "#2"},
				"down": {"uv": [0, 0, 1.75, 2], "texture": "#2"}
			}
		},
		{
			"from": [15, -0.25, -1],
			"to": [17, 16, 1],
			"faces": {
				"north": {"uv": [0, 0, 2, 16], "texture": "#2"},
				"east": {"uv": [0, 0, 2, 16], "texture": "#2"},
				"south": {"uv": [0, 0, 2, 16], "texture": "#2"},
				"west": {"uv": [0, 0, 2, 16], "texture": "#2"},
				"up": {"uv": [0, 0, 2, 2], "texture": "#2"},
				"down": {"uv": [0, 0, 2, 2], "texture": "#2"}
			}
		},
		{
			"from": [-1, -0.25, -1],
			"to": [1, 16, 1],
			"faces": {
				"north": {"uv": [0, 0, 2, 16], "texture": "#2"},
				"east": {"uv": [0, 0, 2, 16], "texture": "#2"},
				"south": {"uv": [0, 0, 2, 16], "texture": "#2"},
				"west": {"uv": [0, 0, 2, 16], "texture": "#2"},
				"up": {"uv": [0, 0, 2, 2], "texture": "#2"},
				"down": {"uv": [0, 0, 2, 2], "texture": "#2"}
			}
		},
		{
			"from": [-1, -0.25, 15],
			"to": [1, 16, 17],
			"faces": {
				"north": {"uv": [0, 0, 2, 16], "texture": "#2"},
				"east": {"uv": [0, 0, 2, 16], "texture": "#2"},
				"south": {"uv": [0, 0, 2, 16], "texture": "#2"},
				"west": {"uv": [0, 0, 2, 16], "texture": "#2"},
				"up": {"uv": [0, 0, 2, 2], "texture": "#2"},
				"down": {"uv": [0, 0, 2, 2], "texture": "#2"}
			}
		},
		{
			"from": [15, -0.25, 15],
			"to": [17, 16, 17],
			"faces": {
				"north": {"uv": [0, 0, 2, 16], "texture": "#2"},
				"east": {"uv": [0, 0, 2, 16], "texture": "#2"},
				"south": {"uv": [0, 0, 2, 16], "texture": "#2"},
				"west": {"uv": [0, 0, 2, 16], "texture": "#2"},
				"up": {"uv": [0, 0, 2, 2], "texture": "#2"},
				"down": {"uv": [0, 0, 2, 2], "texture": "#2"}
			}
		},
		{
			"from": [-16, 16, -1],
			"to": [17, 17, 17],
			"faces": {
				"north": {"uv": [0, 0, 16, 1], "texture": "#1"},
				"east": {"uv": [0, 0, 16, 1], "texture": "#1"},
				"south": {"uv": [0, 0, 16, 1], "texture": "#1"},
				"west": {"uv": [0, 0, 16, 1], "texture": "#1"},
				"up": {"uv": [0, 0, 16, 16], "texture": "#1"},
				"down": {"uv": [0, 0, 16, 16], "texture": "#1"}
			}
		},
		{
			"from": [0, 17.5, 9],
			"to": [17, 18.5, 17],
			"rotation": {"angle": -22.5, "axis": "x", "origin": [8.5, 17.5, 13]},
			"faces": {
				"north": {"uv": [0, 0, 16, 1], "texture": "#1"},
				"east": {"uv": [0, 0, 8, 1], "texture": "#1"},
				"south": {"uv": [0, 0, 16, 1], "texture": "#1"},
				"west": {"uv": [0, 0, 8, 1], "texture": "#1"},
				"up": {"uv": [0, 0, 16, 8], "texture": "#1"},
				"down": {"uv": [0, 0, 16, 8], "texture": "#1"}
			}
		},
		{
			"from": [0, 17, 16],
			"to": [17, 20, 17],
			"faces": {
				"north": {"uv": [0, 0, 16, 3], "texture": "#1"},
				"east": {"uv": [0, 0, 1, 3], "texture": "#1"},
				"south": {"uv": [0, 0, 16, 3], "texture": "#1"},
				"west": {"uv": [0, 0, 1, 3], "texture": "#1"},
				"up": {"uv": [0, 0, 16, 1], "texture": "#1"},
				"down": {"uv": [0, 0, 16, 1], "texture": "#1"}
			}
		},
		{
			"from": [16, 17, 11.75],
			"to": [17, 18.75, 16],
			"faces": {
				"north": {"uv": [0, 0, 1, 1.75], "texture": "#1"},
				"east": {"uv": [0, 0, 4.25, 1.75], "texture": "#1"},
				"south": {"uv": [0, 0, 1, 1.75], "texture": "#1"},
				"west": {"uv": [0, 0, 4.25, 1.75], "texture": "#1"},
				"up": {"uv": [0, 0, 1, 4.25], "texture": "#1"},
				"down": {"uv": [0, 0, 1, 4.25], "texture": "#1"}
			}
		},
		{
			"from": [0, 17, 11.75],
			"to": [1, 18.75, 16],
			"faces": {
				"north": {"uv": [0, 0, 1, 1.75], "texture": "#1"},
				"east": {"uv": [0, 0, 4.25, 1.75], "texture": "#1"},
				"south": {"uv": [0, 0, 1, 1.75], "texture": "#1"},
				"west": {"uv": [0, 0, 4.25, 1.75], "texture": "#1"},
				"up": {"uv": [0, 0, 1, 4.25], "texture": "#1"},
				"down": {"uv": [0, 0, 1, 4.25], "texture": "#1"}
			}
		},
		{
			"from": [-7, 17, 9],
			"to": [-1, 18, 10],
			"rotation": {"angle": 22.5, "axis": "y", "origin": [-3.5, 17.5, 9.5]},
			"faces": {
				"north": {"uv": [0, 0, 6, 1], "texture": "#5"},
				"east": {"uv": [0, 0, 1, 1], "texture": "#5"},
				"south": {"uv": [0, 0, 6, 1], "texture": "#5"},
				"west": {"uv": [0, 0, 1, 1], "texture": "#5"},
				"up": {"uv": [0, 0, 6, 1], "texture": "#5"},
				"down": {"uv": [0, 0, 6, 1], "texture": "#5"}
			}
		},
		{
			"from": [-6, 15, 6],
			"to": [-5, 16, 11],
			"rotation": {"angle": -22.5, "axis": "x", "origin": [-5.5, 17.5, 2]},
			"faces": {
				"north": {"uv": [0, 0, 1, 1], "texture": "#5"},
				"east": {"uv": [0, 0, 5, 1], "texture": "#5"},
				"south": {"uv": [0, 0, 1, 1], "texture": "#5"},
				"west": {"uv": [0, 0, 5, 1], "texture": "#5"},
				"up": {"uv": [0, 0, 1, 5], "texture": "#5"},
				"down": {"uv": [0, 0, 1, 5], "texture": "#5"}
			}
		},
		{
			"from": [-13.75, 17, 12.75],
			"to": [-10.75, 17.25, 15.75],
			"faces": {
				"north": {"uv": [0, 0, 3, 0.25], "texture": "#4"},
				"east": {"uv": [0, 0, 3, 0.25], "texture": "#4"},
				"south": {"uv": [0, 0, 3, 0.25], "texture": "#4"},
				"west": {"uv": [0, 0, 3, 0.25], "texture": "#4"},
				"up": {"uv": [0, 0, 3, 3], "texture": "#4"},
				"down": {"uv": [0, 0, 3, 3], "texture": "#4"}
			}
		},
		{
			"from": [-13.25, 17.25, 12.75],
			"to": [-10.75, 21.25, 13.25],
			"faces": {
				"north": {"uv": [0, 0, 2.5, 4], "texture": "#4"},
				"east": {"uv": [0, 0, 0.5, 4], "texture": "#4"},
				"south": {"uv": [0, 0, 2.5, 4], "texture": "#4"},
				"west": {"uv": [0, 0, 0.5, 4], "texture": "#4"},
				"up": {"uv": [0, 0, 2.5, 0.5], "texture": "#4"},
				"down": {"uv": [0, 0, 2.5, 0.5], "texture": "#4"}
			}
		},
		{
			"from": [-13.75, 17.25, 15.25],
			"to": [-11.25, 21.25, 15.75],
			"faces": {
				"north": {"uv": [0, 0, 2.5, 4], "texture": "#4"},
				"east": {"uv": [0, 0, 0.5, 4], "texture": "#4"},
				"south": {"uv": [0, 0, 2.5, 4], "texture": "#4"},
				"west": {"uv": [0, 0, 0.5, 4], "texture": "#4"},
				"up": {"uv": [0, 0, 2.5, 0.5], "texture": "#4"},
				"down": {"uv": [0, 0, 2.5, 0.5], "texture": "#4"}
			}
		},
		{
			"from": [-13.75, 17.25, 12.75],
			"to": [-13.25, 21.25, 15.25],
			"faces": {
				"north": {"uv": [0, 0, 0.5, 4], "texture": "#4"},
				"east": {"uv": [0, 0, 2.5, 4], "texture": "#4"},
				"south": {"uv": [0, 0, 0.5, 4], "texture": "#4"},
				"west": {"uv": [0, 0, 2.5, 4], "texture": "#4"},
				"up": {"uv": [0, 0, 2.5, 0.5], "rotation": 90, "texture": "#4"},
				"down": {"uv": [0, 0, 2.5, 0.5], "rotation": 270, "texture": "#4"}
			}
		},
		{
			"from": [-11.25, 17.25, 13.25],
			"to": [-10.75, 21.25, 15.75],
			"faces": {
				"north": {"uv": [0, 0, 0.5, 4], "texture": "#4"},
				"east": {"uv": [0, 0, 2.5, 4], "texture": "#4"},
				"south": {"uv": [0, 0, 0.5, 4], "texture": "#4"},
				"west": {"uv": [0, 0, 2.5, 4], "texture": "#4"},
				"up": {"uv": [0, 0, 2.5, 0.5], "rotation": 90, "texture": "#4"},
				"down": {"uv": [0, 0, 2.5, 0.5], "rotation": 270, "texture": "#4"}
			}
		},
		{
			"from": [-11.75, 18, 13.5],
			"to": [-11.35, 22, 13.9],
			"faces": {
				"north": {"uv": [0, 0, 0.4, 4], "texture": "#3"},
				"east": {"uv": [0, 0, 0.4, 4], "texture": "#3"},
				"south": {"uv": [0, 0, 0.4, 4], "texture": "#3"},
				"west": {"uv": [0, 0, 0.4, 4], "texture": "#3"},
				"up": {"uv": [0, 0, 0.4, 0.4], "texture": "#3"},
				"down": {"uv": [0, 0, 0.4, 0.4], "texture": "#3"}
			}
		},
		{
			"from": [4, 18.5, 9],
			"to": [12, 18.75, 17],
			"rotation": {"angle": -22.5, "axis": "x", "origin": [8.5, 17.5, 13]},
			"faces": {
				"up": {"uv": [0, 0, 16, 16], "rotation": 180, "texture": "#0"}
			}
		},
		{
			"from": [-14, 17, 2],
			"to": [-12, 18, 5],
			"rotation": {"angle": -22.5, "axis": "y", "origin": [-12.5, 17.5, 2.5]},
			"faces": {
				"north": {"uv": [3, 10, 5, 11], "texture": "#11"},
				"east": {"uv": [2, 9, 5, 10], "texture": "#11"},
				"south": {"uv": [11, 8, 13, 9], "texture": "#11"},
				"west": {"uv": [2, 9, 5, 10], "texture": "#11"},
				"up": {"uv": [2, 9, 5, 11], "rotation": 90, "texture": "#11"},
				"down": {"uv": [2, 9, 5, 11], "rotation": 90, "texture": "#11"}
			}
		},
		{
			"from": [-12, 17, 3],
			"to": [-8, 18, 4],
			"rotation": {"angle": -22.5, "axis": "y", "origin": [-12.5, 17.5, 2.5]},
			"faces": {
				"north": {"uv": [7, 7, 9, 8], "texture": "#11"},
				"east": {"uv": [3, 6, 4, 7], "texture": "#11"},
				"south": {"uv": [3, 5, 4, 9], "rotation": 270, "texture": "#11"},
				"west": {"uv": [11, 3, 12, 4], "texture": "#11"},
				"up": {"uv": [3, 5, 4, 9], "rotation": 90, "texture": "#11"},
				"down": {"uv": [3, 5, 4, 9], "rotation": 90, "texture": "#11"}
			}
		}
	],
	"display": {
		"thirdperson_righthand": {
			"rotation": [30, 45, 0],
			"translation": [1.5, 0, -1.75],
			"scale": [0.3, 0.3, 0.3]
		},
		"thirdperson_lefthand": {
			"rotation": [30, 45, 0],
			"translation": [-1.5, 0, -1.75],
			"scale": [0.3, 0.3, 0.3]
		},
		"firstperson_righthand": {
			"rotation": [1, 109, 0],
			"translation": [-1, 2, 0],
			"scale": [0.3, 0.3, 0.3]
		},
		"firstperson_lefthand": {
			"rotation": [1, 109, 0],
			"translation": [-1, 2, 4],
			"scale": [0.3, 0.3, 0.3]
		},
		"ground": {
			"translation": [3.25, -1, 0],
			"scale": [0.4, 0.4, 0.4]
		},
		"gui": {
			"rotation": [30, -125, 0],
			"translation": [-1.75, -2, 0],
			"scale": [0.42, 0.42, 0.42]
		},
		"head": {
			"translation": [0, -14.7, 0],
			"scale": [2.287, 2.287, 2.287]
		},
		"fixed": {
			"translation": [2, 0, -3.25],
			"scale": [0.4, 0.4, 0.4]
		}
	},
	"groups": [0, 1, 2, 3, 4, 5, 6, 7, 8, 9, 10, 11, 12, 13, 14, 15, 16, 17, 18, 19, 20, 21,
		{
			"name": "group",
			"children": [22, 23]
		}
	]
}