{
	"display": {
		"icon": {
			"item": "minecraft:wooden_hoe",
			"nbt": "{id:\"minecraft:wooden_hoe\",Damage:2}"
		},
		"title":{
			"translate": "advancements.rfcraft.fc.title"
		},
		"description": {
			"translate": "advancements.rfcraft.fc.description"
		},
		"frame": "task",
        "show_toast": true,
        "announce_to_chat": true,
        "hidden": false
	},
	"parent": "rf:redstone/machine_core",
	"criteria": {
		"furnace_core": {
			"trigger": "minecraft:inventory_changed",
			"conditions": {
				"items": [
					{
						"item" :"minecraft:wooden_hoe",
						"nbt" :"{id:\"rf:furnace_core\"}"
					}
				]
			}
		}
	}
}