{
  "parent": "rf:redstone/compressor",
  "display": {
    "icon": {
      "item": "minecraft:cyan_dye"
    },
    "title": {
      "translate": "advancements.rfcraft.pcsil.title"
    },
    "description": {
      "translate": "advancements.rfcraft.pcsil.description"
    },
    "frame": "goal",
    "show_toast": true,
    "announce_to_chat": true,
    "hidden": false
  },
  "rewards": {
    "experience": 10
  },
  "criteria": {
    "pc_silicon": {
      "trigger": "minecraft:inventory_changed",
      "conditions": {
        "items": [
        {
          "item": "minecraft:cyan_dye",
          "nbt" :"{id:\"rf:PC_silicon\"}"
        }
      ]
     }
    }
  }
}