{
    "juicer": {
        "category": "block",
        "sounds": [
            "rf/juicer"
        ]
    },
    "microwave_running": {
        "category": "block",
        "sounds": [
        	"rf/microwave_running"
        ]
    },
    "on": {
	"sounds": [
	  "rf/lightsaber/on"
	],
	"category": "hostile"
  },
  "off": {
	"sounds": [
	  "rf/lightsaber/off"
	],
	"category": "hostile"
  },
  "swing": {
	"sounds": [
	  "rf/lightsaber/swing1",
	  "rf/lightsaber/swing2",
	  "rf/lightsaber/swing3",
	  "rf/lightsaber/swing4"
	],
	"category": "hostile"
  }
}