{
	"display": {
		"icon": {
			"item": "minecraft:redstone"
		},
		"title":{
			"translate": "advancements.rfcraftt.root.title"
		},
		"description": {
			"translate": "advancements.rfcraftt.root.description"
		},
		"frame": "task",
        "show_toast": true,
        "announce_to_chat": true,
        "hidden": false,
        "background": "minecraft:textures/block/iron_block.png"
	},
	"criteria": {
		"redstone": {
			"trigger": "minecraft:inventory_changed",
			"conditions": {
				"items": [
					{
						"item" :"minecraft:redstone"
					}
				]
			}
		}
	},
	"requirements": [
    [
      "redstone"
    ]
  ]
}