{
	"credit": "Made with Blockbench",
	"parent": "block/orientable",
	"textures": {
		"0": "block/rfcrafting_table_top",
		"1": "item/book",
		"2": "block/observer_side",
		"3": "block/furnace_top",
		"particle": "block/rfcrafting_table_top"
	},
	"elements": [
		{
			"from": [0, 0, 0],
			"to": [16, 16, 16],
			"faces": {
				"north": {"uv": [0, 0, 16, 16], "texture": "#2"},
				"east": {"uv": [0, 0, 16, 16], "texture": "#2"},
				"south": {"uv": [0, 0, 16, 16], "texture": "#2"},
				"west": {"uv": [0, 0, 16, 16], "texture": "#2"},
				"up": {"uv": [0, 0, 16, 16], "texture": "#3"},
				"down": {"uv": [0, 0, 16, 16], "texture": "#3"}
			}
		},
		{
			"from": [2, 16, 3],
			"to": [3, 16.05, 14],
			"faces": {
				"up": {"uv": [2, 2, 3, 13], "texture": "#0"}
			}
		},
		{
			"from": [3, 16.05, 3],
			"to": [13, 16.1, 13],
			"faces": {
				"north": {"uv": [0, 0, 10, 0], "texture": "#1"},
				"east": {"uv": [0, 0, 10, 0], "texture": "#1"},
				"south": {"uv": [0, 0, 10, 0], "texture": "#1"},
				"west": {"uv": [0, 0, 10, 0], "texture": "#1"},
				"up": {"uv": [0, 0, 16, 16], "texture": "#1"}
			}
		},
		{
			"from": [13, 16, 2],
			"to": [14, 16.05, 13],
			"faces": {
				"up": {"uv": [2, 2, 3, 13], "texture": "#0"}
			}
		},
		{
			"from": [2, 16, 2],
			"to": [13, 16.05, 3],
			"rotation": {"angle": 0, "axis": "y", "origin": [7.5, 16.025, 2.5]},
			"faces": {
				"up": {"uv": [2, 2, 3, 13], "texture": "#0", "rotation": 270}
			}
		},
		{
			"from": [3, 16, 13],
			"to": [14, 16.05, 14],
			"rotation": {"angle": 0, "axis": "y", "origin": [8.5, 16.025, 13.5]},
			"faces": {
				"up": {"uv": [2, 2, 3, 13], "texture": "#0", "rotation": 270}
			}
		}
	],
	"display": {
		"ground": {
			"scale": [0.4, 0.4, 0.4]
		},
		"fixed": {
			"scale": [0.5, 0.5, 0.5]
		},
		"gui": {
			"scale": [0.625, 0.625, 0.625],
			"rotation": [30, 45, 0]
		},
		"head": {
			"scale": [2.285, 2.285, 2.285],
			"translation": [0, -14.7, 0]
		}
	},
	"groups": [
		{
			"name": "rfcrafting_table",
			"isOpen": true,
			"shade": true,
			"display": {
				"visibility": true,
				"autouv": true
			},
			"children": [0, 1, 2, 3, 4, 5]
		}
	]
}