{
    "parent": "item/template_spawn_egg",
    "overrides": [
        { "predicate": { "custom_model_data": 15470001 }, "model": "rf:rfblock/basin"},
        { "predicate": { "custom_model_data": 15470002 }, "model": "rf:rfblock/juicer"},
        { "predicate": { "custom_model_data": 15470003 }, "model": "rf:rfblock/relay_point"},
        { "predicate": { "custom_model_data": 15470004 }, "model": "rf:rfblock/charger"},
        { "predicate": { "custom_model_data": 15470005 }, "model": "rf:rfblock/discharger"},
        { "predicate": { "custom_model_data": 15470006 }, "model": "rf:rfblock/bookshelf"},
        { "predicate": { "custom_model_data": 15470007 }, "model": "rf:rfblock/chair_acacia"},
        { "predicate": { "custom_model_data": 15470008 }, "model": "rf:rfblock/chair_birch"},
        { "predicate": { "custom_model_data": 15470009 }, "model": "rf:rfblock/chair_dark_oak"},
        { "predicate": { "custom_model_data": 15470010 }, "model": "rf:rfblock/chair_jungle"},
        { "predicate": { "custom_model_data": 15470011 }, "model": "rf:rfblock/chair_oak"},
        { "predicate": { "custom_model_data": 15470012 }, "model": "rf:rfblock/chair_spruce"},
        { "predicate": { "custom_model_data": 15470013 }, "model": "rf:rfblock/compressor"},
        { "predicate": { "custom_model_data": 15470014 }, "model": "rf:rfblock/crop_get_machine"},
        { "predicate": { "custom_model_data": 15470015 }, "model": "rf:rfblock/desk_glass"},
        { "predicate": { "custom_model_data": 15470016 }, "model": "rf:rfblock/farm_machine_off"},
        { "predicate": { "custom_model_data": 15470017 }, "model": "rf:rfblock/generator_geo_energy"},
        { "predicate": { "custom_model_data": 15470018 }, "model": "rf:rfblock/generator_light"},
        { "predicate": { "custom_model_data": 15470019 }, "model": "rf:rfblock/generator_redstone"},
        { "predicate": { "custom_model_data": 15470020 }, "model": "rf:rfblock/ingot_furnace_off"},
        { "predicate": { "custom_model_data": 15470021 }, "model": "rf:rfblock/microwave_oven"},
        { "predicate": { "custom_model_data": 15470022 }, "model": "rf:rfblock/mine_machine_off"},
        { "predicate": { "custom_model_data": 15470023 }, "model": "rf:rfblock/pulverizer"},
        { "predicate": { "custom_model_data": 15470024 }, "model": "rf:rfblock/refrigerator_all"},
        { "predicate": { "custom_model_data": 15470025 }, "model": "rf:rfblock/stall"},
        { "predicate": { "custom_model_data": 15470026 }, "model": "rf:rfblock/swivel_chair_all"},
        { "predicate": { "custom_model_data": 15470027 }, "model": "rf:rfblock/trash_top"},
        { "predicate": { "custom_model_data": 15470028 }, "model": "rf:rfblock/tv"},
        { "predicate": { "custom_model_data": 15470029 }, "model": "rf:rfblock/generator_wind"},
        { "predicate": { "custom_model_data": 15470030 }, "model": "rf:rfblock/break_machine"},
        { "predicate": { "custom_model_data": 15470031 }, "model": "rf:rfblock/area_shield"},
        { "predicate": { "custom_model_data": 15470032 }, "model": "rf:rfblock/oven"},
        { "predicate": { "custom_model_data": 15470033 }, "model": "rf:rfblock/cutting_machine"},
        { "predicate": { "custom_model_data": 15470034 }, "model": "rf:rfblock/moveline"},
        { "predicate": { "custom_model_data": 15470035 }, "model": "rf:rfblock/workbench"},
        { "predicate": { "custom_model_data": 15470036 }, "model": "rf:rfblock/screen"},
        { "predicate": { "custom_model_data": 15470037 }, "model": "rf:rfblock/air_conditioning"},
        { "predicate": { "custom_model_data": 15470038 }, "model": "rf:rfblock/flat_door"},
        { "predicate": { "custom_model_data": 15470039 }, "model": "rf:rfblock/laser_turret_all"},
        { "predicate": { "custom_model_data": 15470040 }, "model": "rf:rfblock/carving_machine"},
        { "predicate": { "custom_model_data": 15470041 }, "model": "rf:rfblock/assemble_bot_machine"},

        { "predicate": { "custom_model_data": 15470101 }, "model": "rf:rfblock/desk/o/oa"},
        { "predicate": { "custom_model_data": 15470102 }, "model": "rf:rfblock/desk/o/ob"},
        { "predicate": { "custom_model_data": 15470103 }, "model": "rf:rfblock/desk/o/odo"},
        { "predicate": { "custom_model_data": 15470104 }, "model": "rf:rfblock/desk/o/oj"},
        { "predicate": { "custom_model_data": 15470105 }, "model": "rf:rfblock/desk/o/oo"},
        { "predicate": { "custom_model_data": 15470106 }, "model": "rf:rfblock/desk/o/os"},

        { "predicate": { "custom_model_data": 15470107 }, "model": "rf:rfblock/desk/s/sa"},
        { "predicate": { "custom_model_data": 15470108 }, "model": "rf:rfblock/desk/s/sb"},
        { "predicate": { "custom_model_data": 15470109 }, "model": "rf:rfblock/desk/s/sdo"},
        { "predicate": { "custom_model_data": 15470110 }, "model": "rf:rfblock/desk/s/sj"},
        { "predicate": { "custom_model_data": 15470111 }, "model": "rf:rfblock/desk/s/so"},
        { "predicate": { "custom_model_data": 15470112 }, "model": "rf:rfblock/desk/s/ss"},

        { "predicate": { "custom_model_data": 15470113 }, "model": "rf:rfblock/desk/b/ba"},
        { "predicate": { "custom_model_data": 15470114 }, "model": "rf:rfblock/desk/b/bb"},
        { "predicate": { "custom_model_data": 15470115 }, "model": "rf:rfblock/desk/b/bdo"},
        { "predicate": { "custom_model_data": 15470116 }, "model": "rf:rfblock/desk/b/bj"},
        { "predicate": { "custom_model_data": 15470117 }, "model": "rf:rfblock/desk/b/bo"},
        { "predicate": { "custom_model_data": 15470118 }, "model": "rf:rfblock/desk/b/bs"},

        { "predicate": { "custom_model_data": 15470119 }, "model": "rf:rfblock/desk/j/ja"},
        { "predicate": { "custom_model_data": 15470120 }, "model": "rf:rfblock/desk/j/jb"},
        { "predicate": { "custom_model_data": 15470121 }, "model": "rf:rfblock/desk/j/jdo"},
        { "predicate": { "custom_model_data": 15470122 }, "model": "rf:rfblock/desk/j/jj"},
        { "predicate": { "custom_model_data": 15470123 }, "model": "rf:rfblock/desk/j/jo"},
        { "predicate": { "custom_model_data": 15470124 }, "model": "rf:rfblock/desk/j/js"},

        { "predicate": { "custom_model_data": 15470125 }, "model": "rf:rfblock/desk/a/aa"},
        { "predicate": { "custom_model_data": 15470126 }, "model": "rf:rfblock/desk/a/ab"},
        { "predicate": { "custom_model_data": 15470127 }, "model": "rf:rfblock/desk/a/ado"},
        { "predicate": { "custom_model_data": 15470128 }, "model": "rf:rfblock/desk/a/aj"},
        { "predicate": { "custom_model_data": 15470129 }, "model": "rf:rfblock/desk/a/ao"},
        { "predicate": { "custom_model_data": 15470130 }, "model": "rf:rfblock/desk/a/as"},

        { "predicate": { "custom_model_data": 15470131 }, "model": "rf:rfblock/desk/do/doa"},
        { "predicate": { "custom_model_data": 15470132 }, "model": "rf:rfblock/desk/do/dob"},
        { "predicate": { "custom_model_data": 15470133 }, "model": "rf:rfblock/desk/do/dodo"},
        { "predicate": { "custom_model_data": 15470134 }, "model": "rf:rfblock/desk/do/doj"},
        { "predicate": { "custom_model_data": 15470135 }, "model": "rf:rfblock/desk/do/doo"},
        { "predicate": { "custom_model_data": 15470136 }, "model": "rf:rfblock/desk/do/dos"},

        { "predicate": { "custom_model_data": 15470137 }, "model": "rf:rfblock/desk/o/oap"},
        { "predicate": { "custom_model_data": 15470138 }, "model": "rf:rfblock/desk/o/obp"},
        { "predicate": { "custom_model_data": 15470139 }, "model": "rf:rfblock/desk/o/odop"},
        { "predicate": { "custom_model_data": 15470140 }, "model": "rf:rfblock/desk/o/ojp"},
        { "predicate": { "custom_model_data": 15470141 }, "model": "rf:rfblock/desk/o/oop"},
        { "predicate": { "custom_model_data": 15470142 }, "model": "rf:rfblock/desk/o/osp"},

        { "predicate": { "custom_model_data": 15470143 }, "model": "rf:rfblock/desk/s/sap"},
        { "predicate": { "custom_model_data": 15470144 }, "model": "rf:rfblock/desk/s/sbp"},
        { "predicate": { "custom_model_data": 15470145 }, "model": "rf:rfblock/desk/s/sdop"},
        { "predicate": { "custom_model_data": 15470146 }, "model": "rf:rfblock/desk/s/sjp"},
        { "predicate": { "custom_model_data": 15470147 }, "model": "rf:rfblock/desk/s/sop"},
        { "predicate": { "custom_model_data": 15470148 }, "model": "rf:rfblock/desk/s/ssp"},

        { "predicate": { "custom_model_data": 15470149 }, "model": "rf:rfblock/desk/b/bap"},
        { "predicate": { "custom_model_data": 15470150 }, "model": "rf:rfblock/desk/b/bbp"},
        { "predicate": { "custom_model_data": 15470151 }, "model": "rf:rfblock/desk/b/bdop"},
        { "predicate": { "custom_model_data": 15470152 }, "model": "rf:rfblock/desk/b/bjp"},
        { "predicate": { "custom_model_data": 15470153 }, "model": "rf:rfblock/desk/b/bop"},
        { "predicate": { "custom_model_data": 15470154 }, "model": "rf:rfblock/desk/b/bsp"},

        { "predicate": { "custom_model_data": 15470155 }, "model": "rf:rfblock/desk/j/jap"},
        { "predicate": { "custom_model_data": 15470156 }, "model": "rf:rfblock/desk/j/jbp"},
        { "predicate": { "custom_model_data": 15470157 }, "model": "rf:rfblock/desk/j/jdop"},
        { "predicate": { "custom_model_data": 15470158 }, "model": "rf:rfblock/desk/j/jjp"},
        { "predicate": { "custom_model_data": 15470159 }, "model": "rf:rfblock/desk/j/jop"},
        { "predicate": { "custom_model_data": 15470160 }, "model": "rf:rfblock/desk/j/jsp"},

        { "predicate": { "custom_model_data": 15470161 }, "model": "rf:rfblock/desk/a/aap"},
        { "predicate": { "custom_model_data": 15470162 }, "model": "rf:rfblock/desk/a/abp"},
        { "predicate": { "custom_model_data": 15470163 }, "model": "rf:rfblock/desk/a/adop"},
        { "predicate": { "custom_model_data": 15470164 }, "model": "rf:rfblock/desk/a/ajp"},
        { "predicate": { "custom_model_data": 15470165 }, "model": "rf:rfblock/desk/a/aop"},
        { "predicate": { "custom_model_data": 15470166 }, "model": "rf:rfblock/desk/a/asp"},

        { "predicate": { "custom_model_data": 15470167 }, "model": "rf:rfblock/desk/do/doap"},
        { "predicate": { "custom_model_data": 15470168 }, "model": "rf:rfblock/desk/do/dobp"},
        { "predicate": { "custom_model_data": 15470169 }, "model": "rf:rfblock/desk/do/dodop"},
        { "predicate": { "custom_model_data": 15470170 }, "model": "rf:rfblock/desk/do/dojp"},
        { "predicate": { "custom_model_data": 15470171 }, "model": "rf:rfblock/desk/do/doop"},
        { "predicate": { "custom_model_data": 15470172 }, "model": "rf:rfblock/desk/do/dosp"},

        { "predicate": { "custom_model_data": 15470173 }, "model": "rf:rfblock/desk/st/sta"},
        { "predicate": { "custom_model_data": 15470174 }, "model": "rf:rfblock/desk/st/stb"},
        { "predicate": { "custom_model_data": 15470175 }, "model": "rf:rfblock/desk/st/stdo"},
        { "predicate": { "custom_model_data": 15470176 }, "model": "rf:rfblock/desk/st/stj"},
        { "predicate": { "custom_model_data": 15470177 }, "model": "rf:rfblock/desk/st/sto"},
        { "predicate": { "custom_model_data": 15470178 }, "model": "rf:rfblock/desk/st/sts"},
        { "predicate": { "custom_model_data": 15470179 }, "model": "rf:rfblock/desk/co/coa"},
        { "predicate": { "custom_model_data": 15470180 }, "model": "rf:rfblock/desk/co/cob"},
        { "predicate": { "custom_model_data": 15470181 }, "model": "rf:rfblock/desk/co/codo"},
        { "predicate": { "custom_model_data": 15470182 }, "model": "rf:rfblock/desk/co/coj"},
        { "predicate": { "custom_model_data": 15470183 }, "model": "rf:rfblock/desk/co/coo"},
        { "predicate": { "custom_model_data": 15470184 }, "model": "rf:rfblock/desk/co/cos"},
        { "predicate": { "custom_model_data": 15470185 }, "model": "rf:rfblock/desk/sa/saa"},
        { "predicate": { "custom_model_data": 15470186 }, "model": "rf:rfblock/desk/sa/sab"},
        { "predicate": { "custom_model_data": 15470187 }, "model": "rf:rfblock/desk/sa/sado"},
        { "predicate": { "custom_model_data": 15470188 }, "model": "rf:rfblock/desk/sa/saj"},
        { "predicate": { "custom_model_data": 15470189 }, "model": "rf:rfblock/desk/sa/sao"},
        { "predicate": { "custom_model_data": 15470190 }, "model": "rf:rfblock/desk/sa/sas"},
        { "predicate": { "custom_model_data": 15470191 }, "model": "rf:rfblock/desk/gr/gra"},
        { "predicate": { "custom_model_data": 15470192 }, "model": "rf:rfblock/desk/gr/grb"},
        { "predicate": { "custom_model_data": 15470193 }, "model": "rf:rfblock/desk/gr/grdo"},
        { "predicate": { "custom_model_data": 15470194 }, "model": "rf:rfblock/desk/gr/grj"},
        { "predicate": { "custom_model_data": 15470195 }, "model": "rf:rfblock/desk/gr/gro"},
        { "predicate": { "custom_model_data": 15470196 }, "model": "rf:rfblock/desk/gr/grs"},
        { "predicate": { "custom_model_data": 15470197 }, "model": "rf:rfblock/desk/di/dia"},
        { "predicate": { "custom_model_data": 15470198 }, "model": "rf:rfblock/desk/di/dib"},
        { "predicate": { "custom_model_data": 15470199 }, "model": "rf:rfblock/desk/di/dido"},
        { "predicate": { "custom_model_data": 15470200 }, "model": "rf:rfblock/desk/di/dij"},
        { "predicate": { "custom_model_data": 15470201 }, "model": "rf:rfblock/desk/di/dio"},
        { "predicate": { "custom_model_data": 15470202 }, "model": "rf:rfblock/desk/di/dis"},
        { "predicate": { "custom_model_data": 15470203 }, "model": "rf:rfblock/desk/an/ana"},
        { "predicate": { "custom_model_data": 15470204 }, "model": "rf:rfblock/desk/an/anb"},
        { "predicate": { "custom_model_data": 15470205 }, "model": "rf:rfblock/desk/an/ando"},
        { "predicate": { "custom_model_data": 15470206 }, "model": "rf:rfblock/desk/an/anj"},
        { "predicate": { "custom_model_data": 15470207 }, "model": "rf:rfblock/desk/an/ano"},
        { "predicate": { "custom_model_data": 15470208 }, "model": "rf:rfblock/desk/an/ans"},

        { "predicate": { "custom_model_data": 15470209 }, "model": "rf:rfblock/desk/st/stap"},
        { "predicate": { "custom_model_data": 15470210 }, "model": "rf:rfblock/desk/st/stbp"},
        { "predicate": { "custom_model_data": 15470211 }, "model": "rf:rfblock/desk/st/stdop"},
        { "predicate": { "custom_model_data": 15470212 }, "model": "rf:rfblock/desk/st/stjp"},
        { "predicate": { "custom_model_data": 15470213 }, "model": "rf:rfblock/desk/st/stop"},
        { "predicate": { "custom_model_data": 15470214 }, "model": "rf:rfblock/desk/st/stsp"},

        { "predicate": { "custom_model_data": 15470215 }, "model": "rf:rfblock/desk/co/coap"},
        { "predicate": { "custom_model_data": 15470216 }, "model": "rf:rfblock/desk/co/cobp"},
        { "predicate": { "custom_model_data": 15470217 }, "model": "rf:rfblock/desk/co/codop"},
        { "predicate": { "custom_model_data": 15470218 }, "model": "rf:rfblock/desk/co/cojp"},
        { "predicate": { "custom_model_data": 15470219 }, "model": "rf:rfblock/desk/co/coop"},
        { "predicate": { "custom_model_data": 15470220 }, "model": "rf:rfblock/desk/co/cosp"},

        { "predicate": { "custom_model_data": 15470221 }, "model": "rf:rfblock/desk/sa/saap"},
        { "predicate": { "custom_model_data": 15470222 }, "model": "rf:rfblock/desk/sa/sabp"},
        { "predicate": { "custom_model_data": 15470223 }, "model": "rf:rfblock/desk/sa/sadop"},
        { "predicate": { "custom_model_data": 15470224 }, "model": "rf:rfblock/desk/sa/sajp"},
        { "predicate": { "custom_model_data": 15470225 }, "model": "rf:rfblock/desk/sa/saop"},
        { "predicate": { "custom_model_data": 15470226 }, "model": "rf:rfblock/desk/sa/sasp"},

        { "predicate": { "custom_model_data": 15470227 }, "model": "rf:rfblock/desk/gr/grap"},
        { "predicate": { "custom_model_data": 15470228 }, "model": "rf:rfblock/desk/gr/grbp"},
        { "predicate": { "custom_model_data": 15470229 }, "model": "rf:rfblock/desk/gr/grdop"},
        { "predicate": { "custom_model_data": 15470230 }, "model": "rf:rfblock/desk/gr/grjp"},
        { "predicate": { "custom_model_data": 15470231 }, "model": "rf:rfblock/desk/gr/grop"},
        { "predicate": { "custom_model_data": 15470232 }, "model": "rf:rfblock/desk/gr/grsp"},

        { "predicate": { "custom_model_data": 15470233 }, "model": "rf:rfblock/desk/di/diap"},
        { "predicate": { "custom_model_data": 15470234 }, "model": "rf:rfblock/desk/di/dibp"},
        { "predicate": { "custom_model_data": 15470235 }, "model": "rf:rfblock/desk/di/didop"},
        { "predicate": { "custom_model_data": 15470236 }, "model": "rf:rfblock/desk/di/dijp"},
        { "predicate": { "custom_model_data": 15470237 }, "model": "rf:rfblock/desk/di/diop"},
        { "predicate": { "custom_model_data": 15470238 }, "model": "rf:rfblock/desk/di/disp"},
        
        { "predicate": { "custom_model_data": 15470239 }, "model": "rf:rfblock/desk/an/anap"},
        { "predicate": { "custom_model_data": 15470240 }, "model": "rf:rfblock/desk/an/anbp"},
        { "predicate": { "custom_model_data": 15470241 }, "model": "rf:rfblock/desk/an/andop"},
        { "predicate": { "custom_model_data": 15470242 }, "model": "rf:rfblock/desk/an/anjp"},
        { "predicate": { "custom_model_data": 15470243 }, "model": "rf:rfblock/desk/an/anop"},
        { "predicate": { "custom_model_data": 15470244 }, "model": "rf:rfblock/desk/an/ansp"}
    ]
}
