{
    "parent": "item/handheld",
    "textures": {
        "layer0": "item/carrot_on_a_stick"
    },
	"overrides": [
		{ "predicate": { "custom_model_data": 15471501 }, "model": "rf:rfitem/remove_tool"},
		{ "predicate": { "custom_model_data": 15471701 }, "model": "rf:rfitem/tvremote"},
		{ "predicate": { "custom_model_data": 15471702 }, "model": "rf:rfitem/e_meter"},
		{ "predicate": { "custom_model_data": 15471703 }, "model": "rf:rfitem/relay_point_connect"},
		{ "predicate": { "custom_model_data": 15471704 }, "model": "rf:rfitem/fluidcan"},
		{ "predicate": { "custom_model_data": 15471705 }, "model": "rf:rfitem/fluidcan_lava_1"},
		{ "predicate": { "custom_model_data": 15471706 }, "model": "rf:rfitem/fluidcan_lava_2"},

		{ "predicate": { "custom_model_data": 15471801 }, "model": "rf:saber/base_saber"},
		{ "predicate": { "custom_model_data": 15471802 }, "model": "rf:saber/blue_saber"},
		{ "predicate": { "custom_model_data": 15471803 }, "model": "rf:saber/red_saber"},
		{ "predicate": { "custom_model_data": 15471804 }, "model": "rf:saber/green_saber"},
		{ "predicate": { "custom_model_data": 15471805 }, "model": "rf:saber/cyan_saber"},
		{ "predicate": { "custom_model_data": 15471806 }, "model": "rf:saber/purple_saber"},
		{ "predicate": { "custom_model_data": 15471807 }, "model": "rf:saber/gray_saber"}
	]
}