{
    "parent": "item/handheld",
    "textures": {
        "layer0": "item/iron_sword"
    },
	"overrides": [
		{ "predicate": { "custom_model_data": 15478001 }, "model": "rf:toolandweapon/lead_sword"},
		{ "predicate": { "custom_model_data": 15478002 }, "model": "rf:toolandweapon/zinc_sword"},
		{ "predicate": { "custom_model_data": 15478003 }, "model": "rf:toolandweapon/tin_sword"},
		{ "predicate": { "custom_model_data": 15478004 }, "model": "rf:toolandweapon/nickel_sword"},
		{ "predicate": { "custom_model_data": 15478005 }, "model": "rf:toolandweapon/redstone_sword"},
		{ "predicate": { "custom_model_data": 15478006 }, "model": "rf:toolandweapon/tungsten_sword"}
	]
}