{
    "parent": "item/generated",
    "textures": {
        "layer0": "item/white_dye"
    },
    "overrides": [
        { "predicate": { "custom_model_data": 15471501 }, "model": "rf:rfitem/remove_tool"},
        { "predicate": { "custom_model_data": 15471502 }, "model": "rf:rfitem/machine_core"},
        { "predicate": { "custom_model_data": 15471503 }, "model": "rf:rfitem/furnace_core"},
        { "predicate": { "custom_model_data": 15471504 }, "model": "rf:rfitem/fan"},
        { "predicate": { "custom_model_data": 15471505 }, "model": "rf:rfitem/battery"},
        { "predicate": { "custom_model_data": 15471506 }, "model": "rf:rfitem/dust_iron"},
        { "predicate": { "custom_model_data": 15471507 }, "model": "rf:rfitem/dust_gold"},
        { "predicate": { "custom_model_data": 15471508 }, "model": "rf:rfitem/dust_lead"},
        { "predicate": { "custom_model_data": 15471509 }, "model": "rf:rfitem/dust_zinc"},
        { "predicate": { "custom_model_data": 15471510 }, "model": "rf:rfitem/dust_tin"},
        { "predicate": { "custom_model_data": 15471511 }, "model": "rf:rfitem/dust_tungsten"},
        { "predicate": { "custom_model_data": 15471512 }, "model": "rf:rfitem/dust_nickel"},
        { "predicate": { "custom_model_data": 15471513 }, "model": "rf:rfitem/dust_coal"},
        { "predicate": { "custom_model_data": 15471514 }, "model": "rf:rfitem/dust_quartz"},
        { "predicate": { "custom_model_data": 15471515 }, "model": "rf:rfitem/silicon"},
        { "predicate": { "custom_model_data": 15471516 }, "model": "rf:rfitem/sulphur"},
        { "predicate": { "custom_model_data": 15471517 }, "model": "rf:rfitem/niter"},
        { "predicate": { "custom_model_data": 15471518 }, "model": "rf:rfitem/ingot_redstone"},
        { "predicate": { "custom_model_data": 15471519 }, "model": "rf:rfitem/ingot_lead"},
        { "predicate": { "custom_model_data": 15471520 }, "model": "rf:rfitem/ingot_zinc"},
        { "predicate": { "custom_model_data": 15471521 }, "model": "rf:rfitem/ingot_tin"},
        { "predicate": { "custom_model_data": 15471522 }, "model": "rf:rfitem/ingot_nickel"},
        { "predicate": { "custom_model_data": 15471523 }, "model": "rf:rfitem/ingot_tungsten"},
        { "predicate": { "custom_model_data": 15471524 }, "model": "rf:rfitem/pcsilicon"},
        { "predicate": { "custom_model_data": 15471525 }, "model": "rf:rfitem/carbon_lump"},
        { "predicate": { "custom_model_data": 15471526 }, "model": "rf:rfitem/plate_iron"},
        { "predicate": { "custom_model_data": 15471527 }, "model": "rf:rfitem/plate_redstone"},
        { "predicate": { "custom_model_data": 15471528 }, "model": "rf:rfitem/plate_lead"},
        { "predicate": { "custom_model_data": 15471529 }, "model": "rf:rfitem/plate_zinc"},
        { "predicate": { "custom_model_data": 15471530 }, "model": "rf:rfitem/plate_tin"},
        { "predicate": { "custom_model_data": 15471531 }, "model": "rf:rfitem/plate_nickel"},
        { "predicate": { "custom_model_data": 15471532 }, "model": "rf:rfitem/plate_tungsten"},
        { "predicate": { "custom_model_data": 15471533 }, "model": "rf:rfitem/pcsilicon_flat"},
        { "predicate": { "custom_model_data": 15471534 }, "model": "rf:rfitem/saw"},
        { "predicate": { "custom_model_data": 15471535 }, "model": "rf:rfitem/dust_ris_crystal"},
        { "predicate": { "custom_model_data": 15471536 }, "model": "rf:rfitem/ris_crystal_piece"},
        { "predicate": { "custom_model_data": 15471537 }, "model": "rf:rfitem/ris_crystal"},
        { "predicate": { "custom_model_data": 15471538 }, "model": "rf:rfitem/lightsaber_top"},
        { "predicate": { "custom_model_data": 15471539 }, "model": "rf:rfitem/lightsaber_middle"},
        { "predicate": { "custom_model_data": 15471540 }, "model": "rf:rfitem/lightsaber_bottom"},
        { "predicate": { "custom_model_data": 15471541 }, "model": "rf:rfitem/plate_quartz"},
        { "predicate": { "custom_model_data": 15471542 }, "model": "rf:rfitem/diamond_drill"},
        { "predicate": { "custom_model_data": 15471543 }, "model": "rf:rfitem/blueprint"},
        { "predicate": { "custom_model_data": 15471544 }, "model": "rf:rfitem/cpu"},
        { "predicate": { "custom_model_data": 15471545 }, "model": "rf:rfitem/transistor"},
        { "predicate": { "custom_model_data": 15471546 }, "model": "rf:rfitem/circuit_wire"},
        { "predicate": { "custom_model_data": 15471547 }, "model": "rf:rfitem/circuit_part"},
        { "predicate": { "custom_model_data": 15471548 }, "model": "rf:rfitem/plate_iron_tin"},
        { "predicate": { "custom_model_data": 15471549 }, "model": "rf:rfitem/ingot_tin_lead"},
        { "predicate": { "custom_model_data": 15471550 }, "model": "rf:rfitem/ingot_nickel_redstone"},
        { "predicate": { "custom_model_data": 15471551 }, "model": "rf:rfitem/nugget_tin_lead"},
        { "predicate": { "custom_model_data": 15471552 }, "model": "rf:rfitem/wire_nickel_redstone"},
        { "predicate": { "custom_model_data": 15471553 }, "model": "rf:rfitem/cb"},
        { "predicate": { "custom_model_data": 15471554 }, "model": "rf:rfitem/base_circuit_board"},
        { "predicate": { "custom_model_data": 15471555 }, "model": "rf:rfitem/model_execute"},
        { "predicate": { "custom_model_data": 15471556 }, "model": "rf:rfitem/model_damage"},
        { "predicate": { "custom_model_data": 15471557 }, "model": "rf:rfitem/model_electric"},
        { "predicate": { "custom_model_data": 15471558 }, "model": "rf:rfitem/model_information"},
        { "predicate": { "custom_model_data": 15471559 }, "model": "rf:rfitem/model_move"},
        { "predicate": { "custom_model_data": 15471560 }, "model": "rf:rfitem/model_remote"},
        { "predicate": { "custom_model_data": 15471561 }, "model": "rf:rfitem/model_sight"}

    ]
}
