{
	"pools": [
		{
			"rolls": 1,
			"entries": [
				{
					"type": "item",
					"name": "minecraft:iron_sword",
					"functions": [
						{
							"function": "set_nbt",
							"tag": "{id:\"rf:lead_sword\",CustomModelData:15478001,AttributeModifiers:[{Slot:\"mainhand\",AttributeName:\"generic.attackDamage\",Name:\"generic.attackDamage\",Amount:7.5,Operation:0,UUIDLeast:1,UUIDMost:1},{Slot:\"mainhand\",AttributeName:\"generic.attackSpeed\",Name:\"generic.attackSpeed\",Amount:-3.4,Operation:0,UUIDLeast:1,UUIDMost:1}],display:{Name:\"{\\\"translate\\\": \\\"item.rfcraft.lead_sword\\\"}\"}}"
						}
					]
				}
			]
		}
	]
}