{
	"pools": [
		{
			"rolls": 1,
			"entries": [
				{
					"type": "item",
					"name": "minecraft:iron_sword",
					"functions": [
						{
							"function": "set_nbt",
							"tag": "{id:\"rf:zinc_sword\",CustomModelData:15478002,AttributeModifiers:[{Slot:\"mainhand\",AttributeName:\"generic.attackDamage\",Name:\"generic.attackDamage\",Amount:6,Operation:0,UUIDLeast:1,UUIDMost:1},{Slot:\"mainhand\",AttributeName:\"generic.attackSpeed\",Name:\"generic.attackSpeed\",Amount:-1.9,Operation:0,UUIDLeast:1,UUIDMost:1}],display:{Name:\"{\\\"translate\\\": \\\"item.rfcraft.zinc_sword\\\"}\"}}"
						}
					]
				}
			]
		}
	]
}