{
	"credit": "Made with Blockbench",
	"textures": {
		"0": "block/anvil",
		"1": "block/iron_block",
		"2": "block/sandstone_top",
		"3": "rf:saber/red_saber",
		"particle": "block/anvil"
	},
	"elements": [
		{
			"from": [7.75, 2.25, 8.95],
			"to": [8.25, 4, 8.95],
			"rotation": {"angle": 0, "axis": "y", "origin": [8.25, 2.875, 8.95]},
			"faces": {
				"north": {"uv": [1, 2, 2.3, 5], "texture": "#1"},
				"east": {"uv": [1, 2, 2.3, 5], "texture": "#1"},
				"south": {"uv": [1, 2, 2.3, 5], "texture": "#1"},
				"west": {"uv": [1, 2, 2.3, 5], "texture": "#1"},
				"up": {"uv": [3, 1, 4.3, 2.3], "texture": "#1", "rotation": 90},
				"down": {"uv": [2, 1, 3.3, 2.3], "texture": "#1", "rotation": 270}
			}
		},
		{
			"from": [7.35, 3.5, 7.35],
			"to": [8.65, 6.5, 8.65],
			"faces": {
				"north": {"uv": [1, 2, 2.3, 5], "texture": "#1"},
				"east": {"uv": [1, 2, 2.3, 5], "texture": "#1"},
				"south": {"uv": [1, 2, 2.3, 5], "texture": "#1"},
				"west": {"uv": [1, 2, 2.3, 5], "texture": "#1"},
				"up": {"uv": [3, 1, 4.3, 2.3], "texture": "#1"},
				"down": {"uv": [2, 1, 3.3, 2.3], "texture": "#1"}
			}
		},
		{
			"from": [7.05, 4.75, 7.05],
			"to": [8.95, 6, 8.95],
			"faces": {
				"north": {"uv": [1, 2, 2.3, 5], "texture": "#1"},
				"east": {"uv": [1, 2, 2.3, 5], "texture": "#1"},
				"south": {"uv": [1, 2, 2.3, 5], "texture": "#1"},
				"west": {"uv": [1, 2, 2.3, 5], "texture": "#1"},
				"up": {"uv": [3, 1, 4.3, 2.3], "texture": "#1"},
				"down": {"uv": [2, 1, 3.3, 2.3], "texture": "#1"}
			}
		},
		{
			"from": [7.25, -0.5, 7.25],
			"to": [8.75, 3.5, 8.75],
			"faces": {
				"north": {"uv": [0, 0, 1.5, 4], "texture": "#0"},
				"east": {"uv": [0, 0, 1.5, 4], "texture": "#0"},
				"south": {"uv": [0, 0, 1.5, 4], "texture": "#0"},
				"west": {"uv": [0, 0, 1.5, 4], "texture": "#0"},
				"up": {"uv": [0, 0, 1.5, 1.5], "texture": "#0"},
				"down": {"uv": [0, 0, 1.5, 1.5], "texture": "#0"}
			}
		},
		{
			"from": [7.25, -5.5, 7.25],
			"to": [8.75, -1.5, 8.75],
			"faces": {
				"north": {"uv": [0, 0, 1.5, 4], "texture": "#0"},
				"east": {"uv": [0, 0, 1.5, 4], "texture": "#0"},
				"south": {"uv": [0, 0, 1.5, 4], "texture": "#0"},
				"west": {"uv": [0, 0, 1.5, 4], "texture": "#0"},
				"up": {"uv": [0, 0, 1.5, 1.5], "texture": "#0"},
				"down": {"uv": [0, 0, 1.5, 1.5], "texture": "#0"}
			}
		},
		{
			"from": [7.25, -7.5, 7.25],
			"to": [8.75, -5.6, 8.75],
			"faces": {
				"north": {"uv": [1, 2, 2.3, 5], "texture": "#1"},
				"east": {"uv": [1, 2, 2.3, 5], "texture": "#1"},
				"south": {"uv": [1, 2, 2.3, 5], "texture": "#1"},
				"west": {"uv": [1, 2, 2.3, 5], "texture": "#1"},
				"up": {"uv": [3, 1, 4.3, 2.3], "texture": "#1"},
				"down": {"uv": [2, 1, 3.3, 2.3], "texture": "#1"}
			}
		},
		{
			"from": [7.25, -1.4, 7.25],
			"to": [8.75, -0.6, 8.75],
			"faces": {
				"north": {"uv": [1, 2, 2.3, 5], "texture": "#1"},
				"east": {"uv": [1, 2, 2.3, 5], "texture": "#1"},
				"south": {"uv": [1, 2, 2.3, 5], "texture": "#1"},
				"west": {"uv": [1, 2, 2.3, 5], "texture": "#1"},
				"up": {"uv": [3, 1, 4.3, 2.3], "texture": "#1"},
				"down": {"uv": [2, 1, 3.3, 2.3], "texture": "#1"}
			}
		},
		{
			"from": [7.35, -1.5, 7.35],
			"to": [8.65, -1.4, 8.65],
			"faces": {
				"north": {"uv": [1, 2, 2.3, 5], "texture": "#1"},
				"east": {"uv": [1, 2, 2.3, 5], "texture": "#1"},
				"south": {"uv": [1, 2, 2.3, 5], "texture": "#1"},
				"west": {"uv": [1, 2, 2.3, 5], "texture": "#1"},
				"up": {"uv": [3, 1, 4.3, 2.3], "texture": "#1"},
				"down": {"uv": [2, 1, 3.3, 2.3], "texture": "#1"}
			}
		},
		{
			"from": [7.35, -0.6, 7.35],
			"to": [8.65, -0.5, 8.65],
			"faces": {
				"north": {"uv": [1, 2, 2.3, 5], "texture": "#1"},
				"east": {"uv": [1, 2, 2.3, 5], "texture": "#1"},
				"south": {"uv": [1, 2, 2.3, 5], "texture": "#1"},
				"west": {"uv": [1, 2, 2.3, 5], "texture": "#1"},
				"up": {"uv": [3, 1, 4.3, 2.3], "texture": "#1"},
				"down": {"uv": [2, 1, 3.3, 2.3], "texture": "#1"}
			}
		},
		{
			"from": [7.35, -5.6, 7.35],
			"to": [8.65, -5.5, 8.65],
			"faces": {
				"north": {"uv": [1, 2, 2.3, 5], "texture": "#1"},
				"east": {"uv": [1, 2, 2.3, 5], "texture": "#1"},
				"south": {"uv": [1, 2, 2.3, 5], "texture": "#1"},
				"west": {"uv": [1, 2, 2.3, 5], "texture": "#1"},
				"up": {"uv": [3, 1, 4.3, 2.3], "texture": "#1"},
				"down": {"uv": [2, 1, 3.3, 2.3], "texture": "#1"}
			}
		},
		{
			"from": [7, 3.5, 7],
			"to": [7, 4.75, 9],
			"faces": {
				"north": {"uv": [1, 2, 2.3, 5], "texture": "#1"},
				"east": {"uv": [1, 2, 2.3, 5], "texture": "#1"},
				"south": {"uv": [1, 2, 2.3, 5], "texture": "#1"},
				"west": {"uv": [1, 2, 2.3, 5], "texture": "#1"},
				"up": {"uv": [3, 1, 4.3, 2.3], "texture": "#1"},
				"down": {"uv": [2, 1, 3.3, 2.3], "texture": "#1"}
			}
		},
		{
			"from": [7, 3.5, 7],
			"to": [9, 4.75, 7],
			"rotation": {"angle": 0, "axis": "y", "origin": [8, 4.125, 7]},
			"faces": {
				"north": {"uv": [1, 2, 2.3, 5], "texture": "#1"},
				"east": {"uv": [1, 2, 2.3, 5], "texture": "#1"},
				"south": {"uv": [1, 2, 2.3, 5], "texture": "#1"},
				"west": {"uv": [1, 2, 2.3, 5], "texture": "#1"},
				"up": {"uv": [3, 1, 4.3, 2.3], "texture": "#1", "rotation": 90},
				"down": {"uv": [2, 1, 3.3, 2.3], "texture": "#1", "rotation": 270}
			}
		},
		{
			"from": [9, 3.5, 7],
			"to": [9, 4.75, 9],
			"faces": {
				"north": {"uv": [1, 2, 2.3, 5], "texture": "#1"},
				"east": {"uv": [1, 2, 2.3, 5], "texture": "#1"},
				"south": {"uv": [1, 2, 2.3, 5], "texture": "#1"},
				"west": {"uv": [1, 2, 2.3, 5], "texture": "#1"},
				"up": {"uv": [3, 1, 4.3, 2.3], "texture": "#1"},
				"down": {"uv": [2, 1, 3.3, 2.3], "texture": "#1"}
			}
		},
		{
			"from": [7, 3.5, 9],
			"to": [9, 4.75, 9],
			"rotation": {"angle": 0, "axis": "y", "origin": [8, 4.125, 9]},
			"faces": {
				"north": {"uv": [1, 2, 2.3, 5], "texture": "#1"},
				"east": {"uv": [1, 2, 2.3, 5], "texture": "#1"},
				"south": {"uv": [1, 2, 2.3, 5], "texture": "#1"},
				"west": {"uv": [1, 2, 2.3, 5], "texture": "#1"},
				"up": {"uv": [3, 1, 4.3, 2.3], "texture": "#1", "rotation": 90},
				"down": {"uv": [2, 1, 3.3, 2.3], "texture": "#1", "rotation": 270}
			}
		},
		{
			"from": [6.9, 4, 7.75],
			"to": [7.4, 4.8, 8.25],
			"faces": {
				"north": {"uv": [0, 0, 0.5, 0.8], "texture": "#2"},
				"east": {"uv": [0, 0, 0.5, 0.8], "texture": "#2"},
				"south": {"uv": [0, 0, 0.5, 0.8], "texture": "#2"},
				"west": {"uv": [0, 0, 0.5, 0.8], "texture": "#2"},
				"up": {"uv": [0, 0, 0.5, 0.5], "texture": "#2"},
				"down": {"uv": [0, 0, 0.5, 0.5], "texture": "#2"}
			}
		},
		{
			"from": [7, 4.75, 7],
			"to": [9, 4.9, 9],
			"faces": {
				"north": {"uv": [1, 2, 2.3, 5], "texture": "#1"},
				"east": {"uv": [1, 2, 2.3, 5], "texture": "#1"},
				"south": {"uv": [1, 2, 2.3, 5], "texture": "#1"},
				"west": {"uv": [1, 2, 2.3, 5], "texture": "#1"},
				"up": {"uv": [3, 1, 4.3, 2.3], "texture": "#1"},
				"down": {"uv": [2, 1, 3.3, 2.3], "texture": "#1"}
			}
		},
		{
			"from": [7.5, 6.5, 7.5],
			"to": [8.5, 32, 8.5],
			"faces": {
				"north": {"uv": [7, 0, 8, 16], "texture": "#3"},
				"east": {"uv": [7, 0, 8, 16], "texture": "#3"},
				"south": {"uv": [7, 0, 8, 16], "texture": "#3"},
				"west": {"uv": [7, 0, 8, 16], "texture": "#3"},
				"up": {"uv": [7, 0, 8, 1], "texture": "#3"},
				"down": {"uv": [7, 0, 8, 1], "texture": "#3"}
			}
		}
	],
	"display": {
		"thirdperson_righthand": {
			"translation": [0, 8.5, 0]
		},
		"thirdperson_lefthand": {
			"translation": [0, 8.5, 0]
		},
		"firstperson_righthand": {
			"translation": [0, 8.5, 3.5],
			"rotation": [15, 6, 0]
		},
		"firstperson_lefthand": {
			"rotation": [15, -174, 0],
			"translation": [0, 8.5, 3.5]
		},
		"ground": {
			"rotation": [90, 0, 0],
			"translation": [0, -3.5, -4]
		},
		"fixed": {
			"scale": [0.5, 0.5, 0.5],
			"rotation": [0, 0, 45]
		},
		"head": {
			"rotation": [-45, 0, 0],
			"translation": [0, 6, -7.5]
		},
		"gui": {
			"scale": [0.5, 0.5, 0.5],
			"rotation": [30, 45, 0],
			"translation": [0, -2, 0]
		}
	},
	"groups": [
		{
			"name": "group",
			"isOpen": false,
			"shade": true,
			"display": {
				"visibility": true,
				"autouv": true
			},
			"children": [0, 1, 2, 3, 4, 5, 6, 7, 8, 9, 10, 11, 12, 13, 14, 15]
		}, 16]
}