{
	"display": {
		"icon": {
			"item": "minecraft:squid_spawn_egg",
			"nbt": "{id:\"minecraft:squid_spawn_egg\",CustomModelData:15471002}" 
		},
		"title":{
			"translate": "advancements.rfcraft.tra.title"
		},
		"description": {
			"translate": "advancements.rfcraft.tra.description"
		},
		"frame": "task",
        "show_toast": true,
        "announce_to_chat": true,
        "hidden": false
	},
	"parent": "rf:wool",
	"criteria": {
		"trampoline": {
			"trigger": "minecraft:inventory_changed",
			"conditions": {
				"items": [
					{
						"item" :"minecraft:squid_spawn_egg",
						"nbt" :"{id:\"rf:trampoline\"}"
					}
				]
			}
		}
	}
}