{
	"credit": "Made with Blockbench",
	"textures": {
		"0": "block/observer_back_on",
		"1": "block/comparator",
		"4": "block/observer_top",
		"5": "block/observer_side",
		"particle": "block/comparator"
	},
	"elements": [
		{
			"from": [0, 0, 0],
			"to": [16, 16, 16],
			"rotation": {"angle": 0, "axis": "y", "origin": [8, 8, 8]},
			"faces": {
				"north": {"uv": [0, 0, 16, 16], "texture": "#4"},
				"east": {"uv": [0, 0, 16, 16], "texture": "#5", "rotation": 180},
				"south": {"uv": [0, 0, 16, 16], "texture": "#4"},
				"west": {"uv": [0, 0, 16, 16], "texture": "#5", "rotation": 180},
				"up": {"uv": [0, 0, 16, 16], "texture": "#5", "rotation": 90},
				"down": {"uv": [0, 0, 16, 16], "texture": "#5", "rotation": 90}
			}
		},
		{
			"from": [2, 2, -0.1],
			"to": [14, 14, 0],
			"rotation": {"angle": 0, "axis": "y", "origin": [8, 8, -0.05]},
			"faces": {
				"north": {"uv": [2, 2, 14, 14], "texture": "#1"}
			}
		},
		{
			"from": [2, 2, 16],
			"to": [14, 14, 16.1],
			"rotation": {"angle": 0, "axis": "y", "origin": [9, 9, 8]},
			"faces": {
				"south": {"uv": [2, 2, 14, 14], "texture": "#0", "rotation": 90}
			}
		}
	],
	"display": {
		"head": {
			"scale": [2.285, 2.285, 2.285],
			"translation": [0, -14.7, 0]
		},
		"thirdperson_righthand": {
			"scale": [0.3, 0.3, 0.3],
			"rotation": [30, 45, 0]
		},
		"thirdperson_lefthand": {
			"scale": [0.3, 0.3, 0.3],
			"rotation": [30, 45, 0]
		},
		"firstperson_righthand": {
			"scale": [0.5, 0.5, 0.5],
			"rotation": [22, 30, 0]
		},
		"firstperson_lefthand": {
			"scale": [0.5, 0.5, 0.5],
			"rotation": [22, 30, 0]
		},
		"ground": {
			"scale": [0.4, 0.4, 0.4],
			"translation": [0, -1, 0]
		},
		"fixed": {
			"scale": [0.625, 0.625, 0.625],
			"rotation": [0, 180, 0]
		},
		"gui": {
			"scale": [0.625, 0.625, 0.625],
			"rotation": [30, 45, 0]
		}
	},
	"groups": [
		{
			"name": "charger",
			"isOpen": true,
			"shade": true,
			"display": {
				"visibility": true,
				"autouv": true
			},
			"children": [0, 1, 2]
		}
	]
}