{
	"credit": "Made with Blockbench",
	"textures": {
		"0": "rf:line/line_point",
		"1": "rf:line/line",
		"particle": "rf:line/line_point"
	},
	"elements": [
		{
			"from": [0, 0, 4],
			"to": [16, 8, 12],
			"faces": {
				"north": {"uv": [16, 4, 0, 12], "texture": "#1"},
				"east": {"uv": [4, 4, 12, 12], "texture": "#0"},
				"south": {"uv": [0, 4, 16, 12], "texture": "#1"},
				"west": {"uv": [4, 4, 12, 12], "texture": "#0"},
				"up": {"uv": [0, 4, 16, 12], "texture": "#1"},
				"down": {"uv": [0, 4, 16, 12], "texture": "#1"}
			}
		}
	],
	"display": {
		"thirdperson_righthand": {
			"scale": [0.5, 0.5, 0.5]
		},
		"thirdperson_lefthand": {
			"scale": [0.5, 0.5, 0.5]
		},
		"head": {
			"scale": [2.385, 2.385, 2.385],
			"translation": [0, -14.6, 0]
		}
	}
}