﻿{
	"credit": "Made with Blockbench, a free, modern block model editor by JannisX11",
	"textures": {
		"0": "block/iron_block",
		"particle": "block/iron_block"
	},
	"elements": [
		{
			"from": [4, 0, 4],
			"to": [12, 1, 12],
			"faces": {
				"north": {"uv": [0, 0, 8, 1], "texture": "#0"},
				"east": {"uv": [0, 0, 8, 1], "texture": "#0"},
				"south": {"uv": [0, 0, 8, 1], "texture": "#0"},
				"west": {"uv": [0, 0, 8, 1], "texture": "#0"},
				"up": {"uv": [4, 4, 12, 12], "texture": "#0"},
				"down": {"uv": [4, 4, 12, 12], "texture": "#0"}
			}
		},
		{
			"from": [4, 1, 4],
			"to": [11, 12, 5],
			"faces": {
				"north": {"uv": [1, 0, 16, 15], "texture": "#0"},
				"east": {"uv": [0, 0, 1, 11], "texture": "#0"},
				"south": {"uv": [4, 3, 11, 14], "texture": "#0"},
				"west": {"uv": [1, 0, 2, 15], "texture": "#0"},
				"up": {"uv": [0, 0, 7, 1], "texture": "#0"},
				"down": {"uv": [0, 0, 7, 1], "texture": "#0"}
			}
		},
		{
			"from": [11, 1, 4],
			"to": [12, 12, 11],
			"rotation": {"angle": 0, "axis": "y", "origin": [7.5, 6, 7.5]},
			"faces": {
				"north": {"uv": [1, 0, 2, 15], "texture": "#0"},
				"east": {"uv": [1, 0, 16, 15], "texture": "#0"},
				"south": {"uv": [0, 0, 1, 11], "texture": "#0"},
				"west": {"uv": [4, 3, 11, 14], "texture": "#0"},
				"up": {"uv": [0, 0, 7, 1], "texture": "#0", "rotation": 270},
				"down": {"uv": [0, 0, 7, 1], "texture": "#0", "rotation": 90}
			}
		},
		{
			"from": [4, 1, 5],
			"to": [5, 12, 12],
			"rotation": {"angle": 0, "axis": "y", "origin": [7.5, 6, 7.5]},
			"faces": {
				"north": {"uv": [0, 0, 1, 11], "texture": "#0"},
				"east": {"uv": [4, 3, 11, 14], "texture": "#0"},
				"south": {"uv": [1, 0, 2, 15], "texture": "#0"},
				"west": {"uv": [1, 0, 16, 15], "texture": "#0"},
				"up": {"uv": [0, 0, 7, 1], "texture": "#0", "rotation": 90},
				"down": {"uv": [0, 0, 7, 1], "texture": "#0", "rotation": 270}
			}
		},
		{
			"from": [5, 1, 11],
			"to": [12, 12, 12],
			"faces": {
				"north": {"uv": [4, 3, 11, 14], "texture": "#0"},
				"east": {"uv": [1, 0, 2, 15], "texture": "#0"},
				"south": {"uv": [1, 0, 16, 15], "texture": "#0"},
				"west": {"uv": [0, 0, 1, 11], "texture": "#0"},
				"up": {"uv": [0, 0, 7, 1], "texture": "#0"},
				"down": {"uv": [0, 0, 7, 1], "texture": "#0"}
			}
		}
	],
	"display": {
		"thirdperson_righthand": {
			"scale": [0.5, 0.5, 0.5],
			"rotation": [0, 45, 0]
		},
		"thirdperson_lefthand": {
			"scale": [0.5, 0.5, 0.5],
			"rotation": [0, 45, 0]
		},
		"head": {
			"scale": [2.4, 2.4, 2.4],
			"translation": [0, -14, 0]
		},
		"gui": {
			"scale": [0.8, 0.8, 0.8],
			"rotation": [30, 45, 0],
			"translation": [0, 1, 0]
		}
	},
	"groups": [
		{
			"name": "group",
			"isOpen": true,
			"shade": true,
			"display": {
				"visibility": false,
				"autouv": true
			},
			"children": [0]
		}, 1, 2, 3, 4, 5]
}