{
	"credit": "Made with Blockbench",
	"textures": {
		"0": "rf:tv/325",
		"1": "block/gray_concrete",
		"2": "block/stone_slab_top",
		"3": "block/black_shulker_box",
		"4": "block/iron_block",
		"5": "block/rfcrafting_table_side",
		"particle": "block/gray_concrete"
	},
	"elements": [
		{
			"from": [-4.5, 2.5, 12],
			"to": [21.5, 18.5, 13],
			"faces": {
				"north": {"uv": [0, 0, 16, 16], "texture": "#0"},
				"east": {"uv": [0, 0, 1, 16], "texture": "#1"},
				"south": {"uv": [0, 0, 16, 16], "texture": "#1"},
				"west": {"uv": [0, 0, 1, 16], "texture": "#1"},
				"up": {"uv": [0, 0, 16, 1], "texture": "#1"},
				"down": {"uv": [0, 0, 16, 1], "texture": "#1"}
			}
		},
		{
			"from": [-5.5, 2.5, 11.5],
			"to": [-4.5, 18.5, 12.5],
			"faces": {
				"north": {"uv": [0, 0, 1, 16], "texture": "#3"},
				"east": {"uv": [0, 0, 1, 16], "texture": "#3"},
				"south": {"uv": [0, 0, 1, 16], "texture": "#3"},
				"west": {"uv": [0, 0, 1, 16], "texture": "#3"},
				"up": {"uv": [0, 0, 1, 1], "texture": "#3"},
				"down": {"uv": [0, 0, 1, 1], "texture": "#3"}
			}
		},
		{
			"from": [21.5, 2.5, 11.5],
			"to": [22.5, 18.5, 12.5],
			"faces": {
				"north": {"uv": [0, 0, 1, 16], "texture": "#3"},
				"east": {"uv": [0, 0, 1, 16], "texture": "#3"},
				"south": {"uv": [0, 0, 1, 16], "texture": "#3"},
				"west": {"uv": [0, 0, 1, 16], "texture": "#3"},
				"up": {"uv": [0, 0, 1, 1], "texture": "#3"},
				"down": {"uv": [0, 0, 1, 1], "texture": "#3"}
			}
		},
		{
			"from": [-5.5, 2, 11.5],
			"to": [22.5, 2.5, 12.5],
			"faces": {
				"north": {"uv": [0, 0, 16, 0.5], "texture": "#3"},
				"east": {"uv": [0, 0, 1, 0.5], "texture": "#3"},
				"south": {"uv": [0, 0, 16, 0.5], "texture": "#3"},
				"west": {"uv": [0, 0, 1, 0.5], "texture": "#3"},
				"up": {"uv": [0, 0, 16, 1], "texture": "#3"},
				"down": {"uv": [0, 0, 16, 1], "texture": "#3"}
			}
		},
		{
			"from": [-5.5, 18.5, 11.5],
			"to": [22.5, 19, 12.5],
			"faces": {
				"north": {"uv": [0, 0, 16, 0.5], "texture": "#3"},
				"east": {"uv": [0, 0, 1, 0.5], "texture": "#3"},
				"south": {"uv": [0, 0, 16, 0.5], "texture": "#3"},
				"west": {"uv": [0, 0, 1, 0.5], "texture": "#3"},
				"up": {"uv": [0, 0, 16, 1], "texture": "#3"},
				"down": {"uv": [0, 0, 16, 1], "texture": "#3"}
			}
		},
		{
			"from": [-4, 2.5, 13],
			"to": [21, 18, 13.5],
			"faces": {
				"north": {"uv": [0, 0, 16, 15.5], "texture": "#1"},
				"east": {"uv": [0, 0, 0.5, 15.5], "texture": "#1"},
				"south": {"uv": [0, 0, 16, 15.5], "texture": "#1"},
				"west": {"uv": [0, 0, 0.5, 15.5], "texture": "#1"},
				"up": {"uv": [0, 0, 16, 0.5], "texture": "#1"},
				"down": {"uv": [0, 0, 16, 0.5], "texture": "#1"}
			}
		},
		{
			"from": [-4.5, 2, 12.5],
			"to": [21.5, 2.5, 13],
			"faces": {
				"north": {"uv": [0, 0, 16, 0.5], "texture": "#1"},
				"east": {"uv": [0, 0, 0.5, 0.5], "texture": "#1"},
				"south": {"uv": [0, 0, 16, 0.5], "texture": "#1"},
				"west": {"uv": [0, 0, 0.5, 0.5], "texture": "#1"},
				"up": {"uv": [0, 0, 16, 0.5], "texture": "#1"},
				"down": {"uv": [0, 0, 16, 0.5], "texture": "#1"}
			}
		},
		{
			"from": [-4, 2, 13],
			"to": [21, 2.5, 13.5],
			"faces": {
				"north": {"uv": [0, 0, 16, 0.5], "texture": "#1"},
				"east": {"uv": [0, 0, 0.5, 0.5], "texture": "#1"},
				"south": {"uv": [0, 0, 16, 0.5], "texture": "#1"},
				"west": {"uv": [0, 0, 0.5, 0.5], "texture": "#1"},
				"up": {"uv": [0, 0, 16, 0.5], "texture": "#1"},
				"down": {"uv": [0, 0, 16, 0.5], "texture": "#1"}
			}
		},
		{
			"from": [-2, 0, 11.5],
			"to": [8, 0.6, 12.5],
			"rotation": {"angle": -22.5, "axis": "y", "origin": [5.5, 0.3, 12]},
			"faces": {
				"north": {"uv": [0, 0, 10, 0.6], "texture": "#4"},
				"east": {"uv": [0, 0, 1, 0.6], "texture": "#4"},
				"south": {"uv": [0, 0, 10, 0.6], "texture": "#4"},
				"west": {"uv": [0, 0, 1, 0.6], "texture": "#4"},
				"up": {"uv": [1, 3, 2, 13], "texture": "#4", "rotation": 270},
				"down": {"uv": [1, 3, 2, 13], "texture": "#4", "rotation": 90}
			}
		},
		{
			"from": [8, 0, 11.5],
			"to": [18, 0.6, 12.5],
			"rotation": {"angle": 22.5, "axis": "y", "origin": [10.5, 0.3, 12]},
			"faces": {
				"north": {"uv": [5, 0, 15, 0.6], "texture": "#4"},
				"east": {"uv": [1, 0, 2, 0.6], "texture": "#4"},
				"south": {"uv": [5, 0, 15, 0.6], "texture": "#4"},
				"west": {"uv": [1, 0, 2, 0.6], "texture": "#4"},
				"up": {"uv": [1, 3, 2, 13], "texture": "#4", "rotation": 270},
				"down": {"uv": [1, 3, 2, 13], "texture": "#4", "rotation": 90}
			}
		},
		{
			"from": [7.6, 0, 12.6],
			"to": [8.4, 2, 13.4],
			"faces": {
				"north": {"uv": [0, 0, 0.8, 2], "texture": "#4"},
				"east": {"uv": [0, 0, 0.8, 2], "texture": "#4"},
				"south": {"uv": [0, 0, 0.8, 2], "texture": "#4"},
				"west": {"uv": [0, 0, 0.8, 2], "texture": "#4"},
				"up": {"uv": [0, 0, 0.8, 0.8], "texture": "#4"},
				"down": {"uv": [0, 0, 0.8, 0.8], "texture": "#4"}
			}
		},
		{
			"from": [4.5, 0, 11.75],
			"to": [11.5, 0.3, 15.75],
			"faces": {
				"north": {"uv": [0, 0, 7, 0.3], "texture": "#4"},
				"east": {"uv": [0, 0, 4, 0.3], "texture": "#4"},
				"south": {"uv": [0, 0, 7, 0.3], "texture": "#4"},
				"west": {"uv": [0, 0, 4, 0.3], "texture": "#4"},
				"up": {"uv": [4, 1, 11, 5], "texture": "#4"},
				"down": {"uv": [4, 1, 11, 5], "texture": "#4"}
			}
		},
		{
			"from": [-5.7, 2.5, 11.75],
			"to": [-5.5, 3, 12.25],
			"faces": {
				"north": {"uv": [0, 0, 0.2, 0.5], "texture": "#2"},
				"east": {"uv": [0, 0, 0.5, 0.5], "texture": "#2"},
				"south": {"uv": [0, 0, 0.2, 0.5], "texture": "#2"},
				"west": {"uv": [0, 0, 0.5, 0.5], "texture": "#2"},
				"up": {"uv": [0, 0, 0.2, 0.5], "texture": "#2"},
				"down": {"uv": [0, 0, 0.2, 0.5], "texture": "#2"}
			}
		},
		{
			"from": [-5.7, 3.5, 11.75],
			"to": [-5.5, 4, 12.25],
			"faces": {
				"north": {"uv": [0, 0, 0.2, 0.5], "texture": "#2"},
				"east": {"uv": [0, 0, 0.5, 0.5], "texture": "#2"},
				"south": {"uv": [0, 0, 0.2, 0.5], "texture": "#2"},
				"west": {"uv": [0, 0, 0.5, 0.5], "texture": "#2"},
				"up": {"uv": [0, 0, 0.2, 0.5], "texture": "#2"},
				"down": {"uv": [0, 0, 0.2, 0.5], "texture": "#2"}
			}
		},
		{
			"from": [-5.7, 4.5, 11.75],
			"to": [-5.5, 5, 12.25],
			"faces": {
				"north": {"uv": [0, 0, 0.2, 0.5], "texture": "#2"},
				"east": {"uv": [0, 0, 0.5, 0.5], "texture": "#2"},
				"south": {"uv": [0, 0, 0.2, 0.5], "texture": "#2"},
				"west": {"uv": [0, 0, 0.5, 0.5], "texture": "#2"},
				"up": {"uv": [0, 0, 0.2, 0.5], "texture": "#2"},
				"down": {"uv": [0, 0, 0.2, 0.5], "texture": "#2"}
			}
		},
		{
			"from": [0, 4.5, 13.5],
			"to": [16, 12.5, 13.6],
			"faces": {
				"north": {"uv": [0, 4, 16, 12], "texture": "#5"},
				"east": {"uv": [0, 0, 0, 8], "texture": "#5"},
				"south": {"uv": [0, 4, 16, 12], "texture": "#5"},
				"west": {"uv": [0, 0, 0, 8], "texture": "#5"},
				"up": {"uv": [0, 0, 16, 0], "texture": "#5"},
				"down": {"uv": [0, 0, 16, 0], "texture": "#5"}
			}
		}
	],
	"display": {
		"thirdperson_righthand": {
			"scale": [0.5, 0.5, 0.5],
			"rotation": [0, 111, 0],
			"translation": [-2.5, 3.5, 2.5]
		},
		"head": {
			"scale": [2.4, 2.4, 2.4],
			"translation": [0, -14, 0]
		},
		"thirdperson_lefthand": {
			"scale": [0.5, 0.5, 0.5],
			"rotation": [0, 111, 0],
			"translation": [-2.5, 3.5, 2.5]
		},
		"firstperson_righthand": {
			"rotation": [0, 111, 0]
		},
		"firstperson_lefthand": {
			"rotation": [0, 111, 0]
		},
		"fixed": {
			"scale": [0.5, 0.5, 0.5],
			"rotation": [0, 0, 0],
			"translation": [0, 0.5, -3]
		},
		"gui": {
			"scale": [0.5, 0.5, 0.5],
			"rotation": [30, 135, 0],
			"translation": [0, -1, 0]
		}
	}
}