{
	"credit": "Made with Blockbench",
	"textures": {
		"1": "block/stone_slab_top"
	},
	"elements": [
		{
			"from": [0, 15, -1],
			"to": [16, 16, 0],
			"rotation": {"angle": 0, "axis": "y", "origin": [8.5, 15.5, -0.5]},
			"faces": {
				"north": {"uv": [0, 0, 16, 1], "texture": "#1"},
				"east": {"uv": [0, 0, 1, 1], "texture": "#1"},
				"south": {"uv": [0, 0, 16, 1], "texture": "#1"},
				"west": {"uv": [0, 0, 1, 1], "texture": "#1"},
				"up": {"uv": [0, 0, 16, 1], "texture": "#1", "rotation": 180},
				"down": {"uv": [0, 0, 16, 1], "texture": "#1", "rotation": 180}
			}
		}
	],
	"display": {
		"thirdperson_righthand": {
			"scale": [0.5, 0.5, 0.5],
			"rotation": [0, 0, 90],
			"translation": [3.5, 0, 0]
		},
		"thirdperson_lefthand": {
			"scale": [0.5, 0.5, 0.5],
			"translation": [3.5, 0, 0],
			"rotation": [0, 0, 90]
		},
		"firstperson_righthand": {
			"rotation": [0, 0, 90],
			"translation": [7.5, 1.5, -0.5]
		},
		"firstperson_lefthand": {
			"rotation": [0, 0, 90],
			"translation": [7.5, 1.5, -0.5]
		},
		"head": {
			"scale": [2.285, 2.285, 2.285],
			"translation": [0, -14.7, 0]
		},
		"ground": {
			"translation": [0, -10.5, 0]
		},
		"fixed": {
			"rotation": [-90, 0, 0],
			"translation": [0, 0, 7]
		},
		"gui": {
			"scale": [0.625, 0.625, 0.625],
			"rotation": [30, 45, 0],
			"translation": [0, -3.5, 0]
		}
	},
	"groups": [
		{
			"name": "top_glass",
			"isOpen": true,
			"shade": true,
			"display": {
				"visibility": true,
				"autouv": true
			},
			"children": [0]
		}
	]
}