{"stats":{"minecraft:dropped":{"minecraft:iron_ingot":1,"minecraft:furnace":1,"minecraft:oak_log":1,"minecraft:crafting_table":1,"minecraft:golden_axe":1,"minecraft:oak_planks":1,"minecraft:potato":1},"minecraft:crafted":{"minecraft:structure_void":1},"minecraft:custom":{"minecraft:inspect_dropper":70,"minecraft:interact_with_crafting_table":3,"minecraft:play_one_minute":119789,"minecraft:leave_game":6,"minecraft:time_since_death":119789,"minecraft:time_since_rest":119789,"minecraft:sprint_one_cm":2746,"minecraft:open_enderchest":4,"minecraft:walk_one_cm":369564,"minecraft:drop":7,"minecraft:damage_dealt":213,"minecraft:swim_one_cm":3193,"minecraft:fly_one_cm":956159,"minecraft:open_chest":12,"minecraft:crouch_one_cm":7452,"minecraft:sneak_time":2315,"minecraft:walk_under_water_one_cm":46455,"minecraft:jump":644,"minecraft:walk_on_water_one_cm":1629},"minecraft:picked_up":{"minecraft:crafting_table":1,"minecraft:oak_log":1,"minecraft:heavy_weighted_pressure_plate":2,"minecraft:item_frame":1,"minecraft:sign":1,"minecraft:wheat_seeds":1,"minecraft:gold_nugget":3,"minecraft:heart_of_the_sea":1,"minecraft:iron_ingot":16,"minecraft:iron_nugget":8,"minecraft:oak_planks":1,"minecraft:furnace":1,"minecraft:oak_slab":1,"minecraft:golden_axe":1,"minecraft:stone_button":1,"minecraft:prismarine_crystals":4,"minecraft:stone_pressure_plate":1,"minecraft:tnt":6,"minecraft:cooked_cod":4,"minecraft:diamond":1,"minecraft:emerald":9,"minecraft:baked_potato":1},"minecraft:used":{"minecraft:purpur_block":20,"minecraft:writable_book":10,"minecraft:end_stone_bricks":28,"minecraft:sandstone_stairs":54,"minecraft:spruce_door":4,"minecraft:birch_planks":12,"minecraft:redstone":35,"minecraft:polished_andesite":260,"minecraft:prismarine":63,"minecraft:carrot_on_a_stick":1,"minecraft:red_nether_bricks":1,"minecraft:oak_planks":267,"minecraft:sandstone":2,"minecraft:ender_chest":1,"minecraft:structure_void":8,"minecraft:quartz_stairs":1,"minecraft:purpur_pillar":9,"minecraft:structure_block":36,"minecraft:torch":2,"minecraft:sand":15,"minecraft:comparator":4,"minecraft:oak_slab":1,"minecraft:crafting_table":4,"minecraft:dark_prismarine_slab":16,"minecraft:prismarine_brick_stairs":14,"minecraft:painting":1,"minecraft:nether_brick_stairs":47,"minecraft:polished_diorite":56,"minecraft:dark_oak_door":2,"minecraft:bat_spawn_egg":9,"minecraft:obsidian":47,"minecraft:red_sandstone_stairs":5,"minecraft:creeper_spawn_egg":4,"minecraft:redstone_torch":7,"minecraft:oak_log":4,"minecraft:sea_lantern":9,"minecraft:bricks":127,"minecraft:chiseled_sandstone":2,"minecraft:command_block":120,"minecraft:heavy_weighted_pressure_plate":50,"minecraft:barrier":333,"minecraft:stone_button":16,"minecraft:sign":45,"minecraft:iron_door":1,"minecraft:stone_brick_stairs":4,"minecraft:item_frame":93,"minecraft:fishing_rod":4,"minecraft:glowstone":6,"minecraft:repeater":18,"minecraft:magma_block":44,"minecraft:written_book":9,"minecraft:chain_command_block":12,"minecraft:stone_pressure_plate":7,"minecraft:smooth_stone":5,"minecraft:dark_prismarine_stairs":16,"minecraft:birch_stairs":20}},"DataVersion":1628}