{
	"pools": [
		{
			"rolls": 1,
			"entries": [
				{
					"type": "item",
					"name": "minecraft:bat_spawn_egg",
					"functions": [
						{
							"function": "set_nbt",
							"tag": "{id:\"rf:air_conditioning\",CustomModelData:15470037,EntityTag:{CustomName:\"{\\\"text\\\":\\\"Acd\\\"}\",Silent:1b,DeathLootTable:empty,Tags:[\"Acd\"],ActiveEffects:[{Id:14,Amplifier:1,Duration:199999980,ShowParticles:0b}]},display:{Name:\"{\\\"translate\\\":\\\"item.rfcraft.air_conditioning\\\"}\"}}"
						}
					]
				}
			]
		}
	]
}