{
	"credit": "Made with Blockbench",
	"textures": {
		"0": "block/stone_slab_side",
		"1": "block/stone_slab_top",
		"2": "block/repeater",
		"1_1": "block/iron_block"
	},
	"elements": [
		{
			"from": [0, 0, 0],
			"to": [16, 6, 16],
			"faces": {
				"north": {"uv": [0, 10, 16, 16], "texture": "#0"},
				"east": {"uv": [0, 10, 16, 16], "texture": "#0"},
				"south": {"uv": [0, 10, 16, 16], "texture": "#0"},
				"west": {"uv": [0, 10, 16, 16], "texture": "#0"},
				"up": {"uv": [0, 0, 16, 16], "texture": "#2"},
				"down": {"uv": [0, 0, 16, 16], "texture": "#1"}
			}
		},
		{
			"from": [6, 6, 2],
			"to": [10, 15, 14],
			"faces": {
				"north": {"uv": [6, 4, 10, 13], "texture": "#1_1"},
				"east": {"uv": [2, 4, 14, 13], "texture": "#1_1"},
				"south": {"uv": [6, 4, 10, 13], "texture": "#1_1"},
				"west": {"uv": [2, 4, 14, 13], "texture": "#1_1"},
				"up": {"uv": [6, 2, 10, 14], "texture": "#1_1"},
				"down": {"uv": [0, 0, 4, 12], "texture": "#1_1"}
			}
		}
	],
	"display": {
		"head": {
			"scale": [2.285, 2.285, 2.285],
			"translation": [0, -14.7, 0]
		},
		"thirdperson_righthand": {
			"scale": [0.3, 0.3, 0.3],
			"rotation": [30, 45, 0]
		},
		"thirdperson_lefthand": {
			"scale": [0.3, 0.3, 0.3],
			"rotation": [30, 45, 0]
		},
		"firstperson_righthand": {
			"scale": [0.5, 0.5, 0.5],
			"rotation": [22, 30, 0]
		},
		"firstperson_lefthand": {
			"scale": [0.5, 0.5, 0.5],
			"rotation": [22, 30, 0]
		},
		"ground": {
			"scale": [0.4, 0.4, 0.4],
			"translation": [0, -1, 0]
		},
		"fixed": {
			"scale": [0.625, 0.625, 0.625],
			"rotation": [0, 0, 0],
			"translation": [0, -2, 0]
		},
		"gui": {
			"scale": [0.625, 0.625, 0.625],
			"rotation": [30, 135, 0],
			"translation": [0, 0, 0]
		}
	}
}