{
    "325": {
        "category": "player",
        "sounds": [
            {
                "name": "325",
                "stream": true
            }
        ]
    },
    "juicer": {
        "category": "player",
        "sounds": [
            {
                "name": "juicer",
                "stream": true
            }
        ]
    },
    "microwave_running": {
        "category": "player",
        "sounds": [
            {
                "name": "microwave_running",
                "stream": true
            }
        ]
    }
}