{
	"display": {
		"icon": {
			"item": "minecraft:golden_hoe",
			"nbt": "{id:\"minecraft:golden_hoe\",CustomModelData:15472012}"
		},
		"title":{
			"translate": "advancements.rfcraft.cgm.title"
		},
		"description": {
			"translate": "advancements.rfcraft.cgm.description"
		},
		"frame": "task",
        "show_toast": true,
        "announce_to_chat": true,
        "hidden": false
	},
	"parent": "rf:redstone/farm_machine",
	"criteria": {
		"crop_get_machine": {
			"trigger": "minecraft:inventory_changed",
			"conditions": {
				"items": [
					{
						"item" :"minecraft:bat_spawn_egg",
						"nbt" :"{id:\"rf:crop_get_machine\"}"
					}
				]
			}
		}
	}
}