{
	"credit": "Made with Blockbench",
	"textures": {
		"0": "block/oak_planks",
		"1": "block/bookshelf",
		"particle": "block/oak_planks"
	},
	"elements": [
		{
			"from": [0, 0, 0],
			"to": [16, 1, 16],
			"faces": {
				"north": {"uv": [0, 15, 16, 16], "texture": "#0"},
				"east": {"uv": [0, 15, 16, 16], "texture": "#0"},
				"south": {"uv": [0, 15, 16, 16], "texture": "#0"},
				"west": {"uv": [0, 15, 16, 16], "texture": "#0"},
				"up": {"uv": [0, 0, 16, 16], "texture": "#0"},
				"down": {"uv": [0, 0, 16, 16], "texture": "#0"}
			}
		},
		{
			"from": [1, 15, 0],
			"to": [15, 16, 15],
			"faces": {
				"north": {"uv": [0, 0, 14, 1], "texture": "#0"},
				"east": {"uv": [0, 0, 15, 1], "texture": "#0"},
				"south": {"uv": [0, 0, 14, 1], "texture": "#0"},
				"west": {"uv": [0, 0, 15, 1], "texture": "#0"},
				"up": {"uv": [1, 0, 15, 15], "texture": "#0"},
				"down": {"uv": [0, 0, 14, 15], "texture": "#0"}
			}
		},
		{
			"from": [1, 7.5, 0],
			"to": [15, 8.5, 15],
			"faces": {
				"north": {"uv": [1, 7.5, 15, 8.5], "texture": "#0"},
				"east": {"uv": [0, 0, 15, 1], "texture": "#0"},
				"south": {"uv": [0, 0, 14, 1], "texture": "#0"},
				"west": {"uv": [0, 0, 15, 1], "texture": "#0"},
				"up": {"uv": [1, 0, 15, 15], "texture": "#0"},
				"down": {"uv": [0, 0, 14, 15], "texture": "#0"}
			}
		},
		{
			"from": [0, 1, 0],
			"to": [1, 16, 15],
			"faces": {
				"north": {"uv": [0, 0, 1, 15], "texture": "#0"},
				"east": {"uv": [0, 0, 15, 15], "texture": "#0"},
				"south": {"uv": [0, 0, 1, 15], "texture": "#0"},
				"west": {"uv": [0, 0, 15, 15], "texture": "#0"},
				"up": {"uv": [15, 0, 16, 15], "texture": "#0"},
				"down": {"uv": [0, 0, 1, 15], "texture": "#0"}
			}
		},
		{
			"from": [15, 1, 0],
			"to": [16, 16, 15],
			"faces": {
				"north": {"uv": [0, 0, 1, 15], "texture": "#0"},
				"east": {"uv": [1, 0, 16, 15], "texture": "#0"},
				"south": {"uv": [0, 0, 1, 15], "texture": "#0"},
				"west": {"uv": [0, 0, 15, 15], "texture": "#0"},
				"up": {"uv": [0, 0, 1, 15], "texture": "#0"},
				"down": {"uv": [0, 0, 1, 15], "texture": "#0"}
			}
		},
		{
			"from": [0, 1, 15],
			"to": [16, 16, 16],
			"faces": {
				"north": {"uv": [0, 0, 16, 15], "texture": "#0"},
				"east": {"uv": [0, 0, 1, 15], "texture": "#0"},
				"south": {"uv": [0, 0, 16, 15], "texture": "#0"},
				"west": {"uv": [15, 0, 16, 15], "texture": "#0"},
				"up": {"uv": [0, 15, 16, 16], "texture": "#0"},
				"down": {"uv": [0, 0, 16, 1], "texture": "#0"}
			}
		},
		{
			"from": [13, 1, 2],
			"to": [15, 7, 2.5],
			"faces": {
				"north": {"uv": [4, 10, 6, 15], "texture": "#1"},
				"east": {"uv": [0, 0, 0.5, 6], "texture": "#1"},
				"south": {"uv": [0, 0, 2, 6], "texture": "#1"},
				"west": {"uv": [5, 10, 5.5, 15], "texture": "#1"},
				"up": {"uv": [4, 10, 6, 10.5], "texture": "#1"},
				"down": {"uv": [0, 0, 2, 0.5], "texture": "#1"}
			}
		},
		{
			"from": [13, 6.75, 2.5],
			"to": [15, 6.85, 15],
			"faces": {
				"north": {"uv": [0, 0, 2, 0], "texture": "#1"},
				"east": {"uv": [0, 0, 12.5, 0], "texture": "#1"},
				"south": {"uv": [0, 0, 2, 0], "texture": "#1"},
				"up": {"uv": [1, 3, 2, 4], "texture": "#1"},
				"down": {"uv": [1, 3, 2, 4], "texture": "#1"}
			}
		},
		{
			"from": [13, 1, 2.5],
			"to": [13, 7, 15],
			"faces": {
				"north": {"uv": [0, 0, 0, 6], "texture": "#1"},
				"east": {"uv": [5, 10, 6, 15], "texture": "#1"},
				"south": {"uv": [0, 0, 0, 6], "texture": "#1"},
				"west": {"uv": [5, 10, 6, 15], "texture": "#1"},
				"up": {"uv": [0, 0, 0, 12.5], "texture": "#1"},
				"down": {"uv": [0, 0, 0, 12.5], "texture": "#1"}
			}
		},
		{
			"from": [11, 1, 3.5],
			"to": [13, 6, 4],
			"faces": {
				"north": {"uv": [9, 10, 11, 15], "texture": "#1"},
				"east": {"uv": [9, 10, 9.5, 15], "texture": "#1"},
				"south": {"uv": [9, 10, 11, 15], "texture": "#1"},
				"west": {"uv": [10, 10, 10.5, 15], "texture": "#1"},
				"up": {"uv": [9, 10, 11, 10.5], "texture": "#1"},
				"down": {"uv": [9, 13, 11, 13.5], "texture": "#1"}
			}
		},
		{
			"from": [11, 5.25, 4],
			"to": [13, 5.75, 15],
			"faces": {
				"north": {"uv": [0, 0, 2, 0], "texture": "#1"},
				"east": {"uv": [0, 0, 11, 0], "texture": "#1"},
				"south": {"uv": [0, 0, 2, 0], "texture": "#1"},
				"up": {"uv": [1, 3, 2, 4], "texture": "#1"},
				"down": {"uv": [1, 3, 2, 4], "texture": "#1"}
			}
		},
		{
			"from": [11, 1, 4],
			"to": [11, 6, 15],
			"faces": {
				"north": {"uv": [0, 0, 0, 5], "texture": "#1"},
				"east": {"uv": [10, 10, 11, 15], "texture": "#1"},
				"south": {"uv": [0, 0, 0, 5], "texture": "#1"},
				"west": {"uv": [10, 10, 11, 15], "texture": "#1"},
				"up": {"uv": [0, 0, 0, 11], "texture": "#1"},
				"down": {"uv": [0, 0, 0, 11], "texture": "#1"}
			}
		},
		{
			"from": [7.6, 1, 5.5],
			"to": [9.6, 5, 6],
			"rotation": {"angle": 45, "axis": "z", "origin": [8.6, 3.5, 5.75]},
			"faces": {
				"north": {"uv": [11, 3, 13, 7], "texture": "#1"},
				"east": {"uv": [11, 3, 11.5, 7], "texture": "#1"},
				"south": {"uv": [11, 3, 13, 7], "texture": "#1"},
				"west": {"uv": [12, 3, 12.5, 7], "texture": "#1"},
				"up": {"uv": [11, 4, 13, 4.5], "texture": "#1"},
				"down": {"uv": [11, 3, 13, 3.5], "texture": "#1"}
			}
		},
		{
			"from": [4, 1, 4.5],
			"to": [6.8, 5, 5],
			"faces": {
				"north": {"uv": [1, 11, 4, 15], "texture": "#1"},
				"east": {"uv": [1, 11, 1.5, 15], "texture": "#1"},
				"south": {"uv": [1, 11, 4, 15], "texture": "#1"},
				"west": {"uv": [3, 11, 3.5, 15], "texture": "#1"},
				"up": {"uv": [1, 11, 4, 11.5], "texture": "#1"},
				"down": {"uv": [1, 12, 4, 12.5], "texture": "#1"}
			}
		},
		{
			"from": [9.5, 1, 6],
			"to": [9.5, 5, 15],
			"rotation": {"angle": 45, "axis": "z", "origin": [9.6, 1.25, 9.5]},
			"faces": {
				"north": {"uv": [0, 0, 0, 4], "texture": "#1"},
				"east": {"uv": [12, 3, 13, 7], "texture": "#1"},
				"south": {"uv": [0, 0, 0, 4], "texture": "#1"},
				"west": {"uv": [12, 3, 13, 7], "texture": "#1"},
				"up": {"uv": [0, 0, 0, 9], "texture": "#1"},
				"down": {"uv": [0, 0, 0, 9], "texture": "#1"}
			}
		},
		{
			"from": [10.4, 2.4, 6],
			"to": [10.9, 6.4, 15],
			"rotation": {"angle": 45, "axis": "z", "origin": [11, 2.65, 9.5]},
			"faces": {
				"north": {"uv": [0, 0, 0, 4], "texture": "#1"},
				"east": {"uv": [11, 3, 12, 7], "texture": "#1"},
				"south": {"uv": [0, 0, 0, 4], "texture": "#1"},
				"west": {"uv": [11, 3, 12, 7], "texture": "#1"},
				"down": {"uv": [0, 0, 0, 9], "texture": "#1"}
			}
		},
		{
			"from": [6.6, 4, 6],
			"to": [8.6, 4.5, 15],
			"rotation": {"angle": 45, "axis": "z", "origin": [7.6, 4.5, 10.5]},
			"faces": {
				"north": {"uv": [0, 0, 2, 0], "texture": "#1"},
				"south": {"uv": [0, 0, 2, 0], "texture": "#1"},
				"up": {"uv": [1, 3, 2, 4], "texture": "#1"},
				"down": {"uv": [1, 3, 2, 4], "texture": "#1"}
			}
		},
		{
			"from": [6.8, 1, 5],
			"to": [6.8, 5, 15],
			"faces": {
				"north": {"uv": [0, 0, 0, 4], "texture": "#1"},
				"east": {"uv": [1, 11, 2, 15], "texture": "#1"},
				"south": {"uv": [0, 0, 0, 4], "texture": "#1"},
				"west": {"uv": [1, 11, 2, 15], "texture": "#1"},
				"up": {"uv": [0, 0, 0, 10], "texture": "#1"},
				"down": {"uv": [0, 0, 0, 10], "texture": "#1"}
			}
		},
		{
			"from": [4, 4.25, 5],
			"to": [6.8, 4.75, 15],
			"faces": {
				"north": {"uv": [0, 0, 2.8, 0], "texture": "#1"},
				"south": {"uv": [0, 0, 2.8, 0], "texture": "#1"},
				"west": {"uv": [0, 0, 10, 0], "texture": "#1"},
				"up": {"uv": [1, 3, 2, 4], "texture": "#1"},
				"down": {"uv": [1, 3, 2, 4], "texture": "#1"}
			}
		},
		{
			"from": [9.11, 2, 6],
			"to": [11.1, 2, 15],
			"rotation": {"angle": 45, "axis": "z", "origin": [10.1, 2, 10.5]},
			"faces": {
				"north": {"uv": [0, 0, 1.99, 0], "texture": "#1"},
				"east": {"uv": [0, 0, 9, 0], "texture": "#1"},
				"south": {"uv": [0, 0, 1.99, 0], "texture": "#1"},
				"west": {"uv": [0, 0, 9, 0], "texture": "#1"},
				"up": {"uv": [1, 3, 2, 4], "texture": "#1"},
				"down": {"uv": [1, 3, 2, 4], "texture": "#1"}
			}
		},
		{
			"from": [2, 1, 1],
			"to": [4, 7.5, 1.5],
			"faces": {
				"north": {"uv": [12, 9, 14, 15], "texture": "#1"},
				"east": {"uv": [12, 9, 12.5, 15], "texture": "#1"},
				"south": {"uv": [12, 9, 14, 15], "texture": "#1"},
				"west": {"uv": [13, 9, 13.5, 15], "texture": "#1"},
				"up": {"uv": [4, 10, 6, 10.5], "texture": "#1"},
				"down": {"uv": [0, 0, 2, 0.5], "texture": "#1"}
			}
		},
		{
			"from": [3.5, 1, 1.5],
			"to": [4, 7.5, 15],
			"faces": {
				"north": {"uv": [0, 0, 0.5, 6.5], "texture": "#1"},
				"east": {"uv": [12, 9, 13, 15], "texture": "#1"},
				"south": {"uv": [12, 9, 12.5, 15], "texture": "#1"},
				"west": {"uv": [12, 9, 13, 15], "texture": "#1"},
				"up": {"uv": [0, 0, 0.5, 13.5], "texture": "#1"},
				"down": {"uv": [0, 0, 0.5, 13.5], "texture": "#1"}
			}
		},
		{
			"from": [2, 1, 1.5],
			"to": [2.5, 7.5, 15],
			"faces": {
				"north": {"uv": [0, 0, 0.5, 6.5], "texture": "#1"},
				"east": {"uv": [13, 9, 14, 15], "texture": "#1"},
				"south": {"uv": [13, 9, 13.5, 15], "texture": "#1"},
				"west": {"uv": [13, 9, 14, 15], "texture": "#1"},
				"up": {"uv": [0, 0, 0.5, 13.5], "texture": "#1"},
				"down": {"uv": [0, 0, 0.5, 13.5], "texture": "#1"}
			}
		},
		{
			"from": [1, 1, 3],
			"to": [2, 6, 3.5],
			"faces": {
				"north": {"uv": [14, 11, 15, 15], "texture": "#1"},
				"east": {"uv": [0, 0, 0.5, 5], "texture": "#1"},
				"south": {"uv": [14, 11, 15, 15], "texture": "#1"},
				"west": {"uv": [0, 0, 0.5, 5], "texture": "#1"},
				"up": {"uv": [14, 12, 15, 12.5], "texture": "#1"},
				"down": {"uv": [0, 0, 1, 0.5], "texture": "#1"}
			}
		},
		{
			"from": [1, 5.25, 3.5],
			"to": [2, 5.75, 15],
			"faces": {
				"north": {"uv": [0, 0, 1, 0.5], "texture": "#1"},
				"east": {"uv": [0, 0, 11.5, 0.5], "texture": "#1"},
				"south": {"uv": [0, 0, 1, 0.5], "texture": "#1"},
				"west": {"uv": [0, 0, 11.5, 0.5], "texture": "#1"},
				"up": {"uv": [1, 3, 2, 4], "texture": "#1"},
				"down": {"uv": [1, 3, 2, 4], "texture": "#1"}
			}
		}
	],
	"display": {
		"head": {
			"scale": [2.285, 2.285, 2.285],
			"translation": [0, -14.7, 0]
		},
		"thirdperson_righthand": {
			"scale": [0.25, 0.25, 0.25],
			"rotation": [0, 120, 0]
		},
		"gui": {
			"scale": [0.625, 0.625, 0.625],
			"rotation": [30, 135, 0]
		},
		"fixed": {
			"scale": [0.625, 0.625, 0.625]
		},
		"ground": {
			"scale": [0.5, 0.5, 0.5],
			"translation": [0, -1, 0]
		},
		"firstperson_lefthand": {
			"scale": [0.6, 0.6, 0.6],
			"rotation": [0, 120, 0],
			"translation": [0, 2.5, 0]
		},
		"firstperson_righthand": {
			"scale": [0.6, 0.6, 0.6],
			"rotation": [0, 120, 0],
			"translation": [0, 2.5, 0]
		},
		"thirdperson_lefthand": {
			"scale": [0.25, 0.25, 0.25],
			"rotation": [0, 120, 0]
		}
	}
}