{
	"credit": "Made with Blockbench",
	"textures": {
		"0": "block/stone_slab_top",
		"1": "block/stone_slab_top",
		"2_1": "block/stone_slab_top",
		"3_0": "block/glass",
		"particle": "block/glass"
	},
	"elements": [
		{
			"from": [-1, 15, -1],
			"to": [0, 16, 0],
			"rotation": {"angle": 0, "axis": "y", "origin": [7.5, 15.5, -0.5]},
			"faces": {
				"north": {"uv": [0, 0, 1, 1], "texture": "#2_1"},
				"east": {"uv": [0, 0, 1, 1], "texture": "#2_1"},
				"south": {"uv": [0, 0, 1, 1], "texture": "#2_1"},
				"west": {"uv": [0, 0, 1, 1], "texture": "#2_1"},
				"up": {"uv": [0, 0, 1, 1], "texture": "#2_1", "rotation": 180},
				"down": {"uv": [0, 0, 1, 1], "texture": "#2_1", "rotation": 180}
			}
		},
		{
			"from": [0, 15, -1],
			"to": [16, 16, 0],
			"rotation": {"angle": 0, "axis": "y", "origin": [8.5, 15.5, -0.5]},
			"faces": {
				"north": {"uv": [0, 0, 16, 1], "texture": "#1"},
				"east": {"uv": [0, 0, 1, 1], "texture": "#1"},
				"south": {"uv": [0, 0, 16, 1], "texture": "#1"},
				"west": {"uv": [0, 0, 1, 1], "texture": "#1"},
				"up": {"uv": [0, 0, 16, 1], "texture": "#1", "rotation": 180},
				"down": {"uv": [0, 0, 16, 1], "texture": "#1", "rotation": 180}
			}
		},
		{
			"from": [0, 0, 0],
			"to": [1.5, 15, 1.5],
			"faces": {
				"north": {"uv": [0, 1, 1.5, 16], "texture": "#0"},
				"east": {"uv": [0, 1, 1.5, 16], "texture": "#0"},
				"south": {"uv": [0, 1, 1.5, 16], "texture": "#0"},
				"west": {"uv": [0, 1, 1.5, 16], "texture": "#0"},
				"up": {"uv": [0, 0, 1.5, 1.5], "texture": "#0"},
				"down": {"uv": [0, 0, 1.5, 1.5], "texture": "#0"}
			}
		},
		{
			"from": [16, 15, 16],
			"to": [17, 16, 17],
			"rotation": {"angle": 0, "axis": "y", "origin": [8.5, 15.5, 16.5]},
			"faces": {
				"north": {"uv": [0, 0, 1, 1], "texture": "#2_1"},
				"east": {"uv": [0, 0, 1, 1], "texture": "#2_1"},
				"south": {"uv": [0, 0, 1, 1], "texture": "#2_1"},
				"west": {"uv": [0, 0, 1, 1], "texture": "#2_1"},
				"up": {"uv": [0, 0, 1, 1], "texture": "#2_1"},
				"down": {"uv": [0, 0, 1, 1], "texture": "#2_1"}
			}
		},
		{
			"from": [0, 15, 16],
			"to": [16, 16, 17],
			"rotation": {"angle": 0, "axis": "y", "origin": [7.5, 15.5, 16.5]},
			"faces": {
				"north": {"uv": [0, 0, 16, 1], "texture": "#1"},
				"east": {"uv": [0, 0, 1, 1], "texture": "#1"},
				"south": {"uv": [0, 0, 16, 1], "texture": "#1"},
				"west": {"uv": [0, 0, 1, 1], "texture": "#1"},
				"up": {"uv": [0, 0, 16, 1], "texture": "#1"},
				"down": {"uv": [0, 0, 16, 1], "texture": "#1"}
			}
		},
		{
			"from": [14.5, 0, 14.5],
			"to": [16, 15, 16],
			"rotation": {"angle": 0, "axis": "y", "origin": [15.25, 7.5, 15.25]},
			"faces": {
				"north": {"uv": [0, 1, 1.5, 16], "texture": "#0"},
				"east": {"uv": [0, 1, 1.5, 16], "texture": "#0"},
				"south": {"uv": [0, 1, 1.5, 16], "texture": "#0"},
				"west": {"uv": [0, 1, 1.5, 16], "texture": "#0"},
				"up": {"uv": [0, 0, 1.5, 1.5], "texture": "#0", "rotation": 180},
				"down": {"uv": [0, 0, 1.5, 1.5], "texture": "#0", "rotation": 180}
			}
		},
		{
			"from": [-1, 15, 16],
			"to": [0, 16, 17],
			"rotation": {"angle": 0, "axis": "y", "origin": [-0.5, 15.5, 8.5]},
			"faces": {
				"north": {"uv": [0, 0, 1, 1], "texture": "#2_1"},
				"east": {"uv": [0, 0, 1, 1], "texture": "#2_1"},
				"south": {"uv": [0, 0, 1, 1], "texture": "#2_1"},
				"west": {"uv": [0, 0, 1, 1], "texture": "#2_1"},
				"up": {"uv": [0, 0, 1, 1], "texture": "#2_1", "rotation": 90},
				"down": {"uv": [0, 0, 1, 1], "texture": "#2_1", "rotation": 270}
			}
		},
		{
			"from": [-1, 15, 0],
			"to": [0, 16, 16],
			"rotation": {"angle": 0, "axis": "y", "origin": [-0.5, 15.5, 7.5]},
			"faces": {
				"north": {"uv": [0, 0, 1, 1], "texture": "#1"},
				"east": {"uv": [0, 0, 16, 1], "texture": "#1"},
				"south": {"uv": [0, 0, 1, 1], "texture": "#1"},
				"west": {"uv": [0, 0, 16, 1], "texture": "#1"},
				"up": {"uv": [0, 0, 16, 1], "texture": "#1", "rotation": 90},
				"down": {"uv": [0, 0, 16, 1], "texture": "#1", "rotation": 270}
			}
		},
		{
			"from": [0, 0, 14.5],
			"to": [1.5, 15, 16],
			"rotation": {"angle": 0, "axis": "y", "origin": [0.75, 7.5, 15.25]},
			"faces": {
				"north": {"uv": [0, 1, 1.5, 16], "texture": "#0"},
				"east": {"uv": [0, 1, 1.5, 16], "texture": "#0"},
				"south": {"uv": [0, 1, 1.5, 16], "texture": "#0"},
				"west": {"uv": [0, 1, 1.5, 16], "texture": "#0"},
				"up": {"uv": [0, 0, 1.5, 1.5], "texture": "#0", "rotation": 270},
				"down": {"uv": [0, 0, 1.5, 1.5], "texture": "#0", "rotation": 90}
			}
		},
		{
			"from": [16, 15, -1],
			"to": [17, 16, 0],
			"rotation": {"angle": 0, "axis": "y", "origin": [16.5, 15.5, 7.5]},
			"faces": {
				"north": {"uv": [0, 0, 1, 1], "texture": "#2_1"},
				"east": {"uv": [0, 0, 1, 1], "texture": "#2_1"},
				"south": {"uv": [0, 0, 1, 1], "texture": "#2_1"},
				"west": {"uv": [0, 0, 1, 1], "texture": "#2_1"},
				"up": {"uv": [0, 0, 1, 1], "texture": "#2_1", "rotation": 270},
				"down": {"uv": [0, 0, 1, 1], "texture": "#2_1", "rotation": 90}
			}
		},
		{
			"from": [16, 15, 0],
			"to": [17, 16, 16],
			"rotation": {"angle": 0, "axis": "y", "origin": [16.5, 15.5, 8.5]},
			"faces": {
				"north": {"uv": [0, 0, 1, 1], "texture": "#1"},
				"east": {"uv": [0, 0, 16, 1], "texture": "#1"},
				"south": {"uv": [0, 0, 1, 1], "texture": "#1"},
				"west": {"uv": [0, 0, 16, 1], "texture": "#1"},
				"up": {"uv": [0, 0, 16, 1], "texture": "#1", "rotation": 270},
				"down": {"uv": [0, 0, 16, 1], "texture": "#1", "rotation": 90}
			}
		},
		{
			"from": [14.5, 0, 0],
			"to": [16, 15, 1.5],
			"rotation": {"angle": 0, "axis": "y", "origin": [15.25, 7.5, 0.75]},
			"faces": {
				"north": {"uv": [0, 1, 1.5, 16], "texture": "#0"},
				"east": {"uv": [0, 1, 1.5, 16], "texture": "#0"},
				"south": {"uv": [0, 1, 1.5, 16], "texture": "#0"},
				"west": {"uv": [0, 1, 1.5, 16], "texture": "#0"},
				"up": {"uv": [0, 0, 1.5, 1.5], "texture": "#0", "rotation": 90},
				"down": {"uv": [0, 0, 1.5, 1.5], "texture": "#0", "rotation": 270}
			}
		},
		{
			"from": [0, 15, 0],
			"to": [16, 16, 16],
			"faces": {
				"north": {"uv": [0, 0, 16, 1], "texture": "#3_0"},
				"east": {"uv": [0, 15, 16, 16], "texture": "#3_0"},
				"south": {"uv": [0, 0, 16, 1], "texture": "#3_0"},
				"west": {"uv": [0, 15, 16, 16], "texture": "#3_0"},
				"up": {"uv": [0, 0, 16, 16], "texture": "#3_0"},
				"down": {"uv": [0, 16, 16, 0], "texture": "#3_0"}
			}
		}
	],
	"display": {
		"thirdperson_righthand": {
			"scale": [0.5, 0.5, 0.5],
			"rotation": [0, 0, 90],
			"translation": [3.5, 0, 0]
		},
		"thirdperson_lefthand": {
			"scale": [0.5, 0.5, 0.5],
			"translation": [3.5, 0, 0],
			"rotation": [0, 0, 90]
		},
		"firstperson_righthand": {
			"rotation": [0, 0, 90],
			"translation": [7.5, 1.5, -0.5]
		},
		"firstperson_lefthand": {
			"rotation": [0, 0, 90],
			"translation": [7.5, 1.5, -0.5]
		},
		"head": {
			"scale": [2.285, 2.285, 2.285],
			"translation": [0, -14.7, 0]
		},
		"ground": {
			"translation": [0, -10.5, 0]
		},
		"fixed": {
			"rotation": [-90, 0, 0],
			"translation": [0, 0, 7]
		},
		"gui": {
			"scale": [0.5, 0.5, 0.5],
			"rotation": [30, 45, 0],
			"translation": [0, 0, 0]
		}
	},
	"groups": [
		{
			"name": "bottom_glass",
			"isOpen": true,
			"shade": true,
			"display": {
				"visibility": true,
				"autouv": true
			},
			"children": [0, 1, 2, 3, 4, 5, 6, 7, 8, 9, 10, 11]
		},
		{
			"name": "top_glass",
			"isOpen": false,
			"shade": true,
			"display": {
				"visibility": true,
				"autouv": true
			},
			"children": [
				{
					"name": "top_glass",
					"isOpen": true,
					"shade": true,
					"display": {
						"visibility": true,
						"autouv": true
					},
					"children": [12]
				}
			]
		}
	]
}