{
	"credit": "Made with Blockbench",
	"textures": {
		"1_0": "block/iron_block",
		"particle": "block/iron_block",
		"1_1": "block/sandstone_top",
		"1_2": "block/gray_concrete",
		"1_1_2": "block/stone"
	},
	"elements": [
		{
			"from": [0, 0, -0.1],
			"to": [16, 21, 16],
			"faces": {
				"north": {"uv": [15, 0, 1, 16], "texture": "#1_0"},
				"east": {"uv": [15, 0, 1, 16], "texture": "#1_0"},
				"south": {"uv": [15, 0, 1, 16], "texture": "#1_0"},
				"west": {"uv": [15, 0, 1, 16], "texture": "#1_0"},
				"up": {"uv": [16, 0, 0, 16], "texture": "#1_0"},
				"down": {"uv": [16, 0, 0, 16], "texture": "#1_0"}
			}
		},
		{
			"from": [0, 21, 0],
			"to": [16, 21.5, 16],
			"faces": {
				"north": {"uv": [16, 0, 0, 0.5], "texture": "#1_1"},
				"east": {"uv": [16, 0, 0, 0.5], "texture": "#1_1"},
				"south": {"uv": [16, 0, 0, 0.5], "texture": "#1_1"},
				"west": {"uv": [16, 0, 0, 0.5], "texture": "#1_1"},
				"up": {"uv": [16, 0, 0, 16], "texture": "#1_1"},
				"down": {"uv": [16, 0, 0, 16], "texture": "#1_1"}
			}
		},
		{
			"from": [4, 0, 16],
			"to": [16, 16, 16.5],
			"faces": {
				"north": {"uv": [12, 0, 0, 16], "texture": "#1_1_2"},
				"east": {"uv": [0.5, 0, 0, 16], "texture": "#1_1_2"},
				"south": {"uv": [14, 0, 2, 16], "texture": "#1_1_2"},
				"west": {"uv": [0.5, 0, 0, 16], "texture": "#1_1_2"},
				"up": {"uv": [12, 0, 0, 0.5], "texture": "#1_1_2"},
				"down": {"uv": [12, 0, 0, 0.5], "texture": "#1_1_2"}
			}
		},
		{
			"from": [0, 0, -0.5],
			"to": [15.5, 20.5, 0],
			"faces": {
				"north": {"uv": [15, 0.5, 1, 16], "texture": "#1_0"},
				"east": {"uv": [1.5, 0.5, 1, 16], "texture": "#1_0"},
				"south": {"uv": [15.5, 0, 0, 16], "texture": "#1_0"},
				"west": {"uv": [0.5, 0.5, 0, 16], "texture": "#1_0"},
				"up": {"uv": [15.5, 0, 0, 0.5], "texture": "#1_0"},
				"down": {"uv": [15.5, 0, 0, 0.5], "texture": "#1_0"}
			}
		},
		{
			"from": [13, 3.5, -2.5],
			"to": [14, 4.5, -0.5],
			"faces": {
				"north": {"uv": [1, 0, 0, 1], "texture": "#1_2"},
				"east": {"uv": [2, 0, 0, 1], "texture": "#1_2"},
				"south": {"uv": [1, 0, 0, 1], "texture": "#1_2"},
				"west": {"uv": [2, 0, 0, 1], "texture": "#1_2"},
				"up": {"uv": [1, 0, 0, 2], "texture": "#1_2"},
				"down": {"uv": [1, 0, 0, 2], "texture": "#1_2"}
			}
		},
		{
			"from": [13, 16.5, -2.5],
			"to": [14, 17.5, -0.5],
			"faces": {
				"north": {"uv": [1, 0, 0, 1], "texture": "#1_2"},
				"east": {"uv": [2, 0, 0, 1], "texture": "#1_2"},
				"south": {"uv": [1, 0, 0, 1], "texture": "#1_2"},
				"west": {"uv": [2, 0, 0, 1], "texture": "#1_2"},
				"up": {"uv": [1, 0, 0, 2], "texture": "#1_2"},
				"down": {"uv": [1, 0, 0, 2], "texture": "#1_2"}
			}
		},
		{
			"from": [13, 4.5, -2.5],
			"to": [14, 16.5, -1.5],
			"faces": {
				"north": {"uv": [1, 0, 0, 12], "texture": "#1_2"},
				"east": {"uv": [1, 0, 0, 12], "texture": "#1_2"},
				"south": {"uv": [1, 0, 0, 12], "texture": "#1_2"},
				"west": {"uv": [1, 0, 0, 12], "texture": "#1_2"},
				"up": {"uv": [1, 0, 0, 1], "texture": "#1_2"},
				"down": {"uv": [1, 0, 0, 1], "texture": "#1_2"}
			}
		}
	],
	"display": {
		"gui": {
			"rotation": [30, 135, 0],
			"translation": [0, -3, 0],
			"scale": [0.4, 0.4, 0.4]
		},
		"ground": {
			"rotation": [0, 0, 0],
			"translation": [0, 3, 0]
		},
		"fixed": {
			"rotation": [0, 0, 0],
			"translation": [0, -4, 0],
			"scale": [0.5, 0.5, 0.5]
		},
		"thirdperson_righthand": {
			"rotation": [75, 45, 0],
			"translation": [0, 2.5, 0],
			"scale": [0.375, 0.375, 0.375]
		},
		"firstperson_righthand": {
			"rotation": [0, 135, 0],
			"translation": [0, 0, 0],
			"scale": [0.4, 0.4, 0.4]
		},
		"firstperson_lefthand": {
			"rotation": [0, 135, 0],
			"translation": [0, 0, 0],
			"scale": [0.4, 0.4, 0.4]
		},
		"thirdperson_lefthand": {
			"scale": [0.375, 0.375, 0.375],
			"rotation": [75, 45, 0],
			"translation": [0, 2.5, 0]
		},
		"head": {
			"scale": [2.285, 2.285, 2.285],
			"translation": [0, -14.7, 0]
		}
	},
	"groups": [
		{
			"name": "group",
			"isOpen": false,
			"shade": true,
			"display": {
				"visibility": true,
				"autouv": true
			},
			"children": [0, 1, 2, 3, 4, 5, 6]
		}
	]
}