{
	"display": {
		"icon": {
			"item": "minecraft:apple",
			"nbt": "{CustomModelData:15471651}"
		},
		"title":{
			"translate": "advancements.rfcraft.cap.title"
		},
		"description": {
			"translate": "advancements.rfcraft.cap.description"
		},
		"frame": "task",
        "show_toast": true,
        "announce_to_chat": true,
        "hidden": false
	},
	  "rewards": {
    "experience": 10
  },
	"parent": "rf:redstone/microwave_oven",
	"criteria": {
		"cooked_apple": {
			"trigger": "minecraft:consume_item",
			"conditions": {
            "item": {
            "item": "minecraft:apple",
            "nbt" :"{id:\"rf:cooked_apple\"}"
        }
      }
    }
  },
  "requirements": [
    [
      "cooked_apple"
    ]
  ]
}