{
  "parent": "rf:redstone/compressor",
  "display": {
    "icon": {
      "item": "minecraft:white_dye",
      "nbt": "{CustomModelData:15471536}"
    },
    "title": {
      "translate": "advancements.rfcraft.riscp.title"
    },
    "description": {
      "translate": "advancements.rfcraft.riscp.description"
    },
    "frame": "goal",
    "show_toast": true,
    "announce_to_chat": true,
    "hidden": false
  },
  "rewards": {
    "experience": 50
  },
  "criteria": {
    "pc_silicon": {
      "trigger": "minecraft:inventory_changed",
      "conditions": {
        "items": [
        {
          "item": "minecraft:white_dye",
          "nbt" :"{id:\"rf:riscrystal_piece\"}"
        }
      ]
     }
    }
  }
}