{
	"pools": [
		{
			"rolls": 1,
			"entries": [
				{
					"type": "item",
					"name": "minecraft:bat_spawn_egg",
					"functions": [
						{
							"function": "set_nbt",
							"tag": "{id:\"rf:wooden_chair_oak\",CustomModelData:15470011,EntityTag:{CustomName:\"{\\\"text\\\":\\\"Chair\\\"}\",Silent:1b,DeathLootTable:empty,Tags:[\"Chair\"],ActiveEffects:[{Id:14,Amplifier:1,Duration:199999980,ShowParticles:0b}]},display:{Name:\"{\\\"translate\\\":\\\"item.rfcraft.wooden_chair_oak\\\"}\"}}"
						}
					]
				}
			]
		}
	]
}