{
	"pools": [
		{
			"rolls": 1,
			"entries": [
				{
					"type": "item",
					"name": "minecraft:bat_spawn_egg",
					"functions": [
						{
							"function": "set_nbt",
							"tag": "{id:\"rf:flat_door\",CustomModelData:15470038,EntityTag:{CustomName:\"{\\\"text\\\":\\\"Flatdoor\\\"}\",NoAI:1b,Silent:1b,DeathLootTable:empty,Tags:[\"Flatdoor\"],ActiveEffects:[{Id:14,Amplifier:1,Duration:199999980,ShowParticles:0b}]},display:{Name:\"{\\\"translate\\\":\\\"item.rfcraft.flat_door\\\"}\"}}"
						}
					]
				}
			]
		}
	]
}