{
	"pools": [
		{
			"rolls": 1,
			"entries": [
				{
					"type": "item",
					"name": "minecraft:bat_spawn_egg",
					"functions": [
						{
							"function": "set_nbt",
							"tag": "{id:\"rf:wooden_chair_birch\",CustomModelData:15470008,EntityTag:{CustomName:\"{\\\"text\\\":\\\"Chair_B\\\"}\",Silent:1b,DeathLootTable:empty,Tags:[\"Chair_B\"],ActiveEffects:[{Id:14,Amplifier:1,Duration:199999980,ShowParticles:0b}]},display:{Name:\"{\\\"translate\\\":\\\"item.rfcraft.wooden_chair_birch\\\"}\"}}"
						}
					]
				}
			]
		}
	]
}