{
	"display": {
		"icon": {
			"item": "minecraft:golden_hoe",
			"nbt": "{id:\"minecraft:golden_hoe\",CustomModelData:15472017}"
		},
		"title":{
			"translate": "advancements.rfcraft.gee.title"
		},
		"description": {
			"translate": "advancements.rfcraft.gee.description"
		},
		"frame": "task",
        "show_toast": true,
        "announce_to_chat": true,
        "hidden": false
	},
	"parent": "rf:redstone/machine_core",
	"criteria": {
		"generator_geo_energy": {
			"trigger": "minecraft:inventory_changed",
			"conditions": {
				"items": [
					{
						"item" :"minecraft:bat_spawn_egg",
						"nbt" :"{id:\"rf:generator_geo_energy\"}"
					}
				]
			}
		}
	}
}