{
   "providers": [
      {
         "type": "bitmap",
         "file": "minecraft:pic/1.png",
         "ascent": 10,
         "height": 12,
         "chars": ["\ue501"]
      },
      {
         "type": "bitmap",
         "file": "minecraft:pic/2.png",
         "ascent": 10,
         "height": 12,
         "chars": ["\ue502"]
      },
      {
         "type": "bitmap",
         "file": "minecraft:pic/3.png",
         "ascent": 10,
         "height": 12,
         "chars": ["\ue503"]
      },
      {
         "type": "bitmap",
         "file": "minecraft:pic/4.png",
         "ascent": 6,
         "height": 8,
         "chars": ["\ue504"]
      },
      {
         "type": "bitmap",
         "file": "minecraft:pic/5.png",
         "ascent": 6,
         "height": 8,
         "chars": ["\ue505"]
      },
      {
         "type": "bitmap",
         "file": "minecraft:pic/6.png",
         "ascent": 10,
         "height": 12,
         "chars": ["\ue506"]
      },
      {
         "type": "bitmap",
         "file": "minecraft:pic/7.png",
         "ascent": 72,
         "height": 72,
         "chars": ["\ue507"]
      },
      {
         "type": "bitmap",
         "file": "minecraft:pic/8.png",
         "ascent": 12,
         "height": 14,
         "chars": ["\ue508"]
      },
      {
         "type": "bitmap",
         "file": "minecraft:pic/9.png",
         "ascent": 12,
         "height": 14,
         "chars": ["\ue509"]
      },
      {
         "type": "bitmap",
         "file": "minecraft:pic/10.png",
         "ascent": 12,
         "height": 14,
         "chars": ["\ue510"]
      },
      {
         "type": "bitmap",
         "file": "minecraft:pic/11.png",
         "ascent": 10,
         "height": 12,
         "chars": ["\ue511"]
      },
      {
         "type": "bitmap",
         "file": "minecraft:pic/12.png",
         "ascent": 12,
         "height": 14,
         "chars": ["\ue512"]
      },
      {
         "type": "bitmap",
         "file": "minecraft:pic/13.png",
         "ascent": 6,
         "height": 8,
         "chars": ["\ue513"]
      }
         ]
}