﻿{
	"credit": "Made with Blockbench, a free, modern block model editor by JannisX11",
	"textures": {
		"0": "block/polished_granite",
		"1": "block/birch_log",
		"particle": "block/polished_granite"
	},
	"elements": [
		{
			"from": [6, 0, 6],
			"to": [10, 15, 10],
			"faces": {
				"north": {"uv": [0, 0, 13, 4], "texture": "#1", "rotation": 90},
				"east": {"uv": [0, 12, 13, 16], "texture": "#1", "rotation": 90},
				"south": {"uv": [0, 4, 13, 8], "texture": "#1", "rotation": 90},
				"west": {"uv": [0, 8, 13, 12], "texture": "#1", "rotation": 90},
				"up": {"uv": [0, 0, 4, 4], "texture": "#1", "rotation": 90},
				"down": {"uv": [0, 0, 4, 4], "texture": "#1", "rotation": 90}
			}
		},
		{
			"from": [0, 14.25, 0],
			"to": [16, 16.25, 16],
			"faces": {
				"north": {"uv": [0, 0, 16, 2], "texture": "#0"},
				"east": {"uv": [0, 0, 16, 2], "texture": "#0"},
				"south": {"uv": [0, 0, 16, 2], "texture": "#0"},
				"west": {"uv": [0, 0, 16, 2], "texture": "#0"},
				"up": {"uv": [0, 0, 16, 16], "texture": "#0"},
				"down": {"uv": [0, 0, 16, 16], "texture": "#0"}
			}
		}
	],
	"display": {
		"gui": {
			"rotation": [30, 135, 0],
			"scale": [0.5, 0.5, 0.5]
		},
		"ground": {
			"rotation": [0, 0, 0],
			"scale": [0.25, 0.25, 0.25]
		},
		"fixed": {
			"rotation": [0, 0, 0],
			"translation": [0, 0, 0],
			"scale": [0.5, 0.5, 0.5]
		},
		"thirdperson_righthand": {
			"rotation": [75, 45, 0],
			"translation": [0, 2.5, 0],
			"scale": [0.375, 0.375, 0.375]
		},
		"firstperson_righthand": {
			"rotation": [0, 135, 0],
			"translation": [0, 0, 0],
			"scale": [0.4, 0.4, 0.4]
		},
		"firstperson_lefthand": {
			"rotation": [0, 135, 0],
			"translation": [0, 0, 0],
			"scale": [0.4, 0.4, 0.4]
		},
		"thirdperson_lefthand": {
			"scale": [0.375, 0.375, 0.375],
			"rotation": [75, 45, 0],
			"translation": [0, 2.5, 0]
		},
		"head": {
			"scale": [2.275, 2.275, 2.275],
			"translation": [0, -14.7, 0]
		}
	}
}