{
  "parent": "rf:juicer",
  "display": {
    "icon": {
      "item": "minecraft:potion",
      "nbt" :"{id:\"rf:carrot_juice\",CustomPotionColor:16621107}"
    },
    "title": {
      "translate": "advancements.rfcraft.all_juice.title"
    },
    "description": {
      "translate": "advancements.rfcraft.all_juice.description"
    },
    "frame": "goal",
    "show_toast": true,
    "announce_to_chat": true,
    "hidden": false
  },
  "rewards": {
    "experience": 10
  },
  "criteria": {
    "apple_juice": {
      "trigger": "minecraft:inventory_changed",
      "conditions": {
        "items": [
          {
          "item": "minecraft:potion",
          "nbt" :"{CustomPotionEffects:[{Id:99b,Duration:1200}]}"
          }
        ]
      }
    },
    "carrot_juice": {
      "trigger": "minecraft:inventory_changed",
      "conditions": {
        "items": [
          {
          "item": "minecraft:potion",
          "nbt" :"{CustomPotionEffects:[{Id:99b,Duration:2400}]}"
         }
        ]
      }
    },
    "melon_juice": {
      "trigger": "minecraft:inventory_changed",
      "conditions": {
        "items": [
          {
          "item": "minecraft:potion",
          "nbt" :"{CustomPotionEffects:[{Id:99b,Duration:3600}]}"
         }
        ]
      }
    },
    "cocoa": {
      "trigger": "minecraft:inventory_changed",
      "conditions": {
        "items": [
          {
          "item": "minecraft:potion",
          "nbt" :"{CustomPotionEffects:[{Id:99b,Duration:4800}]}"
          }
        ]
      }
    },
    "chorus_juice": {
      "trigger": "minecraft:inventory_changed",
      "conditions": {
        "items": [
          {
          "item": "minecraft:potion",
          "nbt" :"{CustomPotionEffects:[{Id:99b,Duration:6000}]}"
          }
        ]
      }
    },
    "cane_juice": {
      "trigger": "minecraft:inventory_changed",
      "conditions": {
        "items": [
          {
          "item": "minecraft:potion",
          "nbt" :"{CustomPotionEffects:[{Id:99b,Duration:7200}]}"
          }
        ]
      }
    }
  }
}