{
	"display": {
		"icon": {
			"item": "minecraft:golden_shovel",
			"nbt": "{id:\"minecraft:golden_shovel\",Damage:12}"
		},
		"title":{
			"translate": "advancements.rfcraft.cps.title"
		},
		"description": {
			"translate": "advancements.rfcraft.cps.description"
		},
		"frame": "task",
        "show_toast": true,
        "announce_to_chat": true,
        "hidden": false
	},
	"parent": "rf:redstone/furnace_core",
	"criteria": {
		"compressor": {
			"trigger": "minecraft:inventory_changed",
			"conditions": {
				"items": [
					{
						"item" :"minecraft:bat_spawn_egg",
						"nbt" :"{id:\"rf:compressor\"}"
					}
				]
			}
		}
	}
}