{
	"credit": "Made with Blockbench",
	"textures": {
		"0": "item/wheat_seeds",
		"12": "block/observer_back",
		"13": "block/observer_top",
		"15": "block/piston_inner",
		"16": "block/furnace_side",
		"particle": "block/furnace_side"
	},
	"elements": [
		{
			"from": [0, 0, 0],
			"to": [16, 16, 16],
			"faces": {
				"north": {"uv": [0, 0, 16, 16], "texture": "#13"},
				"east": {"uv": [0, 0, 16, 16], "texture": "#16"},
				"south": {"uv": [0, 0, 16, 16], "texture": "#13"},
				"west": {"uv": [0, 0, 16, 16], "texture": "#16"},
				"up": {"uv": [0, 0, 16, 16], "texture": "#12"},
				"down": {"uv": [0, 0, 16, 16], "texture": "#15"}
			}
		},
		{
			"from": [1, 1, -0.1],
			"to": [15, 15, 0.4],
			"faces": {
				"north": {"uv": [0, 0, 16, 16], "texture": "#0"}
			}
		},
		{
			"from": [1, 1, 15.6],
			"to": [15, 15, 16.1],
			"rotation": {"angle": 0, "axis": "y", "origin": [8, 8, 15.85]},
			"faces": {
				"south": {"uv": [0, 0, 16, 16], "texture": "#0"}
			}
		}
	],
	"display": {
		"head": {
			"scale": [2.285, 2.285, 2.285],
			"translation": [0, -14.7, 0]
		},
		"thirdperson_righthand": {
			"scale": [0.3, 0.3, 0.3],
			"rotation": [30, 45, 0]
		},
		"thirdperson_lefthand": {
			"scale": [0.3, 0.3, 0.3],
			"rotation": [30, 45, 0]
		},
		"firstperson_righthand": {
			"scale": [0.5, 0.5, 0.5],
			"rotation": [22, 30, 0]
		},
		"firstperson_lefthand": {
			"scale": [0.5, 0.5, 0.5],
			"rotation": [22, 30, 0]
		},
		"ground": {
			"scale": [0.4, 0.4, 0.4],
			"translation": [0, -1, 0]
		},
		"fixed": {
			"scale": [0.625, 0.625, 0.625],
			"rotation": [0, 0, 0],
			"translation": [0, -2, 0]
		},
		"gui": {
			"scale": [0.625, 0.625, 0.625],
			"rotation": [30, 135, 0],
			"translation": [0, 0, 0]
		}
	}
}