{
	"credit": "Made with Blockbench",
	"textures": {
		"0": "block/anvil",
		"1": "rf:block/silicon_board",
		"2": "block/glass",
		"3": "block/stone_slab_side",
		"4": "block/stone_slab_top",
		"particle": "block/stone_slab_side"
	},
	"elements": [
		{
			"from": [0, 0, 0],
			"to": [16, 7, 16],
			"faces": {
				"north": {"uv": [0, 9, 16, 16], "texture": "#3"},
				"east": {"uv": [0, 9, 16, 16], "texture": "#3"},
				"south": {"uv": [0, 9, 16, 16], "texture": "#3"},
				"west": {"uv": [0, 9, 16, 16], "texture": "#3"},
				"up": {"uv": [0, 0, 16, 16], "texture": "#1"},
				"down": {"uv": [0, 0, 16, 16], "texture": "#4"}
			}
		},
		{
			"from": [0, 7, 0],
			"to": [16, 7.5, 16],
			"faces": {
				"north": {"uv": [0, 0, 16, 0.5], "texture": "#0"},
				"east": {"uv": [0, 0, 16, 0.5], "texture": "#0"},
				"south": {"uv": [0, 0, 16, 0.5], "texture": "#0"},
				"west": {"uv": [0, 0, 16, 0.5], "texture": "#0"},
				"up": {"uv": [0, 0, 16, 16], "texture": "#2"}
			}
		}
	],
	"display": {
		"head": {
			"scale": [2.287, 2.287, 2.287],
			"translation": [0, -14.7, 0]
		},
		"thirdperson_righthand": {
			"scale": [0.3, 0.3, 0.3],
			"rotation": [30, 45, 0]
		},
		"thirdperson_lefthand": {
			"scale": [0.3, 0.3, 0.3],
			"rotation": [30, 45, 0]
		},
		"firstperson_righthand": {
			"scale": [0.5, 0.5, 0.5],
			"rotation": [0, 90, 0],
			"translation": [0, 2, 0]
		},
		"firstperson_lefthand": {
			"scale": [0.5, 0.5, 0.5],
			"rotation": [0, 90, 0],
			"translation": [0, 2, 0]
		},
		"ground": {
			"scale": [0.4, 0.4, 0.4],
			"translation": [0, -1, 0]
		},
		"fixed": {
			"scale": [0.625, 0.625, 0.625],
			"rotation": [0, 0, 0],
			"translation": [0, -2, 0]
		},
		"gui": {
			"scale": [0.625, 0.625, 0.625],
			"rotation": [30, 135, 0],
			"translation": [0, 1, 0]
		}
	}
}