﻿{
	"credit": "Made with Blockbench, a free, modern block model editor by JannisX11",
	"textures": {
		"0": "block/quartz_block_top",
		"1": "block/quartz_pillar",
		"2": "block/glass",
		"3": "block/gray_concrete",
		"4": "block/end_rod",
		"5": "block/stone_slab_top",
		"particle": "block/quartz_block_top"
	},
	"elements": [
		{
			"from": [0, 0, 1],
			"to": [16, 1, 15],
			"faces": {
				"north": {"uv": [0, 0, 16, 1], "texture": "#0"},
				"east": {"uv": [0, 0, 14, 1], "texture": "#0"},
				"south": {"uv": [0, 0, 16, 1], "texture": "#0"},
				"west": {"uv": [0, 0, 14, 1], "texture": "#0"},
				"up": {"uv": [0, 0, 16, 14], "texture": "#0"},
				"down": {"uv": [0, 0, 16, 14], "texture": "#0"}
			}
		},
		{
			"from": [0, 1, 1],
			"to": [1, 10, 15],
			"faces": {
				"north": {"uv": [0, 0, 1, 9], "texture": "#1"},
				"east": {"uv": [0, 0, 14, 9], "texture": "#1"},
				"south": {"uv": [0, 0, 1, 9], "texture": "#1"},
				"west": {"uv": [0, 0, 14, 9], "texture": "#1"},
				"up": {"uv": [0, 0, 1, 14], "texture": "#1"},
				"down": {"uv": [0, 0, 1, 14], "texture": "#1"}
			}
		},
		{
			"from": [15, 1, 1],
			"to": [16, 10, 15],
			"faces": {
				"north": {"uv": [0, 0, 1, 9], "texture": "#1"},
				"east": {"uv": [0, 0, 14, 9], "texture": "#1"},
				"south": {"uv": [0, 0, 1, 9], "texture": "#1"},
				"west": {"uv": [0, 0, 14, 9], "texture": "#1"},
				"up": {"uv": [0, 0, 1, 14], "texture": "#1"},
				"down": {"uv": [0, 0, 1, 14], "texture": "#1"}
			}
		},
		{
			"from": [0, 10, 1],
			"to": [16, 11, 15],
			"faces": {
				"north": {"uv": [0, 0, 16, 1], "texture": "#0"},
				"east": {"uv": [0, 0, 14, 1], "texture": "#0"},
				"south": {"uv": [0, 0, 16, 1], "texture": "#0"},
				"west": {"uv": [0, 0, 14, 1], "texture": "#0"},
				"up": {"uv": [0, 0, 16, 14], "texture": "#0"},
				"down": {"uv": [0, 0, 16, 14], "texture": "#0"}
			}
		},
		{
			"from": [1, 1, 14],
			"to": [15, 10, 15],
			"faces": {
				"north": {"uv": [0, 0, 14, 9], "texture": "#1"},
				"east": {"uv": [0, 0, 1, 9], "texture": "#1"},
				"south": {"uv": [0, 0, 14, 9], "texture": "#1"},
				"west": {"uv": [0, 0, 1, 9], "texture": "#1"},
				"up": {"uv": [0, 0, 14, 1], "texture": "#1"},
				"down": {"uv": [0, 0, 14, 1], "texture": "#1"}
			}
		},
		{
			"from": [1, 1, 1],
			"to": [4, 9, 14],
			"faces": {
				"north": {"uv": [0, 0, 3, 8], "texture": "#1"},
				"east": {"uv": [0, 0, 13, 8], "texture": "#1"},
				"south": {"uv": [0, 0, 3, 8], "texture": "#1"},
				"west": {"uv": [0, 0, 13, 8], "texture": "#1"},
				"up": {"uv": [0, 0, 3, 13], "texture": "#1"},
				"down": {"uv": [0, 0, 3, 13], "texture": "#1"}
			}
		},
		{
			"from": [1, 9, 1],
			"to": [15, 10, 14],
			"faces": {
				"north": {"uv": [0, 0, 14, 1], "texture": "#0"},
				"east": {"uv": [0, 0, 13, 1], "texture": "#0"},
				"south": {"uv": [0, 0, 14, 1], "texture": "#0"},
				"west": {"uv": [0, 0, 13, 1], "texture": "#0"},
				"up": {"uv": [0, 0, 14, 13], "texture": "#0"},
				"down": {"uv": [0, 0, 14, 13], "texture": "#0"}
			}
		},
		{
			"from": [4, 1, 1.5],
			"to": [15, 9, 1.5],
			"faces": {
				"north": {"uv": [2, 2, 13, 10], "texture": "#2"},
				"east": {"uv": [0, 0, 0, 8], "texture": "#2"},
				"south": {"uv": [2, 2, 13, 10], "texture": "#2"},
				"west": {"uv": [0, 0, 0, 8], "texture": "#2"},
				"up": {"uv": [0, 0, 11, 0], "texture": "#2"},
				"down": {"uv": [0, 0, 11, 0], "texture": "#2"}
			}
		},
		{
			"from": [14, 1, 0.5],
			"to": [15, 9, 2],
			"faces": {
				"north": {"uv": [0, 0, 1, 8], "texture": "#3"},
				"east": {"uv": [0, 0, 1.5, 8], "texture": "#3"},
				"south": {"uv": [0, 0, 1, 8], "texture": "#3"},
				"west": {"uv": [0, 0, 1.5, 8], "texture": "#3"},
				"up": {"uv": [0, 0, 1, 1.5], "texture": "#3"},
				"down": {"uv": [0, 0, 1, 1.5], "texture": "#3"}
			}
		},
		{
			"from": [3.5, 1, 0.75],
			"to": [4.5, 9, 2.25],
			"faces": {
				"north": {"uv": [0, 3, 1, 11], "texture": "#4"},
				"east": {"uv": [0, 3, 1.5, 11], "texture": "#4"},
				"south": {"uv": [0, 3, 1, 11], "texture": "#4"},
				"west": {"uv": [0, 3, 1.5, 11], "texture": "#4"},
				"up": {"uv": [0, 0, 1, 1.5], "texture": "#4"},
				"down": {"uv": [0, 0, 1, 1.5], "texture": "#4"}
			}
		},
		{
			"from": [4, 1, 2],
			"to": [15, 1.25, 14],
			"faces": {
				"north": {"uv": [0, 0, 11, 0.25], "texture": "#5"},
				"east": {"uv": [0, 0, 12, 0.25], "texture": "#5"},
				"south": {"uv": [0, 0, 11, 0.25], "texture": "#5"},
				"west": {"uv": [0, 0, 12, 0.25], "texture": "#5"},
				"up": {"uv": [0, 0, 16, 16], "texture": "#5"},
				"down": {"uv": [0, 0, 16, 16], "texture": "#5"}
			}
		},
		{
			"from": [1.5, 3, 0.75],
			"to": [2.5, 4, 1.75],
			"faces": {
				"north": {"uv": [0, 0, 1, 1], "texture": "#5"},
				"east": {"uv": [0, 0, 1, 1], "texture": "#5"},
				"south": {"uv": [0, 0, 1, 1], "texture": "#5"},
				"west": {"uv": [0, 0, 1, 1], "texture": "#5"},
				"up": {"uv": [0, 0, 1, 1], "texture": "#5"},
				"down": {"uv": [0, 0, 1, 1], "texture": "#5"}
			}
		},
		{
			"from": [1.5, 7, 0.75],
			"to": [2.5, 8, 1.75],
			"faces": {
				"north": {"uv": [0, 0, 1, 1], "texture": "#5"},
				"east": {"uv": [0, 0, 1, 1], "texture": "#5"},
				"south": {"uv": [0, 0, 1, 1], "texture": "#5"},
				"west": {"uv": [0, 0, 1, 1], "texture": "#5"},
				"up": {"uv": [0, 0, 1, 1], "texture": "#5"},
				"down": {"uv": [0, 0, 1, 1], "texture": "#5"}
			}
		},
		{
			"from": [1.5, 5, 0.75],
			"to": [2.5, 6, 1.75],
			"faces": {
				"north": {"uv": [0, 0, 1, 1], "texture": "#5"},
				"east": {"uv": [0, 0, 1, 1], "texture": "#5"},
				"south": {"uv": [0, 0, 1, 1], "texture": "#5"},
				"west": {"uv": [0, 0, 1, 1], "texture": "#5"},
				"up": {"uv": [0, 0, 1, 1], "texture": "#5"},
				"down": {"uv": [0, 0, 1, 1], "texture": "#5"}
			}
		}
	],
	"display": {
		"thirdperson_righthand": {
			"scale": [0.5, 0.5, 0.5],
			"rotation": [0, 45, 0]
		},
		"thirdperson_lefthand": {
			"scale": [0.5, 0.5, 0.5],
			"rotation": [0, 45, 0]
		},
		"firstperson_righthand": {
			"translation": [2, 4, 0],
			"rotation": [-1, 120, 0]
		},
		"firstperson_lefthand": {
			"rotation": [0, 120, 0],
			"translation": [2, 4, 0]
		},
		"head": {
			"scale": [2.4, 2.4, 2.4],
			"translation": [0, -14, 0]
		},
		"gui": {
			"scale": [0.7, 0.7, 0.7],
			"rotation": [30, -135, 0],
			"translation": [0, 1, 0]
		}
	}
}