{
	"credit": "Made with Blockbench",
	"textures": {
		"0": "block/dispenser_front_vertical",
		"1": "block/dropper_front_vertical",
		"2": "block/anvil",
		"15": "block/furnace_top",
		"16": "block/furnace_side",
		"particle": "block/furnace_side"
	},
	"elements": [
		{
			"from": [0, 0, 0],
			"to": [16, 16, 16],
			"faces": {
				"north": {"uv": [0, 0, 16, 16], "texture": "#1"},
				"east": {"uv": [0, 0, 16, 16], "texture": "#16"},
				"south": {"uv": [0, 0, 16, 16], "texture": "#16"},
				"west": {"uv": [0, 0, 16, 16], "texture": "#16"},
				"up": {"uv": [0, 0, 16, 16], "texture": "#0"},
				"down": {"uv": [0, 0, 16, 16], "texture": "#15"}
			}
		},
		{
			"from": [0, 16, 0],
			"to": [10, 17, 6],
			"faces": {
				"north": {"uv": [0, 0, 10, 1], "texture": "#2"},
				"east": {"uv": [0, 0, 6, 1], "texture": "#2"},
				"south": {"uv": [0, 0, 10, 1], "texture": "#2"},
				"west": {"uv": [0, 0, 6, 1], "texture": "#2"},
				"up": {"uv": [0, 0, 10, 6], "texture": "#2"},
				"down": {"uv": [0, 0, 10, 6], "texture": "#2"}
			}
		},
		{
			"from": [6, 16, 10],
			"to": [16, 17, 16],
			"faces": {
				"north": {"uv": [0, 0, 10, 1], "texture": "#2"},
				"east": {"uv": [0, 0, 6, 1], "texture": "#2"},
				"south": {"uv": [0, 0, 10, 1], "texture": "#2"},
				"west": {"uv": [0, 0, 6, 1], "texture": "#2"},
				"up": {"uv": [0, 0, 10, 6], "texture": "#2"},
				"down": {"uv": [0, 0, 10, 6], "texture": "#2"}
			}
		},
		{
			"from": [0, 16, 6],
			"to": [6, 17, 16],
			"rotation": {"angle": 0, "axis": "y", "origin": [3, 16.5, 11]},
			"faces": {
				"north": {"uv": [0, 0, 6, 1], "texture": "#2"},
				"east": {"uv": [0, 0, 10, 1], "texture": "#2"},
				"south": {"uv": [0, 0, 6, 1], "texture": "#2"},
				"west": {"uv": [0, 0, 10, 1], "texture": "#2"},
				"up": {"uv": [0, 0, 10, 6], "texture": "#2", "rotation": 90},
				"down": {"uv": [0, 0, 10, 6], "texture": "#2", "rotation": 270}
			}
		},
		{
			"from": [10, 16, 0],
			"to": [16, 17, 10],
			"rotation": {"angle": 0, "axis": "y", "origin": [13, 16.5, 5]},
			"faces": {
				"north": {"uv": [0, 0, 6, 1], "texture": "#2"},
				"east": {"uv": [0, 0, 10, 1], "texture": "#2"},
				"south": {"uv": [0, 0, 6, 1], "texture": "#2"},
				"west": {"uv": [0, 0, 10, 1], "texture": "#2"},
				"up": {"uv": [0, 0, 10, 6], "texture": "#2", "rotation": 90},
				"down": {"uv": [0, 0, 10, 6], "texture": "#2", "rotation": 270}
			}
		},
		{
			"from": [0, 17, 0],
			"to": [15, 19, 1],
			"faces": {
				"north": {"uv": [0, 0, 15, 2], "texture": "#2"},
				"east": {"uv": [0, 0, 1, 2], "texture": "#2"},
				"south": {"uv": [0, 0, 15, 2], "texture": "#2"},
				"west": {"uv": [0, 0, 1, 2], "texture": "#2"},
				"up": {"uv": [0, 0, 15, 1], "texture": "#2"},
				"down": {"uv": [0, 0, 15, 1], "texture": "#2"}
			}
		},
		{
			"from": [1, 17, 15],
			"to": [16, 19, 16],
			"faces": {
				"north": {"uv": [0, 0, 15, 2], "texture": "#2"},
				"east": {"uv": [0, 0, 1, 2], "texture": "#2"},
				"south": {"uv": [0, 0, 15, 2], "texture": "#2"},
				"west": {"uv": [0, 0, 1, 2], "texture": "#2"},
				"up": {"uv": [0, 0, 15, 1], "texture": "#2"},
				"down": {"uv": [0, 0, 15, 1], "texture": "#2"}
			}
		},
		{
			"from": [0, 17, 1],
			"to": [1, 19, 16],
			"rotation": {"angle": 0, "axis": "y", "origin": [0.5, 22, 8.5]},
			"faces": {
				"north": {"uv": [0, 0, 1, 2], "texture": "#2"},
				"east": {"uv": [0, 0, 15, 2], "texture": "#2"},
				"south": {"uv": [0, 0, 1, 2], "texture": "#2"},
				"west": {"uv": [0, 0, 15, 2], "texture": "#2"},
				"up": {"uv": [0, 0, 15, 1], "texture": "#2", "rotation": 90},
				"down": {"uv": [0, 0, 15, 1], "texture": "#2", "rotation": 270}
			}
		},
		{
			"from": [15, 17, 0],
			"to": [16, 19, 15],
			"rotation": {"angle": 0, "axis": "y", "origin": [15.5, 22, 7.5]},
			"faces": {
				"north": {"uv": [0, 0, 1, 2], "texture": "#2"},
				"east": {"uv": [0, 0, 15, 2], "texture": "#2"},
				"south": {"uv": [0, 0, 1, 2], "texture": "#2"},
				"west": {"uv": [0, 0, 15, 2], "texture": "#2"},
				"up": {"uv": [0, 0, 15, 1], "texture": "#2", "rotation": 90},
				"down": {"uv": [0, 0, 15, 1], "texture": "#2", "rotation": 270}
			}
		}
	],
	"display": {
		"head": {
			"scale": [2.287, 2.287, 2.287],
			"translation": [0, -51.2, 0]
		},
		"thirdperson_righthand": {
			"scale": [0.3, 0.3, 0.3],
			"rotation": [30, 45, 0]
		},
		"thirdperson_lefthand": {
			"scale": [0.3, 0.3, 0.3],
			"rotation": [30, 45, 0]
		},
		"firstperson_righthand": {
			"scale": [0.5, 0.5, 0.5],
			"rotation": [22, 30, 0]
		},
		"firstperson_lefthand": {
			"scale": [0.5, 0.5, 0.5],
			"rotation": [22, 30, 0]
		},
		"ground": {
			"scale": [0.4, 0.4, 0.4],
			"translation": [0, -1, 0]
		},
		"fixed": {
			"scale": [0.625, 0.625, 0.625],
			"rotation": [0, 45, 0],
			"translation": [0, -2, 0]
		},
		"gui": {
			"scale": [0.5, 0.5, 0.5],
			"rotation": [30, 135, 0],
			"translation": [0, -1.5, 0]
		}
	},
	"groups": [
		{
			"name": "mine_machine_off",
			"isOpen": true,
			"shade": true,
			"display": {
				"visibility": true,
				"autouv": true
			},
			"children": [0, 1, 2, 3, 4]
		}, 5, 6, 7, 8]
}