﻿{
	"credit": "Made with Blockbench, a free, modern block model editor by JannisX11",
	"textures": {
		"0": "block/oak_planks",
		"1": "block/nether_bricks",
		"2": "block/stone_slab_top",
		"particle": "block/nether_bricks"
	},
	"elements": [
		{
			"from": [1, 3, 14],
			"to": [15, 13, 16],
			"rotation": {"angle": 0, "axis": "x", "origin": [8, 1, 8]},
			"faces": {
				"north": {"uv": [0, 0, 14, 10], "texture": "#1", "rotation": 180},
				"east": {"uv": [0, 0, 10, 2], "texture": "#1", "rotation": 90},
				"south": {"uv": [0, 0, 14, 10], "texture": "#1"},
				"west": {"uv": [0, 0, 10, 2], "texture": "#1", "rotation": 270},
				"up": {"uv": [0, 0, 14, 2], "texture": "#1"},
				"down": {"uv": [0, 0, 14, 2], "texture": "#1", "rotation": 180}
			}
		},
		{
			"from": [11, 7, 13],
			"to": [13, 9, 14],
			"rotation": {"angle": 0, "axis": "x", "origin": [12, -2, 4.5]},
			"faces": {
				"north": {"uv": [0, 0, 2, 2], "texture": "#1", "rotation": 180},
				"east": {"uv": [0, 0, 2, 3], "texture": "#1", "rotation": 90},
				"south": {"uv": [0, 0, 2, 2], "texture": "#1"},
				"west": {"uv": [0, 0, 2, 3], "texture": "#1", "rotation": 270},
				"up": {"uv": [0, 0, 2, 3], "texture": "#1"},
				"down": {"uv": [0, 0, 2, 3], "texture": "#1", "rotation": 180}
			}
		},
		{
			"from": [2, 3.5, 12],
			"to": [14, 12.5, 13],
			"rotation": {"angle": 0, "axis": "x", "origin": [12, 1, 1.5]},
			"faces": {
				"north": {"uv": [0, 0, 12, 9], "texture": "#0", "rotation": 180},
				"east": {"uv": [0, 0, 9, 1], "texture": "#0", "rotation": 90},
				"south": {"uv": [0, 0, 12, 9], "texture": "#0"},
				"west": {"uv": [0, 0, 9, 1], "texture": "#0", "rotation": 270},
				"up": {"uv": [0, 0, 12, 1], "texture": "#0"},
				"down": {"uv": [0, 0, 12, 1], "texture": "#0", "rotation": 180}
			}
		},
		{
			"from": [3, 7, 13],
			"to": [5, 9, 14],
			"rotation": {"angle": 0, "axis": "x", "origin": [4, -2, 4.5]},
			"faces": {
				"north": {"uv": [0, 0, 2, 2], "texture": "#1", "rotation": 180},
				"east": {"uv": [0, 0, 2, 3], "texture": "#1", "rotation": 90},
				"south": {"uv": [0, 0, 2, 2], "texture": "#1"},
				"west": {"uv": [0, 0, 2, 3], "texture": "#1", "rotation": 270},
				"up": {"uv": [0, 0, 2, 3], "texture": "#1"},
				"down": {"uv": [0, 0, 2, 3], "texture": "#1", "rotation": 180}
			}
		},
		{
			"from": [3, 6, 10],
			"to": [5, 7, 12],
			"rotation": {"angle": 0, "axis": "x", "origin": [3, -2.5, -0.5]},
			"faces": {
				"north": {"uv": [5, 3, 6, 4], "texture": "#2"},
				"east": {"uv": [6, 5, 10, 6], "texture": "#2"},
				"south": {"uv": [5, 3, 6, 4], "texture": "#2"},
				"west": {"uv": [6, 5, 10, 6], "texture": "#2"},
				"up": {"uv": [6, 5, 10, 6], "texture": "#2", "rotation": 90},
				"down": {"uv": [6, 5, 10, 6], "texture": "#2", "rotation": 270}
			}
		},
		{
			"from": [11, 6, 10],
			"to": [13, 7, 12],
			"rotation": {"angle": 0, "axis": "x", "origin": [3, -2.5, -0.5]},
			"faces": {
				"north": {"uv": [5, 3, 6, 4], "texture": "#2"},
				"east": {"uv": [6, 5, 10, 6], "texture": "#2"},
				"south": {"uv": [5, 3, 6, 4], "texture": "#2"},
				"west": {"uv": [6, 5, 10, 6], "texture": "#2"},
				"up": {"uv": [6, 5, 10, 6], "texture": "#2", "rotation": 90},
				"down": {"uv": [6, 5, 10, 6], "texture": "#2", "rotation": 270}
			}
		},
		{
			"from": [3, 7, 11],
			"to": [5, 9, 12],
			"rotation": {"angle": 0, "axis": "x", "origin": [3, -2.5, -0.5]},
			"faces": {
				"north": {"uv": [6, 5, 10, 6], "texture": "#2", "rotation": 270},
				"east": {"uv": [6, 5, 10, 6], "texture": "#2", "rotation": 90},
				"south": {"uv": [6, 5, 10, 6], "texture": "#2", "rotation": 270},
				"west": {"uv": [6, 5, 10, 6], "texture": "#2", "rotation": 270},
				"up": {"uv": [5, 3, 6, 4], "texture": "#2"},
				"down": {"uv": [5, 3, 6, 4], "texture": "#2", "rotation": 180}
			}
		},
		{
			"from": [11, 7, 11],
			"to": [13, 9, 12],
			"rotation": {"angle": 0, "axis": "x", "origin": [3, -2.5, -0.5]},
			"faces": {
				"north": {"uv": [6, 5, 10, 6], "texture": "#2", "rotation": 270},
				"east": {"uv": [6, 5, 10, 6], "texture": "#2", "rotation": 90},
				"south": {"uv": [6, 5, 10, 6], "texture": "#2", "rotation": 270},
				"west": {"uv": [6, 5, 10, 6], "texture": "#2", "rotation": 270},
				"up": {"uv": [5, 3, 6, 4], "texture": "#2"},
				"down": {"uv": [5, 3, 6, 4], "texture": "#2", "rotation": 180}
			}
		}
	],
	"display": {
		"thirdperson_righthand": {
			"scale": [0.5, 0.5, 0.5],
			"rotation": [150, 0, 0]
		},
		"thirdperson_lefthand": {
			"scale": [0.5, 0.5, 0.5],
			"rotation": [150, 0, 0]
		},
		"firstperson_righthand": {
			"rotation": [30, -30, 0],
			"translation": [0, 3, 0]
		},
		"firstperson_lefthand": {
			"rotation": [30, -30, 0],
			"translation": [0, 3, 0]
		},
		"head": {
			"scale": [2.4, 2.4, 2.4],
			"translation": [0, -12.5, 0]
		},
		"ground": {
			"translation": [0, 0, 0]
		},
		"fixed": {
			"rotation": [0, 0, 0],
			"translation": [0, 0, -7]
		},
		"gui": {
			"scale": [0.7, 0.7, 0.7],
			"rotation": [30, -135, 0],
			"translation": [3.5, -1, 0]
		}
	}
}