{
	"credit": "Made with Blockbench",
	"textures": {
		"0": "block/gray_wool",
		"4": "block/black_concrete",
		"5": "block/gray_concrete",
		"particle": "block/gray_wool"
	},
	"elements": [
		{
			"from": [3, 8, 13.85],
			"to": [13, 23, 14.45],
			"rotation": {"angle": 0, "axis": "x", "origin": [7, 8, 12]},
			"faces": {
				"north": {"uv": [0, 0, 10, 15], "texture": "#0", "rotation": 180},
				"east": {"uv": [0, 0, 15, 0.6], "texture": "#0", "rotation": 270},
				"south": {"uv": [0, 0, 10, 15], "texture": "#0"},
				"west": {"uv": [0, 0, 15, 0.6], "texture": "#0", "rotation": 90},
				"up": {"uv": [0, 0, 10, 0.6], "texture": "#0", "rotation": 180},
				"down": {"uv": [0, 0, 10, 0.6], "texture": "#0"}
			}
		},
		{
			"from": [3, 7.85, 2],
			"to": [13, 8.45, 14],
			"rotation": {"angle": 0, "axis": "x", "origin": [7, 9, 12]},
			"faces": {
				"north": {"uv": [0, 0, 10, 0.6], "texture": "#0", "rotation": 180},
				"east": {"uv": [0, 0, 12, 0.6], "texture": "#0", "rotation": 180},
				"south": {"uv": [0, 0, 10, 0.6], "texture": "#0", "rotation": 180},
				"west": {"uv": [0, 0, 12, 0.6], "texture": "#0", "rotation": 180},
				"up": {"uv": [0, 0, 10, 12], "texture": "#0"},
				"down": {"uv": [0, 0, 10, 12], "texture": "#0"}
			}
		},
		{
			"from": [4.5, 7, 4],
			"to": [11.5, 8, 12],
			"faces": {
				"north": {"uv": [0, 0, 7, 1], "texture": "#4"},
				"east": {"uv": [0, 0, 8, 1], "texture": "#4"},
				"south": {"uv": [0, 0, 7, 1], "texture": "#4"},
				"west": {"uv": [0, 0, 8, 1], "texture": "#4"},
				"up": {"uv": [0, 0, 7, 8], "texture": "#4"},
				"down": {"uv": [0, 0, 7, 8], "texture": "#4"}
			}
		},
		{
			"from": [12.5, 7.5, 5],
			"to": [13.5, 12.5, 6],
			"rotation": {"angle": -22.5, "axis": "x", "origin": [13, 10, 5.5]},
			"faces": {
				"north": {"uv": [0, 0, 1, 5], "texture": "#5"},
				"east": {"uv": [0, 0, 1, 5], "texture": "#5"},
				"south": {"uv": [0, 0, 1, 5], "texture": "#5"},
				"west": {"uv": [0, 0, 1, 5], "texture": "#5"},
				"up": {"uv": [0, 0, 1, 1], "texture": "#5"},
				"down": {"uv": [0, 0, 1, 1], "texture": "#5"}
			}
		},
		{
			"from": [2.5, 7.5, 5],
			"to": [3.5, 12.5, 6],
			"rotation": {"angle": -22.5, "axis": "x", "origin": [3, 10, 5.5]},
			"faces": {
				"north": {"uv": [0, 0, 1, 5], "texture": "#5"},
				"east": {"uv": [0, 0, 1, 5], "texture": "#5"},
				"south": {"uv": [0, 0, 1, 5], "texture": "#5"},
				"west": {"uv": [0, 0, 1, 5], "texture": "#5"},
				"up": {"uv": [0, 0, 1, 1], "texture": "#5"},
				"down": {"uv": [0, 0, 1, 1], "texture": "#5"}
			}
		},
		{
			"from": [12, 12, 1],
			"to": [14, 12.5, 14],
			"faces": {
				"north": {"uv": [0, 0, 2, 0.5], "texture": "#5"},
				"east": {"uv": [0, 0, 13, 0.5], "texture": "#5"},
				"south": {"uv": [0, 0, 2, 0.5], "texture": "#5"},
				"west": {"uv": [0, 0, 13, 0.5], "texture": "#5"},
				"up": {"uv": [0, 0, 2, 13], "texture": "#5"},
				"down": {"uv": [0, 0, 2, 13], "texture": "#5"}
			}
		},
		{
			"from": [2, 12, 1],
			"to": [4, 12.5, 14],
			"faces": {
				"north": {"uv": [0, 0, 2, 0.5], "texture": "#5"},
				"east": {"uv": [0, 0, 13, 0.5], "texture": "#5"},
				"south": {"uv": [0, 0, 2, 0.5], "texture": "#5"},
				"west": {"uv": [0, 0, 13, 0.5], "texture": "#5"},
				"up": {"uv": [0, 0, 2, 13], "texture": "#5"},
				"down": {"uv": [0, 0, 2, 13], "texture": "#5"}
			}
		}
	],
	"display": {
		"thirdperson_righthand": {
			"scale": [0.5, 0.5, 0.5],
			"rotation": [0, 135, 0]
		},
		"head": {
			"scale": [2.4, 2.4, 2.4],
			"translation": [0, -14, 0]
		},
		"fixed": {
			"scale": [0.5, 0.5, 0.5],
			"rotation": [0, 90, 0],
			"translation": [0, -3, 0]
		},
		"gui": {
			"scale": [0.5, 0.5, 0.5],
			"rotation": [30, 135, 0],
			"translation": [0, -3, 0]
		},
		"firstperson_lefthand": {
			"scale": [0.6, 0.6, 0.6],
			"translation": [0, 4, 0],
			"rotation": [15, 120, 0]
		},
		"firstperson_righthand": {
			"scale": [0.6, 0.6, 0.6],
			"rotation": [15, 120, 0],
			"translation": [0, 4, 0]
		},
		"thirdperson_lefthand": {
			"scale": [0.5, 0.5, 0.5],
			"rotation": [0, 135, 0]
		}
	}
}