{
	"pools": [
		{
			"rolls": 1,
			"entries": [
				{
					"type": "item",
					"name": "minecraft:bat_spawn_egg",
					"functions": [
						{
							"function": "set_nbt",
							"tag": "{id:\"rf:desk_stone\",CustomModelData:15470208,EntityTag:{CustomName:\"{\\\"text\\\":\\\"Desk\\\"}\",NoAI:1b,Silent:1b,DeathLootTable:empty,Tags:[\"Desk\"],HandItems:[{id:\"minecraft:stone\",Count:1b,tag:{Top:6b,Bottom:8b}},{}],ActiveEffects:[{Id:14,Amplifier:1,Duration:199999980,ShowParticles:0b}]},display:{Name:\"{\\\"translate\\\":\\\"item.rfcraft.desk_stone\\\"}\"}}"
						}
					]
				}
			]
		}
	]
}